MODULO,CARPETA,ESTADO_MOTOR,ESTRUCTURA,DRIVERS,VALIDACION_FISICA,PRECIOS,EVIDENCIA,TESTS,LISTO_APP,LISTO_DECISION_REAL,OBSERVACIONES
Mercado,01_mercado,TERMINADO_ESTRUCTURALMENTE (documental),COMPLETA,NO_APLICA (contexto),NO_APLICA,"PENDIENTE (series DPV-005, DPV-013)",[PVDP]: 0 cifras leídas en original (DPV-009),sin modelo,PARCIAL (solo contexto rotulado [PVDP]),FALSE,"Contexto, no input del motor; no alimenta ingresos"
Exportación (módulo futuro de mercado),17_exportacion,FUTURO,COMPLETA (marco A/B/C/D),PARCIAL (net-back sin precios),NO_APLICA,"PENDIENTE (precios internacionales no usables, SUP-018)",[PVDP]; China no disponible (DPV-035),sin modelo,FALSE (canal exportación del motor existe pero sin inputs),FALSE,"Halal y exportación se incorporan como canal, CAPEX/OPEX (HAL-*) y riesgo sin duplicar (ver auditoria_final_motor_v1.md §13–14)"
Demanda,02_clientes_demanda,TERMINADO_ESTRUCTURALMENTE,"COMPLETA (categorías A–D, niveles 0–6, escenarios de prueba)",COMPLETOS como escenarios de prueba,NO_APLICA,NO_APLICA,Demanda documentada A+B ≈ 0; 90 supermercados = canal POTENCIAL (C),consumida por 21 (tests E08; F02; F10) e integración (DM01–DM03),TRUE (input del usuario rotulado ESCENARIO),FALSE,Ningún comprador confirmado; el modo evidencia no vende nada
Producción primaria,03_produccion_primaria,TERMINADO_ESTRUCTURALMENTE,COMPLETA,"COMPLETOS (72 escenarios; pollitos, mortalidad, FCR, peso, ciclos, m², alimento)","PENDIENTE (DPV-044, DPV-048)",NO_APLICA,[PVDP] y supuestos,10 chequeos OK (72–216 casos c/u),TRUE,FALSE,14B y 19 consumen sus drivers sin recalcular
Balance de masa,04_balance_masa,TERMINADO_ESTRUCTURALMENTE,COMPLETA,COMPLETOS (6 pesos; rutas exclusivas; agua separada),"PENDIENTE (ensayo en planta DPV-060, DEC-028)",NO_APLICA,modelo sin datos de planta argentina,21/21 + BM01–BM03 (integración),TRUE,FALSE,El modo evidencia no acepta sus rendimientos sin ensayo (TF-069)
Productos y subproductos,06_productos / 07_subproductos,TERMINADO_ESTRUCTURALMENTE,COMPLETA (39 salidas),COMPLETOS (kg/ave),PENDIENTE,PENDIENTE (44 precios; DPV-070 a DPV-081),sin compradores,9/9,TRUE (kg); FALSE (precios),FALSE,Ningún precio de venta E1–E3
Escala,23_plan_expansion,TERMINADO_ESTRUCTURALMENTE,COMPLETA,COMPLETOS (capacidad nominal / operativa / utilización; 250/300 d),PENDIENTE (escala mínima eficiente DPV-083),NO_APLICA,escenarios,23/23; 22/22 mut.,TRUE,FALSE,"Sin escala elegida (DEC-001, DEC-033)"
Proceso industrial,05_proceso_industrial,TERMINADO_ESTRUCTURALMENTE,COMPLETA (32 etapas),"COMPLETOS (ritmo, ecuación de 24 h)","PENDIENTE (capacidad real DPV-088, DPV-097)",NO_APLICA,capacidades de fabricante = nominales,18/18; 9/9 mut.,TRUE,FALSE,Capacidad comercial ≠ nominal (T18-05)
Maquinaria conceptual,08_maquinaria,TERMINADO_ESTRUCTURALMENTE (catálogo),COMPLETA (76 equipos),PARCIAL (sin lista de cargas DPV-095),PENDIENTE,PENDIENTE (RFQ no enviado),[PVDP] salvo 3 fabricantes,sin suite propia (consumida por 19),PARCIAL,FALSE,Sin proveedor (DEC-049)
Normativa,16_normativa_senasa,TERMINADO_ESTRUCTURALMENTE (documental),COMPLETA (64 requisitos),NO_APLICA,PENDIENTE (consulta SENASA),NO_APLICA,0 normas leídas en original,sin modelo,PARCIAL (requisitos como checklist),FALSE,Plazos reales PENDIENTES (DPV-086)
Agua y efluentes,11_agua_efluentes,TERMINADO_ESTRUCTURALMENTE,COMPLETA (cinco aguas; dos métodos de DQO),PARCIAL (lodos PENDIENTES),"PENDIENTE (DPV-053, DPV-114)",PENDIENTE,top-down [PVDP],30/30; 20/20 mut.; UT03,TRUE (sensibilidad rotulada),FALSE,Subproductos ≠ sólidos del efluente; lodos sin dimensionar (TF-007)
Energía y frío,12_energia_frio,TERMINADO_ESTRUCTURALMENTE,COMPLETA,"PARCIAL (pico, carga frigorífica total y grupo PENDIENTES)","PENDIENTE (DPV-095, DPV-109)",PENDIENTE (tarifas),"top-down [PVDP]; brecha ×5,7 sin cerrar",comparte suite con 11; UT01 (integración),TRUE (sensibilidad rotulada),FALSE,Electricidad de frío incluida una sola vez en UT-ELE-KWH
Localización,10_localizacion,TERMINADO_ESTRUCTURALMENTE,COMPLETA (13 corredores; gates duros/condicionales separados),COMPLETOS (45 subcriterios),PENDIENTE (0/624 celdas verificadas),NO_APLICA,35 celdas [PVDP],28/28,PARCIAL (sin ranking válido),FALSE,Contacto en Chaco con peso 0 (T28); sin ranking definitivo
Logística,13_logistica,TERMINADO_ESTRUCTURALMENTE (físico),COMPLETA (7 flujos),COMPLETOS como escenario (capacidades de vehículo de escenario),"PENDIENTE (DPV-042, DPV-036)",PENDIENTE (logística económica),escenarios,28/28,PARCIAL (físico sí; costos no),FALSE,Sensibilidades de tiempo/distancia ≠ reglas regulatorias
Layout y terreno,09_layout_obra_civil,TERMINADO_ESTRUCTURALMENTE,COMPLETA (54 áreas),PARCIAL (23 áreas PROXY),PENDIENTE (sin layout constructivo),NO_APLICA,proxies,22/22; 7/7 mut.,PARCIAL (orden de magnitud),FALSE,Terreno conceptual ≠ terreno obligatorio; adquisición = DEC-063
Recursos humanos,18_recursos_humanos,TERMINADO_ESTRUCTURALMENTE,COMPLETA (unidades separadas),PARCIAL (headcount de nómina PENDIENTE; upstream sin dotación),PENDIENTE (DPV-146 a DPV-152),PENDIENTE (plantilla salarial vacía),coeficientes [SUPUESTO],24/24; 13/13 mut.,TRUE (FTE 14A rotulado como universo industrial),FALSE,FTE 14A ≠ dotación de la empresa integrada (UT02)
"Upstream: incubación, alimento, granjas",14_alimento_balanceado / 15_incubacion,TERMINADO_ESTRUCTURALMENTE,COMPLETA,"COMPLETOS físicos (setter/hatcher, t/h, silos); RRHH y utilities PENDIENTES",PENDIENTE (DPV-153 a DPV-159),PENDIENTE,benchmarks [PVDP],21/21,TRUE,FALSE,Stock físico ≠ stock propiedad de la empresa
CAPEX,19_capex,TERMINADO_ESTRUCTURALMENTE,COMPLETA (BOQ por arquitectura y escala),COMPLETOS con procedencia (82 tests); 7–8 conceptos sin cantidad por arquitectura,PENDIENTE (cotizaciones),"PENDIENTE: 0–2,3 % de conceptos con precio, todos E4",E4 [PVDP],82/82; 10/10 mut.,TRUE (estructura y faltantes),FALSE,CAPEX total NO DISPONIBLE; faltante ≠ 0
OPEX,20_opex,TERMINADO_ESTRUCTURALMENTE,COMPLETA (estructural 100 %),PARCIALES (física 43–73 %),PENDIENTE,PENDIENTE: costeo por bloques 0–10 %,E4 [PVDP],78/78; 14/14 mut.,TRUE (estructura y faltantes),FALSE,Ninguna arquitectura costeable
Capital de trabajo,20_opex / 21_modelo_financiero,TERMINADO_ESTRUCTURALMENTE,COMPLETA (inventarios propios + CxC + caja − CxP; flujo con ΔCT),"PENDIENTES (días de cobro, pago y stock: DPV-175)",NO_APLICA,PENDIENTE,ninguna,"CT01, E2E02 (integración) + suites 20/21",TRUE,FALSE,CAPITAL_TRABAJO = PENDIENTE
Modelo financiero,21_modelo_financiero,TERMINADO_ESTRUCTURALMENTE,COMPLETA (17 bloques; modos EVIDENCIA/ESCENARIO),PENDIENTES en el proyecto: 15/17 bloques sin evidencia,NO_APLICA,PENDIENTE,0 de 61 corridas publicables,"70/70; 25/25 mut.; E2E01–E2E05, FI01–FI05",TRUE,FALSE,Rentabilidad NO CALCULABLE con datos reales
Riesgo y sensibilidades,22_riesgos,TERMINADO_ESTRUCTURALMENTE,"COMPLETA (registro de 34 riesgos; one-way, 2D, stress, quiebre, Monte Carlo)",PENDIENTES (probabilidades y distribuciones del proyecto),NO_APLICA,NO_APLICA,frecuencia sectorial ≠ probabilidad; MC NO_DISPONIBLE,69/69; 27/27 mut.; RI01–RI05,TRUE (en ESCENARIO),FALSE,Universo evidencia no se perturba
Optimizador,22_riesgos,TERMINADO_ESTRUCTURALMENTE,COMPLETA (54 alternativas + status quo; espacio de 2.592 combinaciones clasificado),consume el motor financiero,NO_APLICA,NO_APLICA,OPTIMIZACION_REAL_NO_DISPONIBLE (0/54 con VAN publicable),69/69 (compartida); OP01–OP07; 11/11 mut. de integración,TRUE (en ESCENARIO),FALSE,Pareto/robustez del proyecto NO_INFORMATIVOS hasta tener alternativas comparables
Simulador HTML v0.1,23_plan_expansion/simulador_html,TERMINADO_ESTRUCTURALMENTE (v0.1 físico),COMPLETA para física,reproduce 03/04/07/23,NO_APLICA,NO_APLICA,modelo,20/20 validaciones,NO (la app v1 consumirá interfaz_app_v1.md),FALSE,Sin economía; no es la app v1
Integración del motor (auditoría final),00_gestion_proyecto,TERMINADO_ESTRUCTURALMENTE,"COMPLETA (IDs, arquitecturas, unidades, tiempo, moneda, evidencia)",NO_APLICA,NO_APLICA,NO_APLICA,NO_APLICA,tests_integracion_motor.py (ver registro_tests_final.csv),TRUE,FALSE,Contrato de la app en interfaz_app_v1.md
