CONFIGURACION,TIPO,VARIANTE_DE,DEFINICION_FUENTE,ESCENARIO_REFERENCIA,FAENA,GRANJAS,POLLITO,ALIMENTO,FLOTA,FRIO,SUBPRODUCTOS,RENDERING,CAPEX_APLICABLE,OPEX_APLICABLE,CAPITAL_TRABAJO_APLICABLE,ESTADO_FISICO,ESTADO_CAPEX,ESTADO_OPEX,COSTEABLE,EQUIVALENTE_14B,OBSERVACIONES
C0,CONFIGURACION_BASE,—,preset() de 19_capex/modelo_capex.py (consumido por config_opex de 20_opex),escalas 2.500 / 5.000 / 10.000 / 20.000 (referencia 10.000),propia=NO; façon,integradas (0 % propias),compra,façon (variante B1/B2 PENDIENTE; propiedad de MP PENDIENTE),tercero (todos los flujos),C_congelado_tercero (sin frío propio; frío del faenador),según contrato de façon (FAE-FACON-SUB); CAPEX A_externo sin activos,no,"Sí, mínimo: oficina, IT, mobiliario e indirectos (sin planta, terreno, frío ni utilities)","Sí: tarifa de façon, flete, alimento a façon, pollito, pago al integrado, estructura",Sí: alimento en silos de granja y aves en crianza (empresa aporta pollito y alimento); producto terminado propio en frío del faenador; MP en el elaborador solo con B1,"PARCIAL: estructura 100 %; bloques con cantidades 57.1 % (OPEX, 10.000 aves/día); ARQUITECTURA_OPERATIVAMENTE_COMPLETA = No",SIN_TOTAL: 0/21 conceptos con precio (todos E4 [PVDP]); cobertura por conceptos 0.0 %; cobertura por valor NO CALCULABLE; SIN_MONTO,SIN_TOTAL: 1/69 conceptos con precio (E4 [PVDP]); costeo por bloques 9.5 %; MONTOS_PARCIALES_E4_NO_COMPARABLES,FALSE,M0 parcial (M0 = alimento comprado y faena a façon posible; C0 = alimento a façon),Asset-light. Las horas del faenador quedan INCLUIDO_EN_TARIFA_FACON (no son FTE de la empresa)
C1,CONFIGURACION_BASE,—,preset() de 19_capex/modelo_capex.py (consumido por config_opex de 20_opex),escalas 2.500 / 5.000 / 10.000 / 20.000 (referencia 10.000),propia,integradas (0 % propias),compra,compra,tercero (todos los flujos),A_refrigerado (P1 con congelado propio mínimo),A_externo (lote L9 + retiro externo),no,"Sí: terreno, obra, proceso, frío, utilities, efluentes, subproductos L9, IT, laboratorio, indirectos, preoperativos, contingencia",Sí,"Sí: alimento en silos de granja, aves en crianza, producto terminado; alimento en fábrica proveedora NO (tercero)","PARCIAL: estructura 100 %; bloques con cantidades 61.5 % (OPEX, 10.000 aves/día); ARQUITECTURA_OPERATIVAMENTE_COMPLETA = No",SIN_TOTAL: 1/76 conceptos con precio (todos E4 [PVDP]); cobertura por conceptos 1.3 %; cobertura por valor NO CALCULABLE; MONTO_CON_REFERENCIAS_DEBILES_E4,SIN_TOTAL: 1/119 conceptos con precio (E4 [PVDP]); costeo por bloques 7.7 %; MONTOS_PARCIALES_E4_NO_COMPARABLES,FALSE,M1 (M1 = alimento compra o façon; C1 = compra),Planta de faena. Cajones con titularidad PENDIENTE (DEC-056)
C2,CONFIGURACION_BASE,—,preset() de 19_capex/modelo_capex.py (consumido por config_opex de 20_opex),escalas 2.500 / 5.000 / 10.000 / 20.000 (referencia 10.000),propia,mixto: 25 % propias / 75 % integradas,compra,façon (variante PENDIENTE),"mixta: propia en aves vivas, refrigerado y servicio; tercero en pollitos, alimento, congelado y subproductos",B_refrigerado_congelado (P2 con congelado propio),A_externo,no,Sí: C1 + túnel/cámaras de congelado + flota parcial + 25 % de galpones,Sí; granjas en dos filas PROPIA/INTEGRADA (SUP-188),Sí: como C1 + MP en el elaborador solo con B1,"PARCIAL: estructura 100 %; bloques con cantidades 56.1 % (OPEX, 10.000 aves/día); ARQUITECTURA_OPERATIVAMENTE_COMPLETA = No",SIN_TOTAL: 2/88 conceptos con precio (todos E4 [PVDP]); cobertura por conceptos 2.3 %; cobertura por valor NO CALCULABLE; MONTO_CON_REFERENCIAS_DEBILES_E4,SIN_TOTAL: 2/151 conceptos con precio (E4 [PVDP]); costeo por bloques 4.9 %; MONTOS_PARCIALES_E4_NO_COMPARABLES,FALSE,M2 (aprox.),Faena + activos selectivos. 89–93 % del monto con precio de CAPEX es una cota de prensa de galpones (T16-03)
C3,CONFIGURACION_BASE,—,preset() de 19_capex/modelo_capex.py (consumido por config_opex de 20_opex),escalas 2.500 / 5.000 / 10.000 / 20.000 (referencia 10.000),propia,propias 100 %,incubación propia (huevo fértil comprado),planta propia,propia (todos los flujos),B_refrigerado_congelado,B_basico_propio (tecnología PENDIENTE),no,Sí: C2 + incubadora (setter/hatcher separados) + planta de alimento + 100 % de galpones + flota completa + subproductos básicos,Sí; RRHH y utilities upstream PENDIENTES (14A y 09C no los cubren),"Sí: granos, MP y alimento propios, huevo fértil y WIP, aves en crianza, producto terminado","PARCIAL: estructura 100 %; bloques con cantidades 43.1 % (OPEX, 10.000 aves/día); ARQUITECTURA_OPERATIVAMENTE_COMPLETA = No",SIN_TOTAL: 2/138 conceptos con precio (todos E4 [PVDP]); cobertura por conceptos 1.4 %; cobertura por valor NO CALCULABLE; MONTO_CON_REFERENCIAS_DEBILES_E4,SIN_TOTAL: 1/216 conceptos con precio (E4 [PVDP]); costeo por bloques 0.0 %; MONTOS_PARCIALES_E4_NO_COMPARABLES,FALSE,NO equivale a M3 (M3 = integrados + propias; C3 = 100 % propias),Mayor integración. 97–98 % del monto con precio de CAPEX es la cota de prensa de galpones; el único precio OPEX es maíz Rosario sobre puerto
CF,CONFIGURACION_BASE,—,preset() de 19_capex/modelo_capex.py (consumido por config_opex de 20_opex),escalas 2.500 / 5.000 / 10.000 / 20.000 (referencia 10.000),propia,propias 100 %,incubación + reproductoras (FUTURO),planta propia,propia,B_refrigerado_congelado,B_basico_propio,"sí, FUTURO (fuera del CAPEX y OPEX iniciales)","Sí = C3; reproductoras y rendering con FASE = FUTURO (informativo, no suma)","Sí = C3; REP-* y rendering FUTURO (estructurados, no cuentan)",Como C3; reproductoras futuras,"PARCIAL: estructura 100 %; bloques con cantidades 43.1 % (OPEX, 10.000 aves/día); ARQUITECTURA_OPERATIVAMENTE_COMPLETA = No",SIN_TOTAL: 2/138 conceptos con precio (todos E4 [PVDP]); cobertura por conceptos 1.4 %; cobertura por valor NO CALCULABLE; MONTO_CON_REFERENCIAS_DEBILES_E4,SIN_TOTAL: 1/216 conceptos con precio (E4 [PVDP]); costeo por bloques 0.0 %; MONTOS_PARCIALES_E4_NO_COMPARABLES,FALSE,MF (con diferencias en granjas),Arquitectura futura. Montos iniciales idénticos a C3 por construcción (FUTURO no suma)
C0-FACON-MP-EMPRESA (B1),VARIANTE,C0,inputs explícitos sobre el preset de la base,C0-10000-FACON-MP-EMPRESA,propia=NO; façon,integradas (0 % propias),compra,façon (variante B1/B2 PENDIENTE; propiedad de MP PENDIENTE),tercero (todos los flujos),C_congelado_tercero (sin frío propio; frío del faenador),según contrato de façon (FAE-FACON-SUB); CAPEX A_externo sin activos,no,Igual a la base (variante solo de parámetros OPEX),Sí (alimento = façon con MP de la empresa),MP y alimento en el elaborador son de la empresa → entran al CT,"PARCIAL: estructura 100 %; bloques con cantidades 62.5 % (OPEX, 10.000 aves/día); ARQUITECTURA_OPERATIVAMENTE_COMPLETA = No",NO_CORRIDA_EN_CAPEX (no cambia activos respecto de la base),SIN_TOTAL: 2/76 conceptos con precio (E4 [PVDP]); costeo por bloques 8.3 %; MONTOS_PARCIALES_E4_NO_COMPARABLES,FALSE,—,Cambio respecto de C0: alimento = façon con MP de la empresa. Una variante no define una arquitectura nueva
C0-FACON-MP-ELABORADOR (B2),VARIANTE,C0,inputs explícitos sobre el preset de la base,C0-10000-FACON-MP-ELABORADOR,propia=NO; façon,integradas (0 % propias),compra,façon (variante B1/B2 PENDIENTE; propiedad de MP PENDIENTE),tercero (todos los flujos),C_congelado_tercero (sin frío propio; frío del faenador),según contrato de façon (FAE-FACON-SUB); CAPEX A_externo sin activos,no,Igual a la base (variante solo de parámetros OPEX),Sí (alimento = façon con MP del elaborador),MP del elaborador NO entran al CT,"PARCIAL: estructura 100 %; bloques con cantidades 60.0 % (OPEX, 10.000 aves/día); ARQUITECTURA_OPERATIVAMENTE_COMPLETA = No",NO_CORRIDA_EN_CAPEX (no cambia activos respecto de la base),SIN_TOTAL: 1/68 conceptos con precio (E4 [PVDP]); costeo por bloques 10.0 %; MONTOS_PARCIALES_E4_NO_COMPARABLES,FALSE,—,Cambio respecto de C0: alimento = façon con MP del elaborador. Una variante no define una arquitectura nueva
C2-FACON-MP-EMPRESA (B1),VARIANTE,C2,inputs explícitos sobre el preset de la base,C2-10000-FACON-MP-EMPRESA,propia,mixto: 25 % propias / 75 % integradas,compra,façon (variante PENDIENTE),"mixta: propia en aves vivas, refrigerado y servicio; tercero en pollitos, alimento, congelado y subproductos",B_refrigerado_congelado (P2 con congelado propio),A_externo,no,Igual a la base (variante solo de parámetros OPEX),Sí (alimento = façon con MP de la empresa),MP en el elaborador entran al CT,"PARCIAL: estructura 100 %; bloques con cantidades 59.1 % (OPEX, 10.000 aves/día); ARQUITECTURA_OPERATIVAMENTE_COMPLETA = No",NO_CORRIDA_EN_CAPEX (no cambia activos respecto de la base),SIN_TOTAL: 3/158 conceptos con precio (E4 [PVDP]); costeo por bloques 4.5 %; MONTOS_PARCIALES_E4_NO_COMPARABLES,FALSE,—,Cambio respecto de C2: alimento = façon con MP de la empresa. Una variante no define una arquitectura nueva
C1-congelado_tercero,VARIANTE,C1,inputs explícitos sobre el preset de la base,C1-10000-congelado_tercero,propia,integradas (0 % propias),compra,compra,tercero (todos los flujos),A_refrigerado (P1 con congelado propio mínimo),A_externo (lote L9 + retiro externo),no,Sí (frío = C (congelado tercerizado)),Igual a la base (variante solo de parámetros CAPEX),Producto congelado propio en frío de tercero entra al CT,Igual a la base,SIN_TOTAL: 1/76 conceptos con precio (todos E4 [PVDP]); cobertura por conceptos 1.3 %; cobertura por valor NO CALCULABLE; MONTO_CON_REFERENCIAS_DEBILES_E4,NO_CORRIDA_EN_OPEX (puede correrse con los mismos inputs; no se corrió en la sesión 17),FALSE,—,Cambio respecto de C1: frío = C (congelado tercerizado). Una variante no define una arquitectura nueva
C1-congelado_propio,VARIANTE,C1,inputs explícitos sobre el preset de la base,C1-10000-congelado_propio,propia,integradas (0 % propias),compra,compra,tercero (todos los flujos),A_refrigerado (P1 con congelado propio mínimo),A_externo (lote L9 + retiro externo),no,Sí (frío = B (P2 con congelado propio)),Igual a la base (variante solo de parámetros CAPEX),Igual a la base,Igual a la base,SIN_TOTAL: 1/76 conceptos con precio (todos E4 [PVDP]); cobertura por conceptos 1.3 %; cobertura por valor NO CALCULABLE; MONTO_CON_REFERENCIAS_DEBILES_E4,NO_CORRIDA_EN_OPEX (puede correrse con los mismos inputs; no se corrió en la sesión 17),FALSE,—,Cambio respecto de C1: frío = B (P2 con congelado propio). Una variante no define una arquitectura nueva
C1-subprod_basico,VARIANTE,C1,inputs explícitos sobre el preset de la base,C1-10000-subprod_basico,propia,integradas (0 % propias),compra,compra,tercero (todos los flujos),A_refrigerado (P1 con congelado propio mínimo),A_externo (lote L9 + retiro externo),no,Sí (subproductos = B básico propio),Igual a la base (variante solo de parámetros CAPEX),Igual a la base,Igual a la base,SIN_TOTAL: 1/77 conceptos con precio (todos E4 [PVDP]); cobertura por conceptos 1.3 %; cobertura por valor NO CALCULABLE; MONTO_CON_REFERENCIAS_DEBILES_E4,NO_CORRIDA_EN_OPEX (puede correrse con los mismos inputs; no se corrió en la sesión 17),FALSE,—,Cambio respecto de C1: subproductos = B básico propio. Una variante no define una arquitectura nueva
C1-llave_en_mano,VARIANTE,C1,inputs explícitos sobre el preset de la base,C1-10000-llave_en_mano,propia,integradas (0 % propias),compra,compra,tercero (todos los flujos),A_refrigerado (P1 con congelado propio mínimo),A_externo (lote L9 + retiro externo),no,Sí (línea llave en mano (L1–L5 hijos de L11)),Igual a la base (variante solo de parámetros CAPEX),Igual a la base,Igual a la base,SIN_TOTAL: 1/72 conceptos con precio (todos E4 [PVDP]); cobertura por conceptos 1.4 %; cobertura por valor NO CALCULABLE; MONTO_CON_REFERENCIAS_DEBILES_E4,NO_CORRIDA_EN_OPEX (puede correrse con los mismos inputs; no se corrió en la sesión 17),FALSE,—,Cambio respecto de C1: línea llave en mano (L1–L5 hijos de L11). Una variante no define una arquitectura nueva
C1-manual,VARIANTE,C1,inputs explícitos sobre el preset de la base,C1-10000-manual,propia,integradas (0 % propias),compra,compra,tercero (todos los flujos),A_refrigerado (P1 con congelado propio mínimo),A_externo (lote L9 + retiro externo),no,Sí (automatización manual),Igual a la base (variante solo de parámetros CAPEX),Igual a la base,Igual a la base,SIN_TOTAL: 1/76 conceptos con precio (todos E4 [PVDP]); cobertura por conceptos 1.3 %; cobertura por valor NO CALCULABLE; MONTO_CON_REFERENCIAS_DEBILES_E4,NO_CORRIDA_EN_OPEX (puede correrse con los mismos inputs; no se corrió en la sesión 17),FALSE,—,Cambio respecto de C1: automatización manual. Una variante no define una arquitectura nueva
C1-auto,VARIANTE,C1,inputs explícitos sobre el preset de la base,C1-10000-auto,propia,integradas (0 % propias),compra,compra,tercero (todos los flujos),A_refrigerado (P1 con congelado propio mínimo),A_externo (lote L9 + retiro externo),no,Sí (automatización automática),Igual a la base (variante solo de parámetros CAPEX),Igual a la base,Igual a la base,SIN_TOTAL: 1/76 conceptos con precio (todos E4 [PVDP]); cobertura por conceptos 1.3 %; cobertura por valor NO CALCULABLE; MONTO_CON_REFERENCIAS_DEBILES_E4,NO_CORRIDA_EN_OPEX (puede correrse con los mismos inputs; no se corrió en la sesión 17),FALSE,—,Cambio respecto de C1: automatización automática. Una variante no define una arquitectura nueva
C1-6dias,VARIANTE,C1,inputs explícitos sobre el preset de la base,C1-10000-6dias,propia,integradas (0 % propias),compra,compra,tercero (todos los flujos),A_refrigerado (P1 con congelado propio mínimo),A_externo (lote L9 + retiro externo),no,Sí (6 días de faena/semana (300 d/año)),Igual a la base (variante solo de parámetros CAPEX),Igual a la base,Igual a la base,SIN_TOTAL: 1/76 conceptos con precio (todos E4 [PVDP]); cobertura por conceptos 1.3 %; cobertura por valor NO CALCULABLE; MONTO_CON_REFERENCIAS_DEBILES_E4,NO_CORRIDA_EN_OPEX (puede correrse con los mismos inputs; no se corrió en la sesión 17),FALSE,—,Cambio respecto de C1: 6 días de faena/semana (300 d/año). Una variante no define una arquitectura nueva
C1-parque,VARIANTE,C1,inputs explícitos sobre el preset de la base,C1-10000-parque,propia,integradas (0 % propias),compra,compra,tercero (todos los flujos),A_refrigerado (P1 con congelado propio mínimo),A_externo (lote L9 + retiro externo),no,Sí (terreno en parque industrial (tipo de precio)),Igual a la base (variante solo de parámetros CAPEX),Igual a la base,Igual a la base,SIN_TOTAL: 1/75 conceptos con precio (todos E4 [PVDP]); cobertura por conceptos 1.3 %; cobertura por valor NO CALCULABLE; MONTO_CON_REFERENCIAS_DEBILES_E4,NO_CORRIDA_EN_OPEX (puede correrse con los mismos inputs; no se corrió en la sesión 17),FALSE,—,Cambio respecto de C1: terreno en parque industrial (tipo de precio). Una variante no define una arquitectura nueva
C1-rural,VARIANTE,C1,inputs explícitos sobre el preset de la base,C1-10000-rural,propia,integradas (0 % propias),compra,compra,tercero (todos los flujos),A_refrigerado (P1 con congelado propio mínimo),A_externo (lote L9 + retiro externo),no,Sí (terreno rural compatible (tipo de precio)),Igual a la base (variante solo de parámetros CAPEX),Igual a la base,Igual a la base,SIN_TOTAL: 1/76 conceptos con precio (todos E4 [PVDP]); cobertura por conceptos 1.3 %; cobertura por valor NO CALCULABLE; MONTO_CON_REFERENCIAS_DEBILES_E4,NO_CORRIDA_EN_OPEX (puede correrse con los mismos inputs; no se corrió en la sesión 17),FALSE,—,Cambio respecto de C1: terreno rural compatible (tipo de precio). Una variante no define una arquitectura nueva
C1-reserva20000,VARIANTE,C1,inputs explícitos sobre el preset de la base,C1-10000-reserva20000,propia,integradas (0 % propias),compra,compra,tercero (todos los flujos),A_refrigerado (P1 con congelado propio mínimo),A_externo (lote L9 + retiro externo),no,Sí (terreno con escala objetivo 20.000),Igual a la base (variante solo de parámetros CAPEX),Igual a la base,Igual a la base,SIN_TOTAL: 1/76 conceptos con precio (todos E4 [PVDP]); cobertura por conceptos 1.3 %; cobertura por valor NO CALCULABLE; MONTO_CON_REFERENCIAS_DEBILES_E4,NO_CORRIDA_EN_OPEX (puede correrse con los mismos inputs; no se corrió en la sesión 17),FALSE,—,Cambio respecto de C1: terreno con escala objetivo 20.000. Una variante no define una arquitectura nueva
C1-GN-RED,VARIANTE,C1,inputs explícitos sobre el preset de la base,C1-10000-GN-RED,propia,integradas (0 % propias),compra,compra,tercero (todos los flujos),A_refrigerado (P1 con congelado propio mínimo),A_externo (lote L9 + retiro externo),no,Igual a la base (variante solo de parámetros OPEX),Sí (combustible térmico gas natural; agua de red),Igual a la base,"PARCIAL: estructura 100 %; bloques con cantidades 61.5 % (OPEX, 10.000 aves/día); ARQUITECTURA_OPERATIVAMENTE_COMPLETA = No",NO_CORRIDA_EN_CAPEX (no cambia activos respecto de la base),SIN_TOTAL: 1/119 conceptos con precio (E4 [PVDP]); costeo por bloques 7.7 %; MONTOS_PARCIALES_E4_NO_COMPARABLES,FALSE,—,Cambio respecto de C1: combustible térmico gas natural; agua de red. Una variante no define una arquitectura nueva
C1-LIMPIEZA-TERC,VARIANTE,C1,inputs explícitos sobre el preset de la base,C1-10000-LIMPIEZA-TERC,propia,integradas (0 % propias),compra,compra,tercero (todos los flujos),A_refrigerado (P1 con congelado propio mínimo),A_externo (lote L9 + retiro externo),no,Igual a la base (variante solo de parámetros OPEX),Sí (limpieza tercerizada),Igual a la base,"PARCIAL: estructura 100 %; bloques con cantidades 61.5 % (OPEX, 10.000 aves/día); ARQUITECTURA_OPERATIVAMENTE_COMPLETA = No",NO_CORRIDA_EN_CAPEX (no cambia activos respecto de la base),SIN_TOTAL: 1/119 conceptos con precio (E4 [PVDP]); costeo por bloques 7.7 %; MONTOS_PARCIALES_E4_NO_COMPARABLES,FALSE,—,Cambio respecto de C1: limpieza tercerizada. Una variante no define una arquitectura nueva
C1-MANT-CONTRATO,VARIANTE,C1,inputs explícitos sobre el preset de la base,C1-10000-MANT-CONTRATO,propia,integradas (0 % propias),compra,compra,tercero (todos los flujos),A_refrigerado (P1 con congelado propio mínimo),A_externo (lote L9 + retiro externo),no,Igual a la base (variante solo de parámetros OPEX),Sí (mantenimiento por contrato (método)),Igual a la base,"PARCIAL: estructura 100 %; bloques con cantidades 65.4 % (OPEX, 10.000 aves/día); ARQUITECTURA_OPERATIVAMENTE_COMPLETA = No",NO_CORRIDA_EN_CAPEX (no cambia activos respecto de la base),SIN_TOTAL: 1/119 conceptos con precio (E4 [PVDP]); costeo por bloques 7.7 %; MONTOS_PARCIALES_E4_NO_COMPARABLES,FALSE,—,Cambio respecto de C1: mantenimiento por contrato (método). Una variante no define una arquitectura nueva
C1-FLETE-POR-UNIDAD,VARIANTE,C1,inputs explícitos sobre el preset de la base,C1-10000-FLETE-POR-UNIDAD,propia,integradas (0 % propias),compra,compra,tercero (todos los flujos),A_refrigerado (P1 con congelado propio mínimo),A_externo (lote L9 + retiro externo),no,Igual a la base (variante solo de parámetros OPEX),Sí (tarifa de flete por unidad),Igual a la base,"PARCIAL: estructura 100 %; bloques con cantidades 73.1 % (OPEX, 10.000 aves/día); ARQUITECTURA_OPERATIVAMENTE_COMPLETA = No",NO_CORRIDA_EN_CAPEX (no cambia activos respecto de la base),SIN_TOTAL: 1/119 conceptos con precio (E4 [PVDP]); costeo por bloques 7.7 %; MONTOS_PARCIALES_E4_NO_COMPARABLES,FALSE,—,Cambio respecto de C1: tarifa de flete por unidad. Una variante no define una arquitectura nueva
C1-PAGO-KG-VIVO,VARIANTE,C1,inputs explícitos sobre el preset de la base,C1-10000-PAGO-KG-VIVO,propia,integradas (0 % propias),compra,compra,tercero (todos los flujos),A_refrigerado (P1 con congelado propio mínimo),A_externo (lote L9 + retiro externo),no,Igual a la base (variante solo de parámetros OPEX),Sí (pago al integrado por kg vivo),Igual a la base,"PARCIAL: estructura 100 %; bloques con cantidades 65.4 % (OPEX, 10.000 aves/día); ARQUITECTURA_OPERATIVAMENTE_COMPLETA = No",NO_CORRIDA_EN_CAPEX (no cambia activos respecto de la base),SIN_TOTAL: 1/119 conceptos con precio (E4 [PVDP]); costeo por bloques 7.7 %; MONTOS_PARCIALES_E4_NO_COMPARABLES,FALSE,—,Cambio respecto de C1: pago al integrado por kg vivo. Una variante no define una arquitectura nueva
C1-HALAL,VARIANTE,C1,inputs explícitos sobre el preset de la base,C1-10000-HALAL,propia,integradas (0 % propias),compra,compra,tercero (todos los flujos),A_refrigerado (P1 con congelado propio mínimo),A_externo (lote L9 + retiro externo),no,Igual a la base (variante solo de parámetros OPEX),Sí (módulo halal opcional activado (HAL-* sin importes)),Igual a la base,"PARCIAL: estructura 100 %; bloques con cantidades 61.5 % (OPEX, 10.000 aves/día); ARQUITECTURA_OPERATIVAMENTE_COMPLETA = No",NO_CORRIDA_EN_CAPEX: CAPEX no tiene bloque halal; la inversión específica futura se incorporará como conceptos de la base (módulo futuro de mercado),SIN_TOTAL: 1/127 conceptos con precio (E4 [PVDP]); costeo por bloques 7.7 %; MONTOS_PARCIALES_E4_NO_COMPARABLES,FALSE,—,Cambio respecto de C1: módulo halal opcional activado (HAL-* sin importes). Una variante no define una arquitectura nueva
M0 (14B),REFERENCIA_MADUREZ_14B_NO_ES_CONFIGURACION_ECONOMICA,—,14_alimento_balanceado/integracion_upstream.md §3 (SUP-152),—,Pollito y alimento comprados; terceros (pollo vivo) y/o integrados; faena a façon posible,—,—,—,—,—,—,—,NO (no tiene preset CAPEX),NO (no tiene preset OPEX),NO,—,—,—,NO_APLICA,C0 (difiere en alimento: compra vs façon) o C1 si la faena es propia,Nomenclatura corregida en la reconciliación 16–17: M0–MF ≠ C0–CF. No se modificó ningún modelo
M1 (14B),REFERENCIA_MADUREZ_14B_NO_ES_CONFIGURACION_ECONOMICA,—,14_alimento_balanceado/integracion_upstream.md §3 (SUP-152),—,Planta propia; pollito comprado (≥ 2 proveedores); alimento compra o façon; integrados,—,—,—,—,—,—,—,NO (no tiene preset CAPEX),NO (no tiene preset OPEX),NO,—,—,—,NO_APLICA,C1 (alimento compra) o C1 con alimento a façon (no corrido),Nomenclatura corregida en la reconciliación 16–17: M0–MF ≠ C0–CF. No se modificó ningún modelo
M2 (14B),REFERENCIA_MADUREZ_14B_NO_ES_CONFIGURACION_ECONOMICA,—,14_alimento_balanceado/integracion_upstream.md §3 (SUP-152),—,Planta propia; pollito comprado; alimento façon o compra; más integrados y eventualmente galpones propios,—,—,—,—,—,—,—,NO (no tiene preset CAPEX),NO (no tiene preset OPEX),NO,—,—,—,NO_APLICA,C2 (25 % propias; façon) como caso particular,Nomenclatura corregida en la reconciliación 16–17: M0–MF ≠ C0–CF. No se modificó ningún modelo
M3 (14B),REFERENCIA_MADUREZ_14B_NO_ES_CONFIGURACION_ECONOMICA,—,14_alimento_balanceado/integracion_upstream.md §3 (SUP-152),—,Incubación con huevo fértil; planta de alimento propia; granjas integrados + propias,—,—,—,—,—,—,—,NO (no tiene preset CAPEX),NO (no tiene preset OPEX),NO,—,—,—,NO_APLICA,"Ninguna configuración económica exacta: C3 tiene granjas 100 % propias (para M3, correr C3 con granjas = mixto)",Nomenclatura corregida en la reconciliación 16–17: M0–MF ≠ C0–CF. No se modificó ningún modelo
MF (14B),REFERENCIA_MADUREZ_14B_NO_ES_CONFIGURACION_ECONOMICA,—,14_alimento_balanceado/integracion_upstream.md §3 (SUP-152),—,Reproductoras solo con justificación; planta de alimento propia; integrados + propias,—,—,—,—,—,—,—,NO (no tiene preset CAPEX),NO (no tiene preset OPEX),NO,—,—,—,NO_APLICA,CF con granjas 100 % propias (diferencia en granjas),Nomenclatura corregida en la reconciliación 16–17: M0–MF ≠ C0–CF. No se modificó ningún modelo
