CONFIGURACION,BLOQUE,ESTADO,QUE_EXISTE,QUE_FALTA,REGISTROS,BLOQUEA_RENTABILIDAD
C0,DEMANDA,PENDIENTE,Escenarios comerciales de prueba (02) y conversión a aves (04/23); red de ~90 supermercados como canal potencial,"Volúmenes, mix y condiciones validados; demanda A+B documentada ≈ 0; la demanda no define ni limita la escala","DPV-002, DPV-003, DPV-020, DPV-037, DPV-040; DEC-001, DEC-014",SÍ
C0,CANTIDADES_VENDIBLES,PARCIAL,"Balance de masa (04) y mapa de productos (06/07) por configuración de producto: kg por corte, menudencias, garras, subproductos",Validación en planta real (DPV-060) y mix comercial por canal (DPV-037); no hay asignación de cada parte a su mejor mercado con precio,"DPV-060, DPV-037, DEC-005, DEC-028",SÍ
C0,UTILIZACION_RAMP_UP,PENDIENTE,Estructura de ramp-up en OPEX (variable × u + fijo); etapas sin factor,Curva de utilización por período derivada de la demanda; ineficiencias del arranque; no se asume 100 %,"DEC-090, DPV-088, SUP-181",SÍ
C0,PRECIO_DE_VENTA,PENDIENTE,Referencias de precio de pollo y cortes en extractos [PVDP] (01_mercado); categorías de ingreso preparadas en interfaz_opex_finanzas.md §8,"Precios por producto, canal y mercado con condiciones (descuentos, fees, plazos); no se carga ningún precio","DPV-013, DPV-039, DPV-070, DPV-026; SUP-018",SÍ
C0,CAPEX,PARCIAL,"Motor estructural completo: 21 conceptos costeables a 10.000 aves/día; BOQ, terreno, expansión y RFQ",Precios: 0/21 con precio (E4 [PVDP]); cobertura por conceptos 0.0 %; por valor NO CALCULABLE; terreno PROVISIONAL; indirectos y contingencias sin %; no hay CAPEX total,"DPV-160 a DPV-169, DPV-087, DPV-051, DPV-093; DEC-063, DEC-083, DEC-084",SÍ
C0,OPEX,PARCIAL,Motor estructural completo: 69 conceptos costeables a 10.000 aves/día; estructura 100 %; física 57.1 %,"Precios: 1/69 con precio (E4 [PVDP]); costeo por bloques 9.5 %; ARQUITECTURA_COSTEABLE = No; salarios, utilities, contratos y logística sin precio; no hay OPEX total ni costo por ave/kg","DPV-050, 047, 148, 052, 170–177; DEC-086, DEC-088",SÍ
C0,CAPITAL_DE_TRABAJO,PENDIENTE,Fórmulas implementadas (inventarios propios + CxC + caja − CxP); inventarios físicos por propiedad,"Precios de compra, valuación de inventarios, ventas, días de cobro, pago y stock; CAPITAL_TRABAJO_TOTAL = PENDIENTE","DPV-175, DPV-039; DEC-089, DEC-091, DEC-079",SÍ
C0,IMPUESTOS,PENDIENTE,Frontera definida: CAPEX/OPEX antes de tratamiento fiscal; campos IVA en las bases,"IVA (débito/crédito), Ganancias, amortización impositiva, IIBB, tasas, derechos de exportación, regímenes","DPV-043, DPV-169, DPV-015",SÍ
C0,FINANCIAMIENTO,PENDIENTE,USD 2 M como escenario de referencia no comprometido (SUP-003),"Estructura de fondeo, condiciones, tasa, horizonte","DPV-001, DEC-007, DEC-010, DEC-092",SÍ
C0,EVIDENCIA,PENDIENTE,Todas las referencias monetarias son E4 [PVDP]; ningún precio E1–E3; ninguna fuente leída en original (DPV-009),"Cotizaciones, lecturas primarias, datos de campo",DPV-009; matriz_validacion_campo.csv,SÍ
C0,EXPORTACION_HALAL,PENDIENTE,Módulo futuro de mercado: HAL-* opcional en OPEX (sin importes); exportación = 0 en demanda (SUP-022),"Inversión específica (CAPEX sin bloque), costo recurrente, precios y acceso por destino (categorías A–D)","DPV-022, DPV-030, DPV-024; DEC-013",NO (base sin exportación)
C0,MODULOS_FUTUROS,NO_APLICA,—,—,—,NO
C1,DEMANDA,PENDIENTE,Escenarios comerciales de prueba (02) y conversión a aves (04/23); red de ~90 supermercados como canal potencial,"Volúmenes, mix y condiciones validados; demanda A+B documentada ≈ 0; la demanda no define ni limita la escala","DPV-002, DPV-003, DPV-020, DPV-037, DPV-040; DEC-001, DEC-014",SÍ
C1,CANTIDADES_VENDIBLES,PARCIAL,"Balance de masa (04) y mapa de productos (06/07) por configuración de producto: kg por corte, menudencias, garras, subproductos",Validación en planta real (DPV-060) y mix comercial por canal (DPV-037); no hay asignación de cada parte a su mejor mercado con precio,"DPV-060, DPV-037, DEC-005, DEC-028",SÍ
C1,UTILIZACION_RAMP_UP,PENDIENTE,Estructura de ramp-up en OPEX (variable × u + fijo); etapas sin factor,Curva de utilización por período derivada de la demanda; ineficiencias del arranque; no se asume 100 %,"DEC-090, DPV-088, SUP-181",SÍ
C1,PRECIO_DE_VENTA,PENDIENTE,Referencias de precio de pollo y cortes en extractos [PVDP] (01_mercado); categorías de ingreso preparadas en interfaz_opex_finanzas.md §8,"Precios por producto, canal y mercado con condiciones (descuentos, fees, plazos); no se carga ningún precio","DPV-013, DPV-039, DPV-070, DPV-026; SUP-018",SÍ
C1,CAPEX,PARCIAL,"Motor estructural completo: 76 conceptos costeables a 10.000 aves/día; BOQ, terreno, expansión y RFQ",Precios: 1/76 con precio (E4 [PVDP]); cobertura por conceptos 1.3 %; por valor NO CALCULABLE; terreno PROVISIONAL; indirectos y contingencias sin %; no hay CAPEX total,"DPV-160 a DPV-169, DPV-087, DPV-051, DPV-093; DEC-063, DEC-083, DEC-084",SÍ
C1,OPEX,PARCIAL,Motor estructural completo: 119 conceptos costeables a 10.000 aves/día; estructura 100 %; física 61.5 %,"Precios: 1/119 con precio (E4 [PVDP]); costeo por bloques 7.7 %; ARQUITECTURA_COSTEABLE = No; salarios, utilities, contratos y logística sin precio; no hay OPEX total ni costo por ave/kg","DPV-050, 047, 148, 052, 170–177; DEC-086, DEC-088",SÍ
C1,CAPITAL_DE_TRABAJO,PENDIENTE,Fórmulas implementadas (inventarios propios + CxC + caja − CxP); inventarios físicos por propiedad,"Precios de compra, valuación de inventarios, ventas, días de cobro, pago y stock; CAPITAL_TRABAJO_TOTAL = PENDIENTE","DPV-175, DPV-039; DEC-089, DEC-091, DEC-079",SÍ
C1,IMPUESTOS,PENDIENTE,Frontera definida: CAPEX/OPEX antes de tratamiento fiscal; campos IVA en las bases,"IVA (débito/crédito), Ganancias, amortización impositiva, IIBB, tasas, derechos de exportación, regímenes","DPV-043, DPV-169, DPV-015",SÍ
C1,FINANCIAMIENTO,PENDIENTE,USD 2 M como escenario de referencia no comprometido (SUP-003),"Estructura de fondeo, condiciones, tasa, horizonte","DPV-001, DEC-007, DEC-010, DEC-092",SÍ
C1,EVIDENCIA,PENDIENTE,Todas las referencias monetarias son E4 [PVDP]; ningún precio E1–E3; ninguna fuente leída en original (DPV-009),"Cotizaciones, lecturas primarias, datos de campo",DPV-009; matriz_validacion_campo.csv,SÍ
C1,EXPORTACION_HALAL,PENDIENTE,Módulo futuro de mercado: HAL-* opcional en OPEX (sin importes); exportación = 0 en demanda (SUP-022),"Inversión específica (CAPEX sin bloque), costo recurrente, precios y acceso por destino (categorías A–D)","DPV-022, DPV-030, DPV-024; DEC-013",NO (base sin exportación)
C1,MODULOS_FUTUROS,NO_APLICA,—,—,—,NO
C2,DEMANDA,PENDIENTE,Escenarios comerciales de prueba (02) y conversión a aves (04/23); red de ~90 supermercados como canal potencial,"Volúmenes, mix y condiciones validados; demanda A+B documentada ≈ 0; la demanda no define ni limita la escala","DPV-002, DPV-003, DPV-020, DPV-037, DPV-040; DEC-001, DEC-014",SÍ
C2,CANTIDADES_VENDIBLES,PARCIAL,"Balance de masa (04) y mapa de productos (06/07) por configuración de producto: kg por corte, menudencias, garras, subproductos",Validación en planta real (DPV-060) y mix comercial por canal (DPV-037); no hay asignación de cada parte a su mejor mercado con precio,"DPV-060, DPV-037, DEC-005, DEC-028",SÍ
C2,UTILIZACION_RAMP_UP,PENDIENTE,Estructura de ramp-up en OPEX (variable × u + fijo); etapas sin factor,Curva de utilización por período derivada de la demanda; ineficiencias del arranque; no se asume 100 %,"DEC-090, DPV-088, SUP-181",SÍ
C2,PRECIO_DE_VENTA,PENDIENTE,Referencias de precio de pollo y cortes en extractos [PVDP] (01_mercado); categorías de ingreso preparadas en interfaz_opex_finanzas.md §8,"Precios por producto, canal y mercado con condiciones (descuentos, fees, plazos); no se carga ningún precio","DPV-013, DPV-039, DPV-070, DPV-026; SUP-018",SÍ
C2,CAPEX,PARCIAL,"Motor estructural completo: 88 conceptos costeables a 10.000 aves/día; BOQ, terreno, expansión y RFQ",Precios: 2/88 con precio (E4 [PVDP]); cobertura por conceptos 2.3 %; por valor NO CALCULABLE; terreno PROVISIONAL; indirectos y contingencias sin %; no hay CAPEX total,"DPV-160 a DPV-169, DPV-087, DPV-051, DPV-093; DEC-063, DEC-083, DEC-084",SÍ
C2,OPEX,PARCIAL,Motor estructural completo: 151 conceptos costeables a 10.000 aves/día; estructura 100 %; física 56.1 %,"Precios: 2/151 con precio (E4 [PVDP]); costeo por bloques 4.9 %; ARQUITECTURA_COSTEABLE = No; salarios, utilities, contratos y logística sin precio; no hay OPEX total ni costo por ave/kg","DPV-050, 047, 148, 052, 170–177; DEC-086, DEC-088",SÍ
C2,CAPITAL_DE_TRABAJO,PENDIENTE,Fórmulas implementadas (inventarios propios + CxC + caja − CxP); inventarios físicos por propiedad,"Precios de compra, valuación de inventarios, ventas, días de cobro, pago y stock; CAPITAL_TRABAJO_TOTAL = PENDIENTE","DPV-175, DPV-039; DEC-089, DEC-091, DEC-079",SÍ
C2,IMPUESTOS,PENDIENTE,Frontera definida: CAPEX/OPEX antes de tratamiento fiscal; campos IVA en las bases,"IVA (débito/crédito), Ganancias, amortización impositiva, IIBB, tasas, derechos de exportación, regímenes","DPV-043, DPV-169, DPV-015",SÍ
C2,FINANCIAMIENTO,PENDIENTE,USD 2 M como escenario de referencia no comprometido (SUP-003),"Estructura de fondeo, condiciones, tasa, horizonte","DPV-001, DEC-007, DEC-010, DEC-092",SÍ
C2,EVIDENCIA,PENDIENTE,Todas las referencias monetarias son E4 [PVDP]; ningún precio E1–E3; ninguna fuente leída en original (DPV-009),"Cotizaciones, lecturas primarias, datos de campo",DPV-009; matriz_validacion_campo.csv,SÍ
C2,EXPORTACION_HALAL,PENDIENTE,Módulo futuro de mercado: HAL-* opcional en OPEX (sin importes); exportación = 0 en demanda (SUP-022),"Inversión específica (CAPEX sin bloque), costo recurrente, precios y acceso por destino (categorías A–D)","DPV-022, DPV-030, DPV-024; DEC-013",NO (base sin exportación)
C2,MODULOS_FUTUROS,NO_APLICA,—,—,—,NO
C3,DEMANDA,PENDIENTE,Escenarios comerciales de prueba (02) y conversión a aves (04/23); red de ~90 supermercados como canal potencial,"Volúmenes, mix y condiciones validados; demanda A+B documentada ≈ 0; la demanda no define ni limita la escala","DPV-002, DPV-003, DPV-020, DPV-037, DPV-040; DEC-001, DEC-014",SÍ
C3,CANTIDADES_VENDIBLES,PARCIAL,"Balance de masa (04) y mapa de productos (06/07) por configuración de producto: kg por corte, menudencias, garras, subproductos",Validación en planta real (DPV-060) y mix comercial por canal (DPV-037); no hay asignación de cada parte a su mejor mercado con precio,"DPV-060, DPV-037, DEC-005, DEC-028",SÍ
C3,UTILIZACION_RAMP_UP,PENDIENTE,Estructura de ramp-up en OPEX (variable × u + fijo); etapas sin factor,Curva de utilización por período derivada de la demanda; ineficiencias del arranque; no se asume 100 %,"DEC-090, DPV-088, SUP-181",SÍ
C3,PRECIO_DE_VENTA,PENDIENTE,Referencias de precio de pollo y cortes en extractos [PVDP] (01_mercado); categorías de ingreso preparadas en interfaz_opex_finanzas.md §8,"Precios por producto, canal y mercado con condiciones (descuentos, fees, plazos); no se carga ningún precio","DPV-013, DPV-039, DPV-070, DPV-026; SUP-018",SÍ
C3,CAPEX,PARCIAL,"Motor estructural completo: 138 conceptos costeables a 10.000 aves/día; BOQ, terreno, expansión y RFQ",Precios: 2/138 con precio (E4 [PVDP]); cobertura por conceptos 1.4 %; por valor NO CALCULABLE; terreno PROVISIONAL; indirectos y contingencias sin %; no hay CAPEX total,"DPV-160 a DPV-169, DPV-087, DPV-051, DPV-093; DEC-063, DEC-083, DEC-084",SÍ
C3,OPEX,PARCIAL,Motor estructural completo: 216 conceptos costeables a 10.000 aves/día; estructura 100 %; física 43.1 %,"Precios: 1/216 con precio (E4 [PVDP]); costeo por bloques 0.0 %; ARQUITECTURA_COSTEABLE = No; salarios, utilities, contratos y logística sin precio; RRHH y consumos upstream sin dimensionar; no hay OPEX total ni costo por ave/kg","DPV-050, 047, 148, 052, 170–177; DEC-086, DEC-088",SÍ
C3,CAPITAL_DE_TRABAJO,PENDIENTE,Fórmulas implementadas (inventarios propios + CxC + caja − CxP); inventarios físicos por propiedad,"Precios de compra, valuación de inventarios, ventas, días de cobro, pago y stock; CAPITAL_TRABAJO_TOTAL = PENDIENTE","DPV-175, DPV-039; DEC-089, DEC-091, DEC-079",SÍ
C3,IMPUESTOS,PENDIENTE,Frontera definida: CAPEX/OPEX antes de tratamiento fiscal; campos IVA en las bases,"IVA (débito/crédito), Ganancias, amortización impositiva, IIBB, tasas, derechos de exportación, regímenes","DPV-043, DPV-169, DPV-015",SÍ
C3,FINANCIAMIENTO,PENDIENTE,USD 2 M como escenario de referencia no comprometido (SUP-003),"Estructura de fondeo, condiciones, tasa, horizonte","DPV-001, DEC-007, DEC-010, DEC-092",SÍ
C3,EVIDENCIA,PENDIENTE,Todas las referencias monetarias son E4 [PVDP]; ningún precio E1–E3; ninguna fuente leída en original (DPV-009),"Cotizaciones, lecturas primarias, datos de campo",DPV-009; matriz_validacion_campo.csv,SÍ
C3,EXPORTACION_HALAL,PENDIENTE,Módulo futuro de mercado: HAL-* opcional en OPEX (sin importes); exportación = 0 en demanda (SUP-022),"Inversión específica (CAPEX sin bloque), costo recurrente, precios y acceso por destino (categorías A–D)","DPV-022, DPV-030, DPV-024; DEC-013",NO (base sin exportación)
C3,MODULOS_FUTUROS,NO_APLICA,—,—,—,NO
CF,DEMANDA,PENDIENTE,Escenarios comerciales de prueba (02) y conversión a aves (04/23); red de ~90 supermercados como canal potencial,"Volúmenes, mix y condiciones validados; demanda A+B documentada ≈ 0; la demanda no define ni limita la escala","DPV-002, DPV-003, DPV-020, DPV-037, DPV-040; DEC-001, DEC-014",SÍ
CF,CANTIDADES_VENDIBLES,PARCIAL,"Balance de masa (04) y mapa de productos (06/07) por configuración de producto: kg por corte, menudencias, garras, subproductos",Validación en planta real (DPV-060) y mix comercial por canal (DPV-037); no hay asignación de cada parte a su mejor mercado con precio,"DPV-060, DPV-037, DEC-005, DEC-028",SÍ
CF,UTILIZACION_RAMP_UP,PENDIENTE,Estructura de ramp-up en OPEX (variable × u + fijo); etapas sin factor,Curva de utilización por período derivada de la demanda; ineficiencias del arranque; no se asume 100 %,"DEC-090, DPV-088, SUP-181",SÍ
CF,PRECIO_DE_VENTA,PENDIENTE,Referencias de precio de pollo y cortes en extractos [PVDP] (01_mercado); categorías de ingreso preparadas en interfaz_opex_finanzas.md §8,"Precios por producto, canal y mercado con condiciones (descuentos, fees, plazos); no se carga ningún precio","DPV-013, DPV-039, DPV-070, DPV-026; SUP-018",SÍ
CF,CAPEX,PARCIAL,"Motor estructural completo: 138 conceptos costeables a 10.000 aves/día; BOQ, terreno, expansión y RFQ",Precios: 2/138 con precio (E4 [PVDP]); cobertura por conceptos 1.4 %; por valor NO CALCULABLE; terreno PROVISIONAL; indirectos y contingencias sin %; no hay CAPEX total,"DPV-160 a DPV-169, DPV-087, DPV-051, DPV-093; DEC-063, DEC-083, DEC-084",SÍ
CF,OPEX,PARCIAL,Motor estructural completo: 216 conceptos costeables a 10.000 aves/día; estructura 100 %; física 43.1 %,"Precios: 1/216 con precio (E4 [PVDP]); costeo por bloques 0.0 %; ARQUITECTURA_COSTEABLE = No; salarios, utilities, contratos y logística sin precio; RRHH y consumos upstream sin dimensionar; no hay OPEX total ni costo por ave/kg","DPV-050, 047, 148, 052, 170–177; DEC-086, DEC-088",SÍ
CF,CAPITAL_DE_TRABAJO,PENDIENTE,Fórmulas implementadas (inventarios propios + CxC + caja − CxP); inventarios físicos por propiedad,"Precios de compra, valuación de inventarios, ventas, días de cobro, pago y stock; CAPITAL_TRABAJO_TOTAL = PENDIENTE","DPV-175, DPV-039; DEC-089, DEC-091, DEC-079",SÍ
CF,IMPUESTOS,PENDIENTE,Frontera definida: CAPEX/OPEX antes de tratamiento fiscal; campos IVA en las bases,"IVA (débito/crédito), Ganancias, amortización impositiva, IIBB, tasas, derechos de exportación, regímenes","DPV-043, DPV-169, DPV-015",SÍ
CF,FINANCIAMIENTO,PENDIENTE,USD 2 M como escenario de referencia no comprometido (SUP-003),"Estructura de fondeo, condiciones, tasa, horizonte","DPV-001, DEC-007, DEC-010, DEC-092",SÍ
CF,EVIDENCIA,PENDIENTE,Todas las referencias monetarias son E4 [PVDP]; ningún precio E1–E3; ninguna fuente leída en original (DPV-009),"Cotizaciones, lecturas primarias, datos de campo",DPV-009; matriz_validacion_campo.csv,SÍ
CF,EXPORTACION_HALAL,PENDIENTE,Módulo futuro de mercado: HAL-* opcional en OPEX (sin importes); exportación = 0 en demanda (SUP-022),"Inversión específica (CAPEX sin bloque), costo recurrente, precios y acceso por destino (categorías A–D)","DPV-022, DPV-030, DPV-024; DEC-013",NO (base sin exportación)
CF,MODULOS_FUTUROS,PENDIENTE,Reproductoras y rendering estructurados con FASE = FUTURO,Dimensionamiento y costos de reproductoras y rendering,"DPV-045, DPV-065, DEC-027",NO (fuera de la etapa inicial)
