VARIABLE,ORIGEN,TRANSFORMACION,DESTINO,UNIDAD,EVIDENCIA,ESTADO,TEST
DEMANDA,02_clientes_demanda/escenarios_demanda.csv (escenarios de prueba); inputs_financieros.csv (demanda.* con EVIDENCIA_REAL),convertir_demanda(): kg/día calendario × 365/12 → kg/mes; solo DOCUMENTADA/ASEGURADA en EVIDENCIA (_lineas_contables),21 simular(): aves_requeridas (parte limitante),kg/día calendario → kg/mes,A+B ≈ 0; 90 supermercados = C (potencial),PENDIENTE (sin demanda contable),"DM01, DM02, DM03, ES02; 21 E08, F02, F10"
DEMANDA → UTILIZACIÓN,21 simular(),"u_comercial = requeridas ÷ capacidad (puede > 1); u_efectiva = mín(técnica, comercial) ≤ 1","EBITDA, OPEX variable, CT",fracción,—,ESTRUCTURA COMPLETA,E2E01; SUP-060
POLLITOS,"03 modelo_escenarios_produccion.py (mortalidad, DOA, semana plena)",pollitos = faenadas ÷ (1 − m); 14B reproduce sin recalcular,19 drivers (pollitos_a_recibir_semana_plena) → 20 POL-COMPRA → 22 gate POLLITO,pollitos/semana plena,[SUPUESTO] SUP-026,DIMENSIONADO (escenario),03 A–G; 14 U09; AR03
ALIMENTO,"03 (FCR de campo × kg vivo) → 14 (t/semana, silos, propiedad)",t/año = Σ aves × peso × FCR; propiedad por arquitectura,20 ALI-* (precio PENDIENTE) → CT (inventario propio) → 22 gate ALIMENTO_*,t/semana; t/año,[SUPUESTO]; maíz E4 [PVDP],DIMENSIONADO; precio PENDIENTE,14 U19; CT01; UT02
PRODUCCION (aves faenadas),23 escala (aves/día operativo × 250/300 d),"capacidad_aves_mes = escala × días ÷ 12; faenadas = mín(disponibles, requeridas)",21 kg_producidos,aves/mes,escenario,ESTRUCTURA COMPLETA,"ES01, E2E01"
MASA PRODUCTO,"04 balance (2,9 kg vivo; rutas exclusivas) vía 23 ITEMS","kg comerciales/ave = bio + agua retenida; C a venta cruda, rendering o contrato de façon",21 productos_balance() → ventas por producto,kg comercial/ave,modelo sin ensayo (DPV-060),SUPUESTO_MODELO (no publicable en EVIDENCIA),"BM01, BM02, BM03; 04 T01–T21"
AGUA,11 modelo_utilities (cinco aguas; L/ave × aves),m³/día operativo; efluente por dos métodos; lodos PENDIENTES,"19 agua (almacenamiento, tratamiento) → 20 UT-AGUA-* → 22 gate AGUA",m³/día,top-down [PVDP],DIMENSIONADO (faena); upstream PENDIENTE,11 U01–U30; UT03
ENERGIA,11/12 modelo_utilities (kWh/ave; frío incluido),kWh/año = kWh/ave × aves/año; potencia pico PENDIENTE,"20 UT-ELE-KWH (frío, efluentes y bombeo INCLUIDOS) → 22 gate POTENCIA",kWh/año; kW,top-down [PVDP],DIMENSIONADO energía; potencia PENDIENTE,"UT01, UT02; 20 M12"
RRHH,18 modelo_rrhh (FTE industrial 14A),FTE × costo empresa/FTE (salario PENDIENTE); universos separados,20 LAB-* (COSTO_LABORAL),FTE; FTE-año,coeficientes [SUPUESTO],FTE DIMENSIONADO (faena); costo PENDIENTE; upstream PENDIENTE,18 R01–R24; UT02; 20 L03
CAPEX,19 modelo_capex (BOQ por arquitectura y escala; precios E1–E5),TOTAL_PRELIMINAR solo con 100 % de conceptos con precio (SUP-164); capex_desde_modulo() exige E1–E3,21 etapa.capex_usd + curva de desembolso → capex_total → FCFF,USD (2026-10-01),"E4 [PVDP] en 0–2,3 % de conceptos",PENDIENTE (TOTAL NO DISPONIBLE),"FA01, FA02, AR03; 19 N01–N18"
OPEX,20 modelo_opex (registro por concepto; NATURALEZA; PCT_VARIABLE),opex_desde_modulo() solo con arquitectura costeable E1–E3; opex(mes) = Σ costo ÷ 12 × [pv × u ÷ ef + (1 − pv)],21 opex_total → EBITDA; CxP; inventarios,USD/año a escala plena → USD/mes,E4 [PVDP] en ≤ 1 % de conceptos,PENDIENTE,"FA01, FA02, UT01; 20 X01–X16"
CT,20 capital_trabajo (propiedad) + inputs de días (DPV-175),CT = inventarios propios + CxC + caja operativa − CxP (días ÷ 365/12); flujo usa ΔCT,21 delta_ct → FCFF; CT_INICIAL → fondos,USD,ninguna,"PENDIENTE (días de cobro, pago y stock)","CT01, E2E02; 21 C03"
PRECIO,21 base_precios_venta.csv (precio observado + moneda + TC + fecha) / escenario,"a_usd() exige TC, fecha y tipo de TC para ARS; E4 = REFERENCIA_E4_NO_USABLE",21 venta_bruta,USD/kg,2 referencias E4 [PVDP]; 0 precios E1–E3,PENDIENTE,"EV03, UN01; m05 (mutación)"
INGRESO,21 simular(),venta_bruta = Σ kg vendidos × precio; ingreso_neto = bruta − descuentos − bonificaciones − devoluciones − comisiones − derechos de exportación,EBITDA; CxC,USD/mes,—,"NO PUBLICABLE (PRECIOS, DEMANDA, CANALES, PRODUCCION)","E2E02, E2E03, FI04"
EBITDA,21 simular(),EBITDA = ingreso neto − OPEX − logística del canal − costos de exportación − IIBB/tasas − otros impuestos − extras de ramp-up,"EBIT, FCFF, break-even",USD/mes; USD/año,—,NO PUBLICABLE,"E2E02, E2E03"
FCFF,21 simular(),FCFF = EBITDA − impuestos operativos − CAPEX − ΔCT ± IVA + VT (sin financiación),"VAN, TIR, payback, pico de fondos",USD/mes,—,NO PUBLICABLE,"E2E02, FI01, FI03; m03, m04"
FCFE / CAJA,21 simular(),FCFE = FCFF − impuestos con deuda + desembolsos − intereses − comisiones − amortizaciones; caja = caja previa + FCFE + aportes − dividendos,VAN y TIR del accionista; DSCR,USD/mes,—,NO PUBLICABLE (FINANCIAMIENTO: DEC-092),"E2E02, FI01"
VAN,21 indicadores(),Σ F_k ÷ (1 + i_m)^k con i_m = (1 + r)^(1/12) − 1 (MENSUAL) o Σ F_t ÷ (1 + r)^t (PERIODO_REPORTE); SIN_VALOR_TERMINAL por defecto,22 métricas; app,"USD (2026-10-01, real)",—,NO PUBLICABLE (DESCUENTO: DEC-007),"E2E03, FI02; 21 R01–R04"
TIR,21 tir(),TIR mensual única o NO_EXISTE / TIR_AMBIGUA; anual = (1 + i)^12 − 1; modo rápido = NO_CALCULADA,22 métricas; app,%/año,—,NO PUBLICABLE,"E2E03, E2E05, FI02"
RIESGO,22 motor_riesgo (shocks sobre la entrada; registro cualitativo),aplicar_shocks() sobre copia profunda; solo universo ESCENARIO/ARTIFICIAL,"22 one-way, 2D, stress, quiebre, Monte Carlo",relativo / días / meses,probabilidad del proyecto PENDIENTE; MC NO_DISPONIBLE,ESTRUCTURA COMPLETA; sin inputs del proyecto,"RI01–RI05, EV01, E2E04"
OPTIMIZADOR,22 modelo_optimizador (alternativas del mapa + status quo),"Evaluador = mf.simular() + mf.resultados(); gates, restricciones, comparabilidad, ranking, dominancia, Pareto, robustez",decision_optimizador.csv; dashboard_decision.csv; que_hacer_ahora.csv,—,OPTIMIZACION_REAL_NO_DISPONIBLE,ESTRUCTURA COMPLETA,"OP01–OP07, E2E05; m10, m11"
COBERTURA,19/20 (conceptos y bloques) + 22 cobertura_evidencia(),"cuatro coberturas separadas: estructural, física, económica, evidencia",cobertura_motor.csv; app (etiquetas),%,—,GENERADA (45 filas),"CV01, RP06"
