id,titulo,autor_organismo,tipo_fuente,categoria_confiabilidad,anio_publicacion,url_o_ubicacion,fecha_consulta,carpetas_relacionadas,datos_extraidos,observaciones
FTE-09A-001,Meyn LEAP Concept - Scalable Poultry Processing; Meyn Solutions,Meyn Food Processing Technology (fabricante),tecnica,B,s/f,https://www.meyn.com/solutions/meyn-leap/meyn-leap/,2026-09-30,05_proceso_industrial;08_maquinaria,"Concepto modular ampliable de 1.300 a 15.000 aves/h sin reemplazar equipos existentes; sistemas desde ~500 aves/h hasta más de 8.000 aves/h (extracto)","PENDIENTE DE VERIFICACIÓN DOCUMENTAL PRIMARIA: solo extracto de buscador (WebFetch EGRESS_BLOCKED en meyn.com, sesión 09A 2026-09-30). Fuente comercial del fabricante: capacidades nominales, no reales. ID provisional (reconciliación central)"
FTE-09A-002,Meyn to Avícola y Porcinos 2026 in Buenos Aires,Meyn (noticia del fabricante),comercial,C,2026,https://www.meyn.com/news/meyn-to-av%C3%ADcola-y-porcinos-2026-in-buenos-aires/,2026-09-30,08_maquinaria,Meyn participa de la exposición Avícola y Porcinos 2026 en Buenos Aires (6 al 8 de noviembre de 2026),"PVDP (extracto). Prueba actividad comercial en Argentina, NO oficina ni servicio técnico local"
FTE-09A-003,Broiler / poultry processing solutions for all processes and capacities,JBT Marel (fabricante),tecnica,B,s/f,https://jbtmarel.com/en/poultry/,2026-09-30,05_proceso_industrial;08_maquinaria,"Líneas configurables desde 1.000 aves/h iniciales hasta 15.000 aves/h; automatización a medida entre 500 y 15.000 aves/h; ACM-NT Compact como entrada al trozado automático con poco espacio (extracto)",PVDP (extracto). Capacidades nominales del fabricante
FTE-09A-004,Calisa2 greenfield in Argentina is like an oasis (caso de cliente),JBT Marel (fabricante),comercial,C,s/f,https://jbtmarel.com/en/customer-stories/calisa2-greenfield-in-argentina-is-like-an-oasis/,2026-09-30,01_mercado;08_maquinaria,"Planta nueva de Calisa en Racedo (Entre Ríos): arranque a 9.500 aves/h, preparada para 15.000 aves/h en dos años; dedicada a pollo parrillero (extracto)","PVDP (extracto). Caso comercial del proveedor. Referencia de escala argentina muy superior a las estudiadas (20.000 aves/día ≈ 2.500 aves/h a 8 h)"
FTE-09A-005,Marel Buenos Aires (ficha de empresa); Success for Marel at Avícolas y Porcinos 2022,PotatoPro (directorio); Marel (noticia),comercial,C,2022,https://www.potatopro.com/companies/marel-buenos-aires-argentina,2026-09-30,08_maquinaria,"Oficina en Maipú 267 piso 13, CABA; oficinas de representación en Argentina, Costa Rica y Perú; administración, repuestos y servicio técnico gestionados desde sucursales regionales (extracto)","PVDP · débil: directorio de terceros; no verificado si la oficina sigue activa tras la fusión JBT-Marel ni si hay técnicos residentes"
FTE-09A-006,Automated poultry cut-up scales to 6.500 birds per hour,Food Process & Packaging Automation International (prensa técnica),comercial,C,s/f,https://foodpackautomation.com/news/113511-automated-poultry-cut-up-scales-to-6,2026-09-30,08_maquinaria,Trozado automático compacto escalable hasta 6.500 aves/h (extracto del título),PVDP · débil (prensa)
FTE-09A-007,Compact Plant 396; Designing a Reliable Poultry Processing Plant (blog),BAADER Poultry (fabricante; incluye Linco),tecnica,B,s/f,https://www.baader.com/product/compact-plant-396,2026-09-30,05_proceso_industrial;08_maquinaria,"Compact Plant para faena y evisceración: 1.600 aves/h con preparación para 3.700 aves/h; otra referencia del fabricante: 600–1.600 aves/h con tiempos de sangrado, escaldado y velocidad regulables; mismos componentes y repuestos que líneas de alta velocidad; recomienda mantenimiento predictivo (extractos)",PVDP (extracto)
FTE-09A-008,BAADER Sales & Service; After Sales,BAADER (fabricante),comercial,C,s/f,https://www.baader.com/about/sales-service,2026-09-30,08_maquinaria,Red de oficinas de venta y servicio; paquetes de soporte de servicio y repuestos (extracto),"PVDP. Oficina o representante en Argentina NO verificado (el extracto menciona México y Chile)"
FTE-09A-009,"Ingeniero Galimberti - Equipamiento para la industria avícola (productos, empresa, novedades)",Ing. Galimberti y Cía. (fabricante argentino),comercial,C,s/f,https://www.inggalimberti.com.ar/,2026-09-30,08_maquinaria,"Fabricante argentino: descarga y lavado de jaulas, conteo, aturdido, degüello, canal de sangrado, escaldador automático AISI 304 con largo y vueltas según aves/h, desplumadoras, transportador aéreo, enfriadora, clasificadora; asesoramiento para plantas nuevas y ampliaciones (extractos)","PVDP (extracto). Sin rangos de capacidad publicados en el extracto; lista de clientes no leída"
FTE-09A-010,"Peladora de pollos D/66, escaldadora E-50, kit básico faena",Avícola Rovi (Argentina; comercio/fabricante),comercial,C,s/f,https://avicolarovi.com.ar/,2026-09-30,08_maquinaria,Peladora de 28 dedos con motor de 3/4 HP (~60 pollos/h); escaldadora de 50 L con termostato (extracto),"PVDP. Equipamiento artesanal/granja; fuera de rango de las escalas estudiadas (referencia de piso)"
FTE-09A-011,Máquinas desplumadoras y artículos para faena,Avícola Rosarossa (Argentina; desde 1964),comercial,C,s/f,https://www.avicolarosarossa.com.ar/,2026-09-30,08_maquinaria,Fabricación y distribución de insumos y máquinas de faena de pequeña escala (extracto),PVDP. Escala artesanal
FTE-09A-012,Poultry slaughter lines 500–5.000 birds per hour (fichas de producto),Qingdao Raniche Machinery Technology (China),comercial,C,2026,https://raniche.en.made-in-china.com/,2026-09-30,08_maquinaria,"Líneas completas de 500–1.000, 3.000 y 5.000 aves/h; declara >30 años, clientes en >60 países, instalación y posventa con ingenieros enviados (extractos de portal B2B)","PVDP · débil: portal comercial B2B; declaraciones del vendedor no verificadas; presencia en Argentina no verificada"
FTE-09A-013,Poultry processing equipment / automatic chicken slaughter line,XINBAIYUN / Eruis (China),comercial,C,s/f,https://www.slaughterhousemachine.com/poultry-processing-equipment,2026-09-30,08_maquinaria,Diseño de líneas de 200 a 10.000 aves/h a pedido; líneas automáticas de 1.500–3.000 aves/h (extracto),PVDP · débil (sitio comercial)
FTE-09A-014,500–1.000 birds per hour poultry slaughter line,Henger Manufacturing (Shandong) (China),comercial,C,s/f,https://hengerchina.en.made-in-china.com/,2026-09-30,08_maquinaria,Línea de faena de 500–1.000 aves/h (extracto),PVDP · débil (portal B2B)
FTE-09A-015,BAYLE SA - French manufacturer of poultry processing equipment,BAYLE SA (Francia),comercial,C,s/f,https://www.baylesa.com/en/,2026-09-30,08_maquinaria,"Línea compacta lista para usar de 150 a 1.500 aves/h integrando todas las etapas de faena; evisceración semiautomática y automática; >85 años (extracto)",PVDP (extracto)
FTE-09A-016,Foodmate integrated line / cut-up systems,Foodmate (Países Bajos/EE.UU.; grupo Duravant),comercial,C,s/f,https://foodmateglobal.com/integrated-line-for-poultry-processors/,2026-09-30,08_maquinaria,"Trozado de hasta 6.000 aves/h (paso 12"") y 7.200 aves/h en cortes selectos (paso 10""); abridora automática hasta 9.000 aves/h; línea compacta de trozado Systemate/Foodmate usada de 3.000 aves/h (extractos, parte de distribuidores)",PVDP (extractos; parte de terceros)
FTE-09A-017,Prime Equipment Group (ficha de proveedor),WATTPoultry / MEAT+POULTRY (directorios),comercial,C,s/f,https://www.wattagnet.com/supplier-database/poultry-processing/further-processing-equipment/skinners/company/15498798/prime-equipment-group,2026-09-30,08_maquinaria,"Fabricante de EE.UU. de máquinas individuales y sistemas para casi todas las etapas de la línea (extracto)",PVDP · débil (directorio). Sin capacidades publicadas en el extracto
FTE-09A-018,TORIDAS / YIELDAS automated deboning; Poultry World,Mayekawa (Japón); Poultry World (prensa técnica); Cantrell-Gainco (distribuidor EE.UU.),tecnica,B,s/f,https://mayekawa.com/products/deboning_machines/,2026-09-30,05_proceso_industrial;08_maquinaria,"TORIDAS Mark II: deshuese automático de pata-muslo entera hasta 1.000 piezas/h; Mark III anunciada con 1.500 piezas/h; YIELDAS para pechuga (extractos)",PVDP (extractos)
FTE-09A-019,"Pre-owned poultry machines (Drobtech, Use Poultry Tech, Isotek)",Revendedores de equipos usados (Polonia; Países Bajos),comercial,C,s/f,https://use-poultry-tech.com/,2026-09-30,08_maquinaria,"Equipos usados y reacondicionados de Meyn, Stork, Linco, Marel, Foodmate/Systemate, Baader; depósito de 6.000 m² cerca de Schiphol; ejemplos: planta Meyn usada de 3.000 aves/h ampliable a 6.000; línea de evisceración Linco de 4.000 aves/h; línea Linco preparada para 2.000–2.500 aves/h operando a 4.000–4.500; línea modular semiautomática de 500–2.000 aves/h (extractos)",PVDP · débil (avisos comerciales; estado real de equipos no verificable)
FTE-09A-020,Poultry packaging machines; Poultry packaging solutions,Harpak-ULMA / ULMA Packaging (España),comercial,C,s/f,https://www.ulmapackaging.com/en/packaging-solutions/poultry,2026-09-30,08_maquinaria,"Cinco sistemas de envasado para aves: film estirable, flow-pack horizontal, termoformado (MAP, vacío, skin), termoselladora de bandejas y flow-pack vertical (extractos)",PVDP. Filial argentina no verificada
FTE-09A-021,Traysealers; Thermoforming packaging machines,MULTIVAC (Alemania),comercial,C,s/f,https://multivac.com/us/en/our-solutions/portfolio/packaging-solutions/traysealers,2026-09-30,08_maquinaria,Termoselladoras de bandejas y termoformadoras para carnes y aves (extractos),PVDP. Presencia en Argentina no verificada en esta sesión
FTE-09A-022,Spiral freezers vs tunnel freezers (notas comerciales); JBT Frigoscandia GYRoCOMPACT usado,Fabricantes y revendedores de túneles y espirales (Arkref; NTSquare; Comron; Barsso),comercial,C,s/f,https://blog.arkref.com/spiral-freezers-vs-tunnel-freezers/,2026-09-30,08_maquinaria;12_energia_frio,"Espiral: 60–70 % menos superficie que un túnel lineal de igual capacidad, adecuado para producto delicado; túnel: operación más simple y menor inversión inicial para producto plano y uniforme; GEA y JBT Frigoscandia como fabricantes difundidos (extractos)",PVDP · débil (blogs comerciales). No usar como dato de dimensionamiento
FTE-09A-023,Broiler stunning solutions: electrical and controlled atmosphere; Humane poultry slaughter (CAS),JBT Marel (fabricante); USDA NIFA,tecnica,B,s/f,https://jbtmarel.com/en/poultry/broilers/killing-and-defeathering/stunning/,2026-09-30,05_proceso_industrial;16_normativa_senasa,"Aturdimiento eléctrico en baño de agua (el más común, aves colgadas) vs atmósfera controlada (CAS: gases inertes o CO2, aves en módulos antes del colgado) (extractos)",PVDP. Métodos admitidos por SENASA y por destinos Halal NO verificados (DPV-034)
FTE-09A-024,Chillin' Chickens - Which Method Works Best; Rodrigues et al. 2014 (J. Food Process Eng.),The Poultry Site (divulgación técnica); literatura científica,tecnica,C,2014,https://www.thepoultrysite.com/articles/chillin-chickens-which-method-works-best,2026-09-30,04_balance_masa;05_proceso_industrial;12_energia_frio,"Enfriamiento por aire 90–150 min vs inmersión ~50 min; inmersión: ganancia de masa 4–8 %; aire: pérdida 1–3 %; la combinación aire + inmersión reduce ~50 % la pérdida frente a solo aire; la UE restringe la inmersión (extractos)","PVDP. Coherente con SUP-042 (absorción 6 %; evaporación 1,8 %), que no cambia"
FTE-09A-025,Small-scale poultry processing (FAO); Small-Scale Poultry Processing (NCAT),FAO; NCAT (EE.UU.),tecnica,B,s/f,https://openknowledge.fao.org/server/api/core/bitstreams/e0aabd8e-0d2c-42fa-97b6-0ee4de9e2f70/content,2026-09-30,05_proceso_industrial;18_recursos_humanos,"Un operario experimentado eviscera ~2 aves/min; hasta ~1.000 aves/h la evisceración, retiro de cuello y molleja se hacen a mano con herramientas de ayuda (extractos)",PVDP. Productividad no argentina; no es dotación
FTE-09A-026,Human health implications of live hang work (informe); Poultry line speeds (infografía),HSUS / Humane World (organización de bienestar animal); Chicken Check In (sector),comercial,C,s/f,https://www.humaneworld.org/sites/default/files/docs/poultry-slaughter-live-hang-workers.pdf,2026-09-30,05_proceso_industrial;18_recursos_humanos,"Colgado en líneas de EE.UU. de ~180 grilletes/min: ≥ 23 aves/min por operario; velocidad máxima de faena en EE.UU. 140 aves/min (extractos)","PVDP · débil (fuente de incidencia, contexto de línea de muy alta velocidad). Solo como cota superior de productividad"
FTE-09A-027,Animal Welfare Approved - Slaughter guidelines for poultry,A Greener World (certificación privada),comercial,C,s/f,https://agreenerworld.org/certifications/animal-welfare-approved/standards/slaughter-guidelines-for-poultry/,2026-09-30,05_proceso_industrial;17_exportacion,Donde se usan grilletes la velocidad de línea no debe superar 35 aves/min (extracto),PVDP. Estándar privado de alto bienestar; no es norma argentina ni de la UE
FTE-09A-028,Meat and poultry sanitation (notas comerciales),SuperKlean; Union Jack Tools; OSHA eTool (sanitation worker),comercial,C,s/f,https://www.superklean.com/meat-and-poultry-sanitation/,2026-09-30,05_proceso_industrial;11_agua_efluentes,"Las plantas reservan típicamente un turno de ~8 h para limpieza y sanitización, a menudo tras jornadas de 16–20 h; secuencia: bloqueo de equipos, retiro de sólidos, prelavado, espuma, enjuague, sanitización (extractos)",PVDP · débil (fuentes comerciales de EE.UU.)
FTE-09A-029,Faena de aves: guía de buenas prácticas para el uso y construcción del faenador de aves,INTA (EEA Pergamino),oficial_ar,A,s/f,https://repositorio.inta.gob.ar/xmlui/handle/20.500.12123/4183,2026-09-30,05_proceso_industrial;09_layout_obra_civil;16_normativa_senasa,"Flujo hacia adelante de zona sucia a zona limpia; personal, equipos y utensilios de zona sucia no circulan en zona limpia; el aire no debe ir de zona sucia a limpia; tomas de aire con filtro (extractos)","PVDP (extracto; documento original no leído). Guía para faena de pequeña escala, principios aplicables a cualquier escala"
FTE-09A-030,Decreto 4238/68 - enfriamiento de aves por aire (extracto),SENASA / MAGyP,oficial_ar,A,1968 (act.),https://www.magyp.gob.ar/sitio/areas/d_recursos_humanos/concurso/normativa/_archivos/000002_Decretos/000000_DECRETO%204238-68%20Sanidad%20Animal-Reglamento.pdf,2026-09-30,05_proceso_industrial;12_energia_frio;16_normativa_senasa,"Con enfriamiento por aire, la carcasa debe alcanzar ≤ 7 °C en la parte más profunda de la pechuga antes del envasado y del ingreso a cámara; el capítulo XXI trata clasificación y tecnología sanitaria de aves (extracto)","PVDP (extracto de buscador; complementa FTE-016 y FTE-192 del registro central; parámetros de inmersión no obtenidos)"
FTE-09A-031,Aves - Industria (SENASA),SENASA,oficial_ar,A,s/f,https://www.argentina.gob.ar/senasa/programas-sanitarios/cadenaanimal/aves/aves-industria,2026-09-30,01_mercado;16_normativa_senasa,Faena aviar realizada en ~60 plantas habilitadas por SENASA; producción concentrada en Entre Ríos y Buenos Aires (extracto),"PVDP (extracto; fecha del dato no identificada). No mezclar con cifras de 01_mercado sin verificar período (regla 18)"
FTE-09A-032,"Frigorífico Mark S.A., una planta aviar de vanguardia (Pymes exportan, ed. 35)",INTI,oficial_ar,A,2023,https://www.argentina.gob.ar/inti/pymes-exportan/alimentos-y-bebidas/carnicos/edicion-35-diciembre-2023/frigorifico-mark-sa-una,2026-09-30,01_mercado;08_maquinaria,Planta aviar argentina equipada con tecnología holandesa y alemana; cumple BPM/POES/HACCP/bienestar animal (extracto),PVDP (extracto). Capacidad no obtenida
FTE-09A-033,40' Poultry Plant in a Box,Plant in a Box (EE.UU.),comercial,C,s/f,https://www.plantinabox.com/models/40-poultry-plant-in-a-box/,2026-09-30,08_maquinaria,Planta en contenedor de 40' de ~8–9 aves/min (~500 aves/h) (extracto),PVDP · débil
FTE-09A-034,Abatedouro modular de aves,Engmaq (Brasil),comercial,C,s/f,https://engmaq.com/abatedouro-modular/,2026-09-30,08_maquinaria,Abatedero modular de ~40 aves/h con dos operarios para cooperativas; construido para inspección municipal/estadual/SISBI de Brasil (extracto),PVDP · débil. Escala muy inferior a la estudiada
FTE-09A-035,Sulmaq is part of Marel,Sulmaq (Brasil) / Marel,comercial,C,2017,http://www.sulmaq.com.br/,2026-09-30,08_maquinaria,Sulmaq (Rio Grande do Sul; desde 1971) integrada a Marel en 2017; foco en bovinos y porcinos (extracto),PVDP · débil. Sin línea avícola identificada
FTE-09A-036,Poultry processing equipment used (Isotek) - complete Meyn processing plant,Isotek (Países Bajos),comercial,C,s/f,https://isotek.nl/complete-lines/complete-meyn-processing-plant,2026-09-30,08_maquinaria,Planta completa Meyn usada de hasta 3.000 aves/h ampliable a 6.000 aves/h; reacondicionamiento de Stork/Linco/Meyn (extracto),PVDP · débil (aviso comercial)
