id,grupo,etapas,equipo,funcion,alternativas,manual_posible,sensibilidad_escala,nivel_2500,nivel_5000,nivel_10000,nivel_20000,criticidad,bypass_o_redundancia,servicios,mantenimiento_clave,modularidad,fuente,clasificacion,nota
EQ-01,Recepción de vivo,E01,Balanza de camiones,Peso bruto/tara del camión por lote (base del balance y del pago a productores),Báscula de plataforma; báscula de terceros,Sí (báscula externa),Baja,A,A,A,A,SECUNDARIO,Báscula pública o de terceros temporalmente,elec,Calibración periódica,Mantener,Conocimiento técnico general del proceso; a validar por RFQ,[SUPUESTO] SUP-09A-05,
EQ-02,Recepción de vivo,E02,Andén de espera cubierto con ventilación forzada y nebulización,Mantener aves en espera sin estrés térmico,Ventiladores + nebulizadores; iluminación tenue,No aplica,Media (más módulos en espera),S,S,A,A,IMPORTANTE,Reducir espera; ventiladores redundantes,elec;agua,"Ventiladores, sensores de temperatura",Ampliar,Conocimiento técnico general del proceso; a validar por RFQ; FTE-016 (bienestar),[SUPUESTO] SUP-09A-05,En verano puede limitar la llegada de aves (mortalidad DOA)
EQ-03,Recepción de vivo,E01;E03,Cajones de transporte o sistema de módulos (contenedores con cajones),Transporte de aves de granja a planta,Cajones sueltos (manual); módulos descargados con autoelevador/volcador,Sí (cajones),Alta: módulos se vuelven convenientes con más aves,M,M/S,S/A,A,IMPORTANTE,Stock de cajones/módulos de reserva,—,Reposición de cajones rotos,Ampliar (más unidades),Conocimiento técnico general del proceso; a validar por RFQ,[SUPUESTO] SUP-09A-05,Afecta lesiones (grado de alas y garras) y bienestar
EQ-04,Recepción de vivo,E03,"Descargador de cajones o módulos (volcador, cintas)",Sacar aves de cajones hacia el colgado,Manual; cinta; volcador de módulos,Sí,Alta,M,M/S,S/A,A,IMPORTANTE,Descarga manual con más personal,elec;aire,"Cintas, volcador",Reemplazar al crecer,Conocimiento técnico general del proceso; a validar por RFQ,[SUPUESTO] SUP-09A-05,
EQ-05,Recepción de vivo,Z0,Lavadora de cajones o módulos,Lavar y desinfectar cajones antes de volver a granja,Manual con hidrolavadora; túnel de lavado,Sí,Alta,M,M/S,A,A,SECUNDARIO,Lavado manual temporal,agua;agua_caliente;elec,"Bombas, boquillas",Reemplazar al crecer,Conocimiento técnico general del proceso; a validar por RFQ,[SUPUESTO] SUP-09A-05,Bioseguridad de granjas
EQ-06,Recepción de vivo,Z0,Lavado y desinfección de camiones,Bioseguridad de vehículos de aves vivas,Box con hidrolavadora; arco de desinfección,Sí,Baja,M,M,S,S,SECUNDARIO,Lavadero externo habilitado,agua;elec,—,Mantener,Conocimiento técnico general del proceso; a validar por RFQ,[SUPUESTO] SUP-09A-05,
EQ-07,Faena,E04–E10,"Transportador aéreo de faena (riel, cadena, grilletes, accionamiento)","Mover las aves colgadas por aturdido, sangrado, escaldado y desplumado","Riel con cadena continua; en muy pequeña escala, conos y proceso por lotes",Sí solo en escala artesanal (conos),Alta: la longitud y la velocidad dependen del ritmo y de los tiempos de sangrado/escaldado,Mc/A,A,A,A,CRÍTICO,"Sin bypass: repuestos de cadena, grilletes, reductor y motor en planta",elec;agua (lavado de grilletes),"Tensión de cadena, lubricación grado alimentario, grilletes gastados","Ampliar (más grilletes y velocidad) si se previó el recorrido; si no, reemplazar",Conocimiento técnico general del proceso; a validar por RFQ; FTE-09A-007,[SUPUESTO] SUP-09A-05,"Punto único de falla de toda la faena; Niveles = arquitectura de referencia a estudiar, no obligación"
EQ-08,Faena,E04,"Puesto de colgado (pechera, luz tenue, tramo de calma)",Colgado con menos aleteo y estrés,Estructura fija; colgado automático (poco difundido),Sí (es manual en casi todas las escalas),Media,M,M,M,M,SECUNDARIO,—,elec,—,Ampliar (más puestos),Conocimiento técnico general del proceso; a validar por RFQ; FTE-09A-026,[SUPUESTO] SUP-09A-05,El colgado es manual en casi todas las plantas: cuello de botella humano
EQ-09,Faena,E05,Aturdidor eléctrico en baño de agua,Insensibilizar antes del degüello,Frecuencia/corriente variables; solo cabeza,No,Baja (una unidad cubre rangos amplios),A,A,A,A,CRÍTICO,Segundo transformador o aturdidor de reserva; sin aturdido no se puede faenar,elec;agua,"Electrodos, transformador, verificación de eficacia",Mantener o reemplazar si cambia el ritmo,Conocimiento técnico general del proceso; a validar por RFQ; FTE-09A-023,[SUPUESTO] SUP-09A-05,"Método no decidido (DEC-09A-05); requisitos Halal pendientes (DPV-034); Niveles = arquitectura de referencia a estudiar, no obligación"
EQ-10,Faena,E03–E05,Aturdido por atmósfera controlada (CAS),Insensibilizar en módulos antes del colgado,CO2 bifásico; gases inertes,No,Media-alta (sistema grande),—,—,O,O,CRÍTICO,Sin bypass si es el único sistema,elec;gas,Control de concentración de gas,Reemplazo de todo el sector de recepción,Conocimiento técnico general del proceso; a validar por RFQ; FTE-09A-023,[SUPUESTO] SUP-09A-05,Opción a estudiar; ventaja de bienestar y colgado de aves ya insensibilizadas
EQ-11,Faena,E06,Degolladora automática + puesto de repaso manual,Corte de vasos del cuello,Manual con cuchillo; automática con repaso,Sí,Media,M,M/S,A,A,IMPORTANTE,Degüello manual con más operarios,elec,"Cuchillas, ajuste de altura",Reemplazar al crecer,Conocimiento técnico general del proceso; a validar por RFQ,[SUPUESTO] SUP-09A-05,El repaso manual es obligatorio aun con máquina
EQ-12,Faena,E07,Canal/túnel de sangrado + bomba y tanque de sangre,Recolectar sangre sin dilución,Canal inclinado; túnel cerrado; bomba de sangre,Sí (canal pasivo),Media (longitud según ritmo × tiempo de sangrado),S,S,A,A,IMPORTANTE,Canal funciona sin bomba unas horas; tanque de reserva,elec;agua (lavado),"Bomba, tanque, limpieza",Ampliar longitud,Conocimiento técnico general del proceso; a validar por RFQ; FTE-166,[SUPUESTO] SUP-09A-05,Recuperar sangre reduce la carga del efluente
EQ-13,Faena,E08,Escaldadora (tanque de inmersión con agitación; o escaldado por vapor/aire),Aflojar plumas,Tanque simple; multi-tanque contracorriente; vapor/aire,Sí (tanque por lotes en escala artesanal),Alta: volumen y largo según ritmo × tiempo,Mc/A,A,A,A,CRÍTICO,Sin bypass; segundo tanque en serie reduce riesgo,agua;agua_caliente;aire (agitación);elec,"Control de temperatura, bombas, renovación de agua",Ampliar (tanque modular) o reemplazar,Conocimiento técnico general del proceso; a validar por RFQ; FTE-09A-009,[SUPUESTO] SUP-09A-05,"Temperatura y tiempo dependen de producto (entero de piel blanca vs trozado); Niveles = arquitectura de referencia a estudiar, no obligación"
EQ-14,Faena,E08,"Generación de agua caliente o vapor (caldera, intercambiador)","Calor para escaldado, limpieza y esterilizadores",Caldera de gas; bomba de calor; recuperación de calor de frío,No,Media,A,A,A,A,CRÍTICO,Caldera de reserva o dos unidades,gas;agua;elec,"Tratamiento de agua de caldera, habilitación de recipientes",Duplicar,Conocimiento técnico general del proceso; a validar por RFQ,[SUPUESTO] SUP-09A-05,Servicio transversal
EQ-15,Faena,E09,Desplumadoras en serie (dedos de goma) + repasadora,Remover plumas,Por lotes (tambor); en línea (1 a 4 unidades en serie),"Sí (tambor por lotes, escala artesanal)",Alta,Mc/A,A,A,A,CRÍTICO,"Con varias en serie, una fuera de servicio reduce calidad; repuesto de dedos y motores",elec;agua,"Reemplazo de dedos, ajuste de altura, rodamientos",Duplicar/ampliar (agregar unidades en serie),Conocimiento técnico general del proceso; a validar por RFQ; FTE-09A-009; FTE-09A-010,[SUPUESTO] SUP-09A-05,"Niveles = arquitectura de referencia a estudiar, no obligación"
EQ-16,Faena,E09,Canal de plumas (agua) o tornillo + separador/escurridor,Retirar plumas de la zona de faena,Canal con agua recirculada; tornillo; transporte neumático,No,Media,S,A,A,A,CRÍTICO,"Si se detiene, las plumas se acumulan en minutos; bomba de reserva",agua;elec,"Bombas, tamiz",Ampliar,Conocimiento técnico general del proceso; a validar por RFQ,[SUPUESTO] SUP-09A-05,"Mayor subproducto en masa (0,241 kg/ave húmedo)"
EQ-17,Faena,E10,Cortadora de patas (articulación tarsal) y descolgador,Separar patas y liberar la carcasa,Manual con tijera/cuchilla; automática,Sí,Media,M,M/S,A,A,IMPORTANTE,Corte manual,elec,Cuchillas,Reemplazar al crecer,Conocimiento técnico general del proceso; a validar por RFQ,[SUPUESTO] SUP-09A-05,"Si hay garras, la pata va a sala de producto"
EQ-18,Faena,E10/E16,Arrancador de cabezas / cortador de cuello,Separar cabeza (y cuello según producto),Manual; guía arrancadora pasiva; automática,Sí,Media,M,M/S,A,A,IMPORTANTE,Manual,elec,Guías,Reemplazar,Conocimiento técnico general del proceso; a validar por RFQ,[SUPUESTO] SUP-09A-05,
EQ-19,Faena,E11,Transferencia de faena a evisceración (recolgado),Pasar la carcasa del riel sucio al riel de evisceración,Recolgado manual; transferencia automática,Sí,Alta: el recolgado manual exige personal proporcional,M,M,M/A,A,IMPORTANTE,Recolgado manual con más personal,elec;aire,Sincronización de líneas,Reemplazar al automatizar,Conocimiento técnico general del proceso; a validar por RFQ,[SUPUESTO] SUP-09A-05,Es el límite zona sucia/evisceración
EQ-20,Faena,E04–E10,Lavadora de grilletes,Limpiar grilletes en cada vuelta,Boquillas; cepillos,No,Baja,S,S,A,A,SECUNDARIO,Lavado manual al final del turno,agua;elec,Boquillas,Mantener,Conocimiento técnico general del proceso; a validar por RFQ,[SUPUESTO] SUP-09A-05,
EQ-21,Evisceración,E12–E17,Transportador aéreo de evisceración,Mover carcasas por la evisceración e inspección,"Riel con cadena; en escala baja, mesas con proceso manual",Sí (mesas en escala muy baja),Alta,A,A,A,A,CRÍTICO,Repuestos de cadena y reductor,elec,Igual que EQ-07,Ampliar si se previó,Conocimiento técnico general del proceso; a validar por RFQ,[SUPUESTO] SUP-09A-05,
EQ-22,Evisceración,E12,Cortadora de cloaca (venteo),Separar la cloaca sin romper el intestino,Manual; automática por vacío,Sí,Media,M,M/S,A,A,IMPORTANTE,Manual,elec;aire;agua,Cuchillas; calibración por tamaño de ave,Reemplazar,Conocimiento técnico general del proceso; a validar por RFQ,[SUPUESTO] SUP-09A-05,Sensible a uniformidad de peso
EQ-23,Evisceración,E12,Abridora abdominal,Abrir la cavidad,Manual; automática,Sí,Media,M,M/S,A,A,IMPORTANTE,Manual,elec;agua,Cuchillas,Reemplazar,Conocimiento técnico general del proceso; a validar por RFQ; FTE-09A-016,[SUPUESTO] SUP-09A-05,
EQ-24,Evisceración,E13,Evisceradora automática (extracción del paquete),Extraer vísceras y presentarlas para inspección,Manual con herramientas; semiautomática; automática,Sí; un fabricante documenta evisceración manual en línea hasta ~1.600 broilers/h (FTE-09A-007); sin umbral fijo,Muy alta,M,M/S,M/S/A,S/A,IMPORTANTE (CRÍTICO si la línea depende de evisceración automática),Evisceración manual con más puestos (ritmo según dotación disponible),elec;agua;aire,"Calibración, cucharas, repuestos específicos",Reemplazar o agregar al crecer (manual → semiautomática → automática),Conocimiento técnico general del proceso; a validar por RFQ; FTE-09A-025; FTE-09A-007; FTE-09A-007 (evisceración manual hasta ~1.600 aves/h),[SUPUESTO] SUP-09A-05,"Transición manual/semi/automática según velocidad, costo y disponibilidad de mano de obra, ergonomía, inspección, uniformidad, calidad, higiene y escala; umbral argentino a determinar con cotizaciones (DEC-09A-01)"
EQ-25,Evisceración,E14,Presentación de vísceras para inspección (bandejas o línea paralela sincronizada),Que el inspector vea carcasa y vísceras de la misma ave,Manual (vísceras colgando); bandejas; línea paralela,Sí,Alta,M,M/S,A,A,IMPORTANTE,—,elec;agua,Sincronización,Reemplazar,Conocimiento técnico general del proceso; a validar por RFQ,[SUPUESTO] SUP-09A-05,Requisito del servicio oficial (DPV-09A-03)
EQ-26,Evisceración,E14,"Puestos de inspección oficial (iluminación, lavamanos, esterilizadores, espacio, retiro de decomisos)",Inspección post mortem ave por ave,—,Sí (es una tarea humana),Alta: el número de puestos crece con el ritmo,M,M,M,M,CRÍTICO,Sin inspección no hay faena,agua;agua_caliente;elec,—,Duplicar (más puestos),Conocimiento técnico general del proceso; a validar por RFQ; FTE-016,[SUPUESTO] SUP-09A-05,Número de puestos por ritmo: norma no leída (DPV-09A-03)
EQ-27,Evisceración,E15,"Separación y cosecha de menudencias (hígado, corazón)",Separar comestibles del paquete visceral,Manual; semiautomática,Sí,Alta,M,M,S/A,A,SECUNDARIO,Manual,agua;elec,—,Reemplazar,Conocimiento técnico general del proceso; a validar por RFQ,[SUPUESTO] SUP-09A-05,"Si no hay comprador, las menudencias van a rendering (no detiene faena)"
EQ-28,Evisceración,E31,Peladora/limpiadora de mollejas,"Abrir, vaciar y pelar la molleja",Manual; máquina de rodillos,Sí (lento),Media,M,M/S,A,A,SECUNDARIO,Manual o enviar a rendering,agua;elec,Rodillos,Mantener/duplicar,Conocimiento técnico general del proceso; a validar por RFQ,[SUPUESTO] SUP-09A-05,
EQ-29,Evisceración,E16,Extractor de buche y tráquea; cortador/rompe-cuello,"Retirar buche, tráquea y cuello",Manual; automático,Sí,Media,M,M,A,A,SECUNDARIO,Manual,elec;agua,—,Reemplazar,Conocimiento técnico general del proceso; a validar por RFQ,[SUPUESTO] SUP-09A-05,
EQ-30,Evisceración,E16,Aspirador de pulmones,Retirar pulmones residuales,Manual con pistola de vacío; automático,Sí,Media,M/S,S,A,A,SECUNDARIO,Manual,vacío;elec,Bomba de vacío,Reemplazar,Conocimiento técnico general del proceso; a validar por RFQ,[SUPUESTO] SUP-09A-05,
EQ-31,Evisceración,E17,Lavadora interior/exterior de carcasas,Retirar contaminación visible,Duchas manuales; lavadora en línea,Sí,Media,S,A,A,A,IMPORTANTE,Duchas manuales,agua;elec,Boquillas,Mantener,Conocimiento técnico general del proceso; a validar por RFQ,[SUPUESTO] SUP-09A-05,Consumo de agua relevante (11_agua_efluentes)
EQ-32,Evisceración,X6,Transporte de vísceras (canal de agua o vacío) + tamiz,Sacar vísceras no comestibles hacia zona de subproductos,Recipientes manuales; canal; vacío,"Sí (recipientes, escala baja)",Alta,M/S,S,A,A,IMPORTANTE,Recipientes manuales temporales,agua;elec;vacío,"Bombas, tamiz",Ampliar,Conocimiento técnico general del proceso; a validar por RFQ,[SUPUESTO] SUP-09A-05,
EQ-33,Evisceración,E31,Enfriador de menudencias y cuellos (tornillo con agua helada),Enfriar rápido menudencias,Hielo en bateas; enfriador continuo,Sí,Media,M,S,A,A,IMPORTANTE,Hielo en escamas,agua_helada;elec,—,Duplicar,Conocimiento técnico general del proceso; a validar por RFQ,[SUPUESTO] SUP-09A-05,Perecibles en días
EQ-34,Enfriamiento,E18,"Prechiller + chiller de inmersión (tornillo o paletas, agua helada en contracorriente)",Enfriar carcasas por inmersión,Uno o dos tanques; contracorriente; aireación,No (salvo bateas con hielo en escala artesanal),Alta: volumen = ritmo × residencia (~50 min),A,A,A,A,CRÍTICO,Sin bypass: bateas con hielo solo en emergencia a bajo ritmo,agua;agua_helada/hielo;aire;elec,"Motor, tornillo, renovación de agua, control de temperatura",Ampliar (tanque adicional en serie o paralelo),Conocimiento técnico general del proceso; a validar por RFQ; FTE-09A-024,[SUPUESTO] SUP-09A-05,"Método no decidido (DEC-026); absorción de agua (SUP-042); Niveles = arquitectura de referencia a estudiar, no obligación"
EQ-35,Enfriamiento,E18,Enfriamiento por aire (recorrido de carcasas colgadas en cámara con aire forzado; opcional aspersión),Enfriar carcasas sin inmersión,Aire seco; aire con aspersión evaporativa,No,Muy alta: carcasas colgadas = ritmo × 90–150 min,A,A,A,A,CRÍTICO,Sin bypass,frío;elec;agua (aspersión),"Riel, ventiladores, evaporadores",Ampliar si se previó espacio,Conocimiento técnico general del proceso; a validar por RFQ; FTE-09A-024; FTE-09A-030,[SUPUESTO] SUP-09A-05,"Preferido en la UE; más superficie y frío; sin agua absorbida; Niveles = arquitectura de referencia a estudiar, no obligación"
EQ-36,Enfriamiento,E18,Sistema mixto (inmersión corta + aire; o aire + agua),Combinar velocidad de enfriado y menor absorción,Varias combinaciones,No,Alta,—,O,O,O,CRÍTICO,—,agua;frío;elec,—,—,Conocimiento técnico general del proceso; a validar por RFQ; FTE-09A-024,[SUPUESTO] SUP-09A-05,
EQ-37,Enfriamiento,E18,"Generación de agua helada o hielo (banco de hielo, enfriador de agua, máquina de hielo en escamas)",Suministrar frío al chiller y a menudencias,Banco de hielo; enfriador de placas; hielo en escamas,No,Media,A,A,A,A,CRÍTICO,Hielo comprado en emergencia (bajo ritmo),frío;agua;elec,"Compresores, evaporadores",Ampliar,Conocimiento técnico general del proceso; a validar por RFQ,[SUPUESTO] SUP-09A-05,
EQ-38,Enfriamiento,E19,Descargador del chiller y escurridor/goteo,Sacar carcasas y escurrir,Manual; recolgado automático en línea de goteo,Sí,Media,M,M/S,A,A,IMPORTANTE,Manual,elec,—,Reemplazar,Conocimiento técnico general del proceso; a validar por RFQ,[SUPUESTO] SUP-09A-05,
EQ-39,Procesamiento secundario,E20,Clasificadora con balanza de línea y distribución,Clasificar por peso y enviar a destinos,Mesa con balanza manual; balanza de línea con descarga,Sí,Alta,M,M/S,A,A,IMPORTANTE,Clasificación manual,elec;aire,Calibración,Reemplazar,Conocimiento técnico general del proceso; a validar por RFQ; FTE-09A-001,[SUPUESTO] SUP-09A-05,Define calibres para entero y exportación
EQ-40,Procesamiento secundario,E22,Mesas de trozado manual con sierra de cinta o discos,Trozar en cortes básicos,Cuchillo; sierra de cinta; sierra de disco,Sí,Alta: mano de obra lineal con el volumen,M,M/S,S,S,IMPORTANTE,Más operarios,elec;agua,"Hojas, esterilización",Duplicar (más puestos),Conocimiento técnico general del proceso; a validar por RFQ,[SUPUESTO] SUP-09A-05,Siempre necesaria (canales no aptas para entero)
EQ-41,Procesamiento secundario,E22,"Trozadora automática en línea (módulos: alas, pechuga, pata-muslo, esqueleto)",Trozar con rendimiento constante,Compacta (pocos módulos); completa modular,Sí (manual),Alta,—,O,S/A,A,IMPORTANTE,Trozado manual parcial,elec;aire;agua,Cuchillas; calibración por tamaño,Ampliar (agregar módulos),Conocimiento técnico general del proceso; a validar por RFQ; FTE-09A-003; FTE-09A-006; FTE-09A-016,[SUPUESTO] SUP-09A-05,
EQ-42,Procesamiento secundario,E23,Deshuese manual en conos (línea de conos),Deshuesar pechuga (suprema/solomillo),Mesa; línea de conos con cinta,Sí,Alta (mano de obra),M,M,M/S,S,IMPORTANTE,Más operarios,elec;agua,—,Duplicar,Conocimiento técnico general del proceso; a validar por RFQ,[SUPUESTO] SUP-09A-05,
EQ-43,Procesamiento secundario,E23,Deshuesadora automática de pata-muslo / muslo,Deshuesar pata-muslo,Manual; automática por pieza,Sí,Alta,—,—,O,O,SECUNDARIO,Deshuese manual,elec;aire;agua,Repuestos específicos del fabricante,Duplicar,Conocimiento técnico general del proceso; a validar por RFQ; FTE-09A-018,[SUPUESTO] SUP-09A-05,Referencia: 1.000 piezas/h por unidad (PVDP)
EQ-44,Procesamiento secundario,E23,Fileteadora automática de pechuga,Separar filetes de la pechuga,Manual en conos; automática,Sí,Alta,—,—,O,O,IMPORTANTE,Deshuese manual,elec;aire;agua,Específico,Duplicar,Conocimiento técnico general del proceso; a validar por RFQ; FTE-09A-018,[SUPUESTO] SUP-09A-05,
EQ-45,Procesamiento secundario,E23,Mesas de trimming e inspección de hueso (visual; rayos X opcional),Recortar defectos y verificar ausencia de huesos,Manual; rayos X,Sí,Media,M,M,M/S,S/A,SECUNDARIO,Manual,elec,—,Duplicar,Conocimiento técnico general del proceso; a validar por RFQ,[SUPUESTO] SUP-09A-05,Exigencia de cliente/exportación
EQ-46,Procesamiento secundario,E23,Porcionadora/calibradora de filetes,"Porciones de peso fijo (gastronomía, exportación)",Manual; porcionadora automática,Sí,Media,—,—,O,O,SECUNDARIO,Manual,elec;aire,—,Agregar,Conocimiento técnico general del proceso; a validar por RFQ,[SUPUESTO] SUP-09A-05,Solo si hay mercado
EQ-47,Procesamiento secundario,E30,"Línea de garras: escaldador de patas, peladora de cutícula, clasificadora",Obtener garras grado A y segunda,Manual; semiautomática,Sí (lento),Media,O,O,S,S/A,SECUNDARIO,Patas a rendering o sin pelar (no detiene faena),agua;agua_caliente;elec,Rodillos peladores,Agregar/duplicar,Conocimiento técnico general del proceso; a validar por RFQ,[SUPUESTO] SUP-09A-05,"Sin comprador, no pelar (DEC-031)"
EQ-48,Procesamiento secundario,E32,Separadora de CMS + enfriamiento/congelado inmediato,Obtener CMS de esqueleto y cuello,Separadora mecánica; tercerizar,No,Media-alta,T,T,O,O,SECUNDARIO,Vender esqueleto o rendering,elec;frío,"Tamiz, tornillo",Agregar,Conocimiento técnico general del proceso; a validar por RFQ; FTE-185,[SUPUESTO] SUP-09A-05,Frío ≤ 12 h o congelado ≤ 6 h (PVDP); ruta excluyente (SUP-045)
EQ-49,Packaging,E24,Embolsadora de pollo entero (con cierre por clip o termocontracción),Envasar el entero,Manual con embudo; semiautomática; automática,Sí,Alta,M,M/S,S/A,A,IMPORTANTE,Embolsado manual,elec;aire,"Clip, film",Reemplazar,Conocimiento técnico general del proceso; a validar por RFQ,[SUPUESTO] SUP-09A-05,
EQ-50,Packaging,E24,Envolvedora de bandejas con film estirable,Bandeja + film para supermercado,Manual; semiautomática; automática,Sí,Alta,M/S,S,A,A,IMPORTANTE,Envoltura manual,elec,Film,Duplicar,Conocimiento técnico general del proceso; a validar por RFQ; FTE-09A-020,[SUPUESTO] SUP-09A-05,
EQ-51,Packaging,E24,Termoselladora de bandejas (con opción MAP),Bandeja sellada con o sin atmósfera modificada,Manual/semiautomática; en línea,No (requiere máquina),Media,O,S,A,A,IMPORTANTE,Otro formato de envase,elec;aire;gas MAP,Moldes por formato,Duplicar,Conocimiento técnico general del proceso; a validar por RFQ; FTE-09A-020; FTE-09A-021,[SUPUESTO] SUP-09A-05,Vida útil a determinar (DPV-078)
EQ-52,Packaging,E24,"Termoformadora (vacío, MAP, skin)",Envase formado en línea,Termoformadora de rollo,No,Media-alta,—,O,O,A,IMPORTANTE,Otro formato,elec;aire;vacío;gas,"Moldes, cuchillas",Agregar,Conocimiento técnico general del proceso; a validar por RFQ; FTE-09A-020; FTE-09A-021,[SUPUESTO] SUP-09A-05,
EQ-53,Packaging,E24,Envasadora al vacío de cámara/campana,"Vacío de piezas (exportación, gastronomía)",Campana; cámara de doble campana; cinta,No,Baja,S,S,S,S,SECUNDARIO,Otra máquina o formato,elec,Bomba de vacío,Duplicar,Conocimiento técnico general del proceso; a validar por RFQ,[SUPUESTO] SUP-09A-05,
EQ-54,Packaging,E24–E25,Balanza etiquetadora y sistema de trazabilidad de lote,"Peso, etiqueta, lote, fecha, número de planta",Balanza manual + impresora; en línea,Sí,Media,S,S,A,A,IMPORTANTE,Balanza manual,elec,Calibración,Duplicar,Conocimiento técnico general del proceso; a validar por RFQ,[SUPUESTO] SUP-09A-05,Trazabilidad granja–contenedor (exportación)
EQ-55,Packaging,E25,Detector de metales / rayos X,Detectar cuerpos extraños,Detector de metales; rayos X,No,Baja,O,S,A,A,IMPORTANTE,Otra línea con detector,elec,Verificación con patrones,Duplicar,Conocimiento técnico general del proceso; a validar por RFQ,[SUPUESTO] SUP-09A-05,Exigencia de clientes
EQ-56,Packaging,E26,"Armado/cerrado de cajas, flejado, paletizado",Envase secundario,Manual; semiautomático; robot,Sí,Media,M,M,S,S/A,SECUNDARIO,Manual,elec;aire,—,Agregar,Conocimiento técnico general del proceso; a validar por RFQ,[SUPUESTO] SUP-09A-05,Fuera de sala limpia
EQ-57,Congelado,E28,Túnel de congelado estático (carros o pallets con aire forzado),Congelar producto en cajas,Túnel estático; cámara de congelado rápido,No,Media,S,S,S/A,A,IMPORTANTE,Congelado de terceros,frío;elec,"Evaporadores, deshielos",Duplicar (celdas),Conocimiento técnico general del proceso; a validar por RFQ; FTE-09A-022,[SUPUESTO] SUP-09A-05,Carga por lote; tiempo de congelado largo en caja
EQ-58,Congelado,E28,Túnel continuo lineal (IQF o producto envasado),Congelado continuo,Cinta lineal; lecho fluidizado,No,Alta,—,O,O,A,IMPORTANTE,Túnel estático o terceros,frío;elec,"Cinta, evaporadores",Agregar,Conocimiento técnico general del proceso; a validar por RFQ; FTE-09A-022,[SUPUESTO] SUP-09A-05,Menor inversión inicial que espiral para producto plano (PVDP)
EQ-59,Congelado,E28,Congelador en espiral,Congelado continuo con poca superficie,Espiral simple/doble,No,Alta,—,—,O,A,IMPORTANTE,Túnel estático o terceros,frío;elec,"Cinta, tambor, evaporadores",Reemplazar/agregar,Conocimiento técnico general del proceso; a validar por RFQ; FTE-09A-022,[SUPUESTO] SUP-09A-05,60–70 % menos superficie que túnel lineal (PVDP)
EQ-60,Congelado,E28,Congelador de placas,"Bloques de menudencias, CMS, recortes",Placas horizontales/verticales,No,Media,—,O,O,O,SECUNDARIO,Túnel,frío;elec,Hidráulica,Agregar,Conocimiento técnico general del proceso; a validar por RFQ,[SUPUESTO] SUP-09A-05,CMS: congelado ≤ 6 h (PVDP)
EQ-61,Congelado,E28,Congelado criogénico (N2 o CO2),Congelado rápido de picos o productos especiales,Túnel/gabinete criogénico,No,Baja,O,O,O,O,SECUNDARIO,—,gas criogénico;elec,—,Agregar,Conocimiento técnico general del proceso; a validar por RFQ,[SUPUESTO] SUP-09A-05,Costo operativo por kg alto; útil para picos
EQ-62,Frío y almacenamiento,E27,Cámaras de refrigeración (producto fresco),Conservar 0–4 °C (a verificar),Paneles; estanterías; FIFO/FEFO,No,Alta,A,A,A,A,CRÍTICO,Cámaras divididas en celdas; camión refrigerado de emergencia,frío;elec,"Evaporadores, puertas, deshielos",Ampliar (módulos),Conocimiento técnico general del proceso; a validar por RFQ,[SUPUESTO] SUP-09A-05,
EQ-63,Frío y almacenamiento,E28–E29,Cámaras de congelado,Almacenar a −18 °C o menos,Paneles; estanterías dinámicas,No,Alta (perfil de congelado),S,A,A,A,IMPORTANTE,Frío de terceros,frío;elec,—,Ampliar,Conocimiento técnico general del proceso; a validar por RFQ,[SUPUESTO] SUP-09A-05,Contenedores de exportación requieren acumular lotes
EQ-64,Frío y almacenamiento,ZS,"Sala de máquinas de refrigeración (compresores, condensadores, refrigerante)",Producir frío para toda la planta,Amoníaco; CO2; sistemas halogenados; central o distribuido,No,Alta,A,A,A,A,CRÍTICO,Compresor N+1,elec;agua (condensación),"Compresores, seguridad del refrigerante",Ampliar (compresores adicionales) si se dejó espacio y troncales,Conocimiento técnico general del proceso; a validar por RFQ,[SUPUESTO] SUP-09A-05,Detalle en 12_energia_frio
EQ-65,Frío y almacenamiento,E29,Andenes refrigerados con sello y niveladora,Carga sin ruptura de frío,Andén simple; con sello y abrigo,Sí (andén simple),Media,S,S,A,A,SECUNDARIO,Otro andén,elec,—,Duplicar,Conocimiento técnico general del proceso; a validar por RFQ; requisitos 17_exportacion §3,[SUPUESTO] SUP-09A-05,Reefer para exportación
EQ-66,Subproductos,X2,Bomba de sangre y tanque de almacenamiento,Almacenar sangre sin diluir hasta retiro,Tanque simple; tanque refrigerado,No,Media,S,S,A,A,IMPORTANTE,Segundo tanque,elec,Bomba,Ampliar,Conocimiento técnico general del proceso; a validar por RFQ,[SUPUESTO] SUP-09A-05,Retiro en horas
EQ-67,Subproductos,X3,"Separador/escurridor de plumas (tamiz, prensa) + tolva",Reducir agua y almacenar plumas,Tamiz rotativo; prensa; tolva,No,Media,S,S,A,A,IMPORTANTE,Contenedor abierto,elec;agua,"Tamiz, prensa",Ampliar,Conocimiento técnico general del proceso; a validar por RFQ,[SUPUESTO] SUP-09A-05,
EQ-68,Subproductos,X6,Transporte neumático/vacío de vísceras y tolvas,Mover vísceras a contenedores sin cruzar zonas,Canal de agua; vacío; bombas,No,Alta,S,S,A,A,IMPORTANTE,Canal de agua,elec;agua;vacío,Bombas de vacío,Ampliar,Conocimiento técnico general del proceso; a validar por RFQ,[SUPUESTO] SUP-09A-05,
EQ-69,Subproductos,X1–X7,"Contenedores, tolvas y báscula de subproductos",Almacenamiento temporal y registro de kg retirados,Contenedores; tolvas elevadas para carga directa,Sí,Media,M,M/S,S,A,SECUNDARIO,Contenedores extra,elec,—,Ampliar,Conocimiento técnico general del proceso; a validar por RFQ,[SUPUESTO] SUP-09A-05,Retiro diario (07_subproductos)
EQ-70,Subproductos,Efluentes,Tamices rotativos y separación de sólidos del efluente (pretratamiento),"Retener plumas, vísceras y sólidos antes del tratamiento",Tamiz estático; rotativo,No,Media,A,A,A,A,IMPORTANTE,Tamiz de reserva,elec;agua,Limpieza de mallas,Ampliar,Conocimiento técnico general del proceso; a validar por RFQ,[SUPUESTO] SUP-09A-05,Tratamiento en 11_agua_efluentes
EQ-71,Servicios,ZS,Compresores de aire comprimido y secado,"Aire para equipos automáticos, neumática, envasado",Tornillo; pistón,No,Media,S,A,A,A,CRÍTICO (en líneas automáticas),Compresor N+1,elec,"Filtros, secador, purgas",Duplicar,Conocimiento técnico general del proceso; a validar por RFQ,[SUPUESTO] SUP-09A-05,Aire de calidad alimentaria donde toca producto
EQ-72,Servicios,ZS,Almacenamiento y tratamiento de agua potable,Agua potable para proceso y limpieza,Cisterna; cloración; filtración,No,Alta,A,A,A,A,CRÍTICO,Reserva de agua de horas,elec,"Cloración, análisis",Ampliar,Conocimiento técnico general del proceso; a validar por RFQ,[SUPUESTO] SUP-09A-05,Detalle en 11_agua_efluentes
EQ-73,Servicios,ZS,Grupo electrógeno de respaldo,Mantener frío y equipos críticos en cortes,Grupo parcial (solo frío) o total,No,Media,S,S,A,A,IMPORTANTE,—,gasoil,Pruebas periódicas,Duplicar,Conocimiento técnico general del proceso; a validar por RFQ; requisitos 17_exportacion §3,[SUPUESTO] SUP-09A-05,
EQ-74,Servicios,ZS,Sistema de limpieza por espuma (centralizado o móvil),Limpieza y sanitización (POES),Equipos móviles; central con estaciones por zona,Sí (móvil),Media,M/S,S,A,A,SECUNDARIO,Equipos móviles,agua;agua_caliente;aire;elec,—,Ampliar,Conocimiento técnico general del proceso; a validar por RFQ; FTE-09A-028,[SUPUESTO] SUP-09A-05,
EQ-75,Servicios,Todas,"Esterilizadores de cuchillos, lavamanos no manuales, pediluvios, lavabotas",Higiene del personal y utensilios,—,Sí,Alta (más puestos),A,A,A,A,CRÍTICO,Redundancia barata,agua;agua_caliente,—,Duplicar,Conocimiento técnico general del proceso; a validar por RFQ; FTE-016,[SUPUESTO] SUP-09A-05,Requisito de habilitación
EQ-76,Servicios,Todas,"Sistema de conteo, pesaje y trazabilidad de planta (software/SCADA)","Registro de lotes, rendimientos, paradas",Planillas; software de planta,Sí (planillas),Media,M/S,S,A,A,IMPORTANTE,Planillas,elec,Soporte informático,Ampliar,Conocimiento técnico general del proceso; a validar por RFQ; FTE-09A-007,[SUPUESTO] SUP-09A-05,Permite medir disponibilidad y η reales
