ID_COSTO,MODULO,SUBMODULO,CONCEPTO,DESCRIPCION,CAPACIDAD_REFERENCIA,UNIDAD_CAPACIDAD,CANTIDAD,UNIDAD,METODO_COSTEO,PRECIO_UNITARIO,PRECIO_BAJO,PRECIO_ALTO,ORIGEN_RANGO,EXPONENTE_ESCALA,BASE_PORCENTAJE,MONEDA_ORIGINAL,TC_MONEDA_POR_USD,TIPO_TC,FECHA_TC,FECHA_PRECIO,PAIS,TIPO_PRECIO,INCOTERM,ORIGEN_EQUIPO,FLETE_INCLUIDO,IMPUESTOS_INCLUIDOS,IVA_TRATAMIENTO,ALICUOTA_IVA,INSTALACION_INCLUIDA,PUESTA_EN_MARCHA_INCLUIDA,CONTINGENCIA_INCLUIDA,COSTO_INSTALADO,FACTOR_INSTALADO_SENSIBILIDAD,NIVEL_EVIDENCIA,LECTURA_PRIMARIA,FUENTE,ESTADO,VIDA_UTIL_ANIOS,REEMPLAZO_ANIO,COSTO_REEMPLAZO,VALOR_RESIDUAL,OBSERVACIONES
TER-01,TERRENO,compra,Terreno industrial / urbano compatible,Precio de compra del suelo (sin mejoras),,,1,m²,unitario,,,,,,,USD,,,,,AR,,NA,NA,PENDIENTE,PENDIENTE,pendiente,,PENDIENTE,NA,No,,,PENDIENTE,,,PENDIENTE,,,,,Sin referencia válida por corredor (DPV-16-03); no se asigna precio
TER-02,TERRENO,compra,Lote en parque o área industrial,Precio del lote en parque industrial (sin mejoras),,,1,m²,unitario,,,,,,,USD,,,,,AR,,NA,NA,PENDIENTE,PENDIENTE,pendiente,,PENDIENTE,NA,No,,,PENDIENTE,,,PENDIENTE,,,,,Incluye o no infraestructura según el parque: PENDIENTE (DPV-16-03)
TER-03,TERRENO,compra,Terreno rural / industrial compatible,Precio de compra de tierra rural apta (uso de suelo compatible),,,1,m²,unitario,,,,,,,USD,,,,,AR,,NA,NA,PENDIENTE,PENDIENTE,pendiente,,PENDIENTE,NA,No,,,PENDIENTE,,,PENDIENTE,,,,,Unidad m² para homogeneizar (1 ha = 10.000 m²); DPV-16-03
TER-04,TERRENO,gastos,Gastos asociados a la compra,"Escritura, sellos, comisiones, mensura, impuestos de transferencia",,,1,%,porcentaje,,,,,,TERRENO_COMPRA,NA,,,,,NA,,NA,NA,NA,NA,NA,,NA,NA,No,,,PENDIENTE,,,PENDIENTE,,,,,Porcentaje no adoptado: vacío = PENDIENTE (SUP-16-07)
TER-05,TERRENO,preparacion,Preparación inicial del sitio,"Limpieza, desmonte, nivelación, rellenos, compactación",,,1,m²,unitario,,,,,,,USD,,,,,AR,,NA,NA,PENDIENTE,PENDIENTE,pendiente,,PENDIENTE,NA,No,,,PENDIENTE,,,PENDIENTE,,,,,Sin precio: vacío ≠ 0 (DPV-16)
TER-06,TERRENO,acceso,Infraestructura de acceso,"Camino de acceso, accesos viales, obras de arte (alcance según sitio)",,,1,lote,global,,,,,,,USD,,,,,AR,,NA,NA,PENDIENTE,PENDIENTE,pendiente,,PENDIENTE,NA,No,,,PENDIENTE,,,PENDIENTE,,,,,Sin precio: vacío ≠ 0 (DPV-16)
TER-07,TERRENO,conexiones,Conexiones extraordinarias,"Extensión de redes (MT, gas, agua, cloaca) hasta el predio (alcance según sitio)",,,1,lote,global,,,,,,,USD,,,,,AR,,NA,NA,PENDIENTE,PENDIENTE,pendiente,,PENDIENTE,NA,No,,,PENDIENTE,,,PENDIENTE,,,,,Sin precio: vacío ≠ 0 (DPV-16)
TER-08,TERRENO,parque,Cargo de infraestructura / ingreso al parque industrial,"Cargos de ingreso, infraestructura común o equivalentes del parque",,,1,lote,global,,,,,,,USD,,,,,AR,,NA,NA,PENDIENTE,PENDIENTE,pendiente,,PENDIENTE,NA,No,,,PENDIENTE,,,PENDIENTE,,,,,Sin precio: vacío ≠ 0 (DPV-16)
OC-PH,OBRA_CIVIL,proceso_humedo,Obra de proceso húmedo,"Nave de proceso con terminaciones sanitarias (pisos, desagües, paneles, cielorraso), incluye sala de subproductos",,,1,m²,unitario,,,,,,,USD,,,,,AR,,NA,NA,PENDIENTE,PENDIENTE,pendiente,,PENDIENTE,NA,No,,,PENDIENTE,,,PENDIENTE,,,,,Sin precio: vacío ≠ 0 (DPV-16)
OC-RS,OBRA_CIVIL,recepcion,Recepción semicubierta ventilada,"Andén de espera y descarga de aves vivas (cubierto, ventilado)",,,1,m²,unitario,,,,,,,USD,,,,,AR,,NA,NA,PENDIENTE,PENDIENTE,pendiente,,PENDIENTE,NA,No,,,PENDIENTE,,,PENDIENTE,,,,,Sin precio: vacío ≠ 0 (DPV-16)
OC-FR,OBRA_CIVIL,frio,"Obra civil de frío (envolvente, losa, estructura)","Losa con aislación y protección de piso, estructura y cubierta de cámaras; los paneles aislantes están en FR-PAN",,,1,m²,unitario,,,,,,,USD,,,,,AR,,NA,NA,PENDIENTE,PENDIENTE,pendiente,,PENDIENTE,NA,No,,,PENDIENTE,,,PENDIENTE,,,,,No incluye paneles (FR-PAN) para evitar doble conteo; confirmar alcance con RFQ frío (DPV-16-09)
OC-DK,OBRA_CIVIL,expedicion,Docks y expedición,"Andenes de carga, antecámara de expedición (sin niveladoras/sellos: FR-DCK)",,,1,m²,unitario,,,,,,,USD,,,,,AR,,NA,NA,PENDIENTE,PENDIENTE,pendiente,,PENDIENTE,NA,No,,,PENDIENTE,,,PENDIENTE,,,,,Sin precio: vacío ≠ 0 (DPV-16)
OC-DP,OBRA_CIVIL,depositos,Depósitos y talleres secos,"Depósito de envases, residuos/cartón, repuestos, químicos, taller de mantenimiento",,,1,m²,unitario,300,250,350,Rango declarado por la fuente para 'nave industrial completa llave en mano'; medio = punto medio [ESTIMACIÓN],,,USD,,oficial (según la fuente; valor no informado),2026-06,2026-06,AR,benchmark_secundario,NA,NA,NA,PENDIENTE,pendiente,,Sí,NA,No,,,E4,No,FTE-16-001,CON_PRECIO,,,,,"[PVDP] extracto de buscador de un blog comercial (página bloqueada por la red); aplica SOLO a naves secas, NO a proceso húmedo ni frío; IVA incluido o no: PENDIENTE"
OC-ST,OBRA_CIVIL,servicios,Salas técnicas,"Sala de máquinas de frío, caldera, sala eléctrica, aire comprimido, generador, tratamiento de agua",,,1,m²,unitario,,,,,,,USD,,,,,AR,,NA,NA,PENDIENTE,PENDIENTE,pendiente,,PENDIENTE,NA,No,,,PENDIENTE,,,PENDIENTE,,,,,Sin precio: vacío ≠ 0 (DPV-16)
OC-LB,OBRA_CIVIL,laboratorio,Laboratorio de calidad,"Laboratorio de autocontrol (si es propio, DEC-065)",,,1,m²,unitario,,,,,,,USD,,,,,AR,,NA,NA,PENDIENTE,PENDIENTE,pendiente,,PENDIENTE,NA,No,,,PENDIENTE,,,PENDIENTE,,,,,Sin precio: vacío ≠ 0 (DPV-16)
OC-VC,OBRA_CIVIL,personal,"Vestuarios, sanitarios, comedor y lavandería",Instalaciones del personal por zona higiénica,,,1,m²,unitario,,,,,,,USD,,,,,AR,,NA,NA,PENDIENTE,PENDIENTE,pendiente,,PENDIENTE,NA,No,,,PENDIENTE,,,PENDIENTE,,,,,Sin precio: vacío ≠ 0 (DPV-16)
OC-OF,OBRA_CIVIL,administracion,"Oficinas, oficina de inspección oficial, enfermería, porterías",Edificio administrativo y de control,,,1,m²,unitario,,,,,,,USD,,,,,AR,,NA,NA,PENDIENTE,PENDIENTE,pendiente,,PENDIENTE,NA,No,,,PENDIENTE,,,PENDIENTE,,,,,Sin precio: vacío ≠ 0 (DPV-16)
OC-EP,OBRA_CIVIL,exteriores,Pavimento pesado,"Playas de aves vivas, despacho y subproductos; circulación de camiones",,,1,m²,unitario,,,,,,,USD,,,,,AR,,NA,NA,PENDIENTE,PENDIENTE,pendiente,,PENDIENTE,NA,No,,,PENDIENTE,,,PENDIENTE,,,,,Sin precio: vacío ≠ 0 (DPV-16)
OC-EL,OBRA_CIVIL,exteriores,Estacionamiento liviano,Estacionamiento de personal y visitas,,,1,m²,unitario,,,,,,,USD,,,,,AR,,NA,NA,PENDIENTE,PENDIENTE,pendiente,,PENDIENTE,NA,No,,,PENDIENTE,,,PENDIENTE,,,,,Sin precio: vacío ≠ 0 (DPV-16)
OC-LV,OBRA_CIVIL,exteriores,Plataforma de lavado de camiones,"Plataforma con pendiente, rejillas y separación de sólidos (equipos de lavado en EQ-06)",,,1,m²,unitario,,,,,,,USD,,,,,AR,,NA,NA,PENDIENTE,PENDIENTE,pendiente,,PENDIENTE,NA,No,,,PENDIENTE,,,PENDIENTE,,,,,Sin precio: vacío ≠ 0 (DPV-16)
OC-IP,OBRA_CIVIL,infraestructura,Infraestructura pesada,Bases de tanques de agua y equipos pesados exteriores,,,1,m²,unitario,,,,,,,USD,,,,,AR,,NA,NA,PENDIENTE,PENDIENTE,pendiente,,PENDIENTE,NA,No,,,PENDIENTE,,,PENDIENTE,,,,,Sin precio: vacío ≠ 0 (DPV-16)
OC-EF,OBRA_CIVIL,efluentes,Obra civil de efluentes,"Cámaras, tanques y estructuras de hormigón del tratamiento (equipos en EF-*)",,,1,m²,unitario,,,,,,,USD,,,,,AR,,NA,NA,PENDIENTE,PENDIENTE,pendiente,,PENDIENTE,NA,No,,,PENDIENTE,,,PENDIENTE,,,,,Sin precio: vacío ≠ 0 (DPV-16)
OC-CER,OBRA_CIVIL,exteriores,Cerco perimetral y portones,Cerco del predio (perímetro conceptual del terreno),,,1,m,unitario,,,,,,,USD,,,,,AR,,NA,NA,PENDIENTE,PENDIENTE,pendiente,,PENDIENTE,NA,No,,,PENDIENTE,,,PENDIENTE,,,,,Sin precio: vacío ≠ 0 (DPV-16)
OC-INF,OBRA_CIVIL,infraestructura,Infraestructura interna del predio,"Desagües pluviales, red cloacal interna, iluminación exterior, parquización mínima (lote global por sitio)",,,1,lote,global,,,,,,,USD,,,,,AR,,NA,NA,PENDIENTE,PENDIENTE,pendiente,,PENDIENTE,NA,No,,,PENDIENTE,,,PENDIENTE,,,,,"Auditoría 16: lote global; NO se aplica un USD/m² al terreno (incluiría retiros, buffers y reserva). Alcance PENDIENTE"
OC-ADM,OBRA_CIVIL,administracion,Oficina comercial / administrativa (asset-light),Adecuación de oficina para la empresa sin planta propia,,,1,m²,unitario,,,,,,,USD,,,,,AR,,NA,NA,PENDIENTE,PENDIENTE,pendiente,,PENDIENTE,NA,No,,,PENDIENTE,,,PENDIENTE,,,,,"m² PENDIENTE (no hay programa de áreas asset-light); alquiler = OPEX, no CAPEX"
PQ-L1,PROCESO,linea,Lote L1,"Recepción de vivo (EQ-01 a EQ-06, sin EQ-03 cajones: logística)",,aves/h,1,aves/h,escalado,,,,,,,USD,,,,,AR,,PENDIENTE,PENDIENTE,PENDIENTE,PENDIENTE,pendiente,,PENDIENTE,PENDIENTE,No,,,PENDIENTE,,,PENDIENTE,,,,,Precio por capacidad (aves/h); exponente de escala desconocido: sin cotización por escala no se extrapola (DPV-16-01)
PQ-L2,PROCESO,linea,Lote L2,"Faena (EQ-07 a EQ-20, sin EQ-14: térmico)",,aves/h,1,aves/h,escalado,,,,,,,USD,,,,,AR,,PENDIENTE,PENDIENTE,PENDIENTE,PENDIENTE,pendiente,,PENDIENTE,PENDIENTE,No,,,PENDIENTE,,,PENDIENTE,,,,,Precio por capacidad (aves/h); exponente de escala desconocido: sin cotización por escala no se extrapola (DPV-16-01)
PQ-L3,PROCESO,linea,Lote L3,Evisceración (EQ-21 a EQ-33),,aves/h,1,aves/h,escalado,,,,,,,USD,,,,,AR,,PENDIENTE,PENDIENTE,PENDIENTE,PENDIENTE,pendiente,,PENDIENTE,PENDIENTE,No,,,PENDIENTE,,,PENDIENTE,,,,,Precio por capacidad (aves/h); exponente de escala desconocido: sin cotización por escala no se extrapola (DPV-16-01)
PQ-L4,PROCESO,linea,Lote L4,"Enfriamiento (EQ-34 a EQ-38, sin EQ-37: frío)",,aves/h,1,aves/h,escalado,,,,,,,USD,,,,,AR,,PENDIENTE,PENDIENTE,PENDIENTE,PENDIENTE,pendiente,,PENDIENTE,PENDIENTE,No,,,PENDIENTE,,,PENDIENTE,,,,,Precio por capacidad (aves/h); exponente de escala desconocido: sin cotización por escala no se extrapola (DPV-16-01)
PQ-L5,PROCESO,linea,Lote L5,"Clasificación, trozado y deshuese (EQ-39 a EQ-46)",,aves/h,1,aves/h,escalado,,,,,,,USD,,,,,AR,,PENDIENTE,PENDIENTE,PENDIENTE,PENDIENTE,pendiente,,PENDIENTE,PENDIENTE,No,,,PENDIENTE,,,PENDIENTE,,,,,Precio por capacidad (aves/h); exponente de escala desconocido: sin cotización por escala no se extrapola (DPV-16-01)
PQ-L6,PROCESO,linea,Lote L6,"Coproductos (EQ-47 garras, EQ-48 CMS; EQ-28/33 ya en L3)",,aves/h,1,aves/h,escalado,,,,,,,USD,,,,,AR,,PENDIENTE,PENDIENTE,PENDIENTE,PENDIENTE,pendiente,,PENDIENTE,PENDIENTE,No,,,PENDIENTE,,,PENDIENTE,,,,,Precio por capacidad (aves/h); exponente de escala desconocido: sin cotización por escala no se extrapola (DPV-16-01)
PQ-L7,PROCESO,linea,Lote L7,"Packaging (EQ-49 a EQ-56, sin EQ-54: trazabilidad)",,aves/h,1,aves/h,escalado,,,,,,,USD,,,,,AR,,PENDIENTE,PENDIENTE,PENDIENTE,PENDIENTE,pendiente,,PENDIENTE,PENDIENTE,No,,,PENDIENTE,,,PENDIENTE,,,,,Precio por capacidad (aves/h); exponente de escala desconocido: sin cotización por escala no se extrapola (DPV-16-01)
PQ-L11,PROCESO,linea,Lote L11,"Línea completa llave en mano (L1–L5 integrados, capacidad garantizada)",,aves/h,1,aves/h,escalado,,,,,,,USD,,,,,AR,,PENDIENTE,PENDIENTE,PENDIENTE,PENDIENTE,pendiente,,PENDIENTE,PENDIENTE,No,,,PENDIENTE,,,PENDIENTE,,,,,Precio por capacidad (aves/h); exponente de escala desconocido: sin cotización por escala no se extrapola (DPV-16-01)
FR-PAQ,FRIO,paquete,Paquete de frío (RFQ 2),"Sala de máquinas, cámaras, túneles, evaporadores, condensación, piping, refrigerante y control",,kWf,1,kWf,escalado,,,,,,,USD,,,,,AR,,PENDIENTE,PENDIENTE,PENDIENTE,PENDIENTE,pendiente,,PENDIENTE,PENDIENTE,No,,,PENDIENTE,,,PENDIENTE,,,,,Carga frigorífica total PENDIENTE (DPV-109); tecnología/refrigerante abiertos (DEC-046)
FR-PAN,FRIO,componente,Paneles aislantes de cámaras,"Paneles, puertas frigoríficas, cortinas",,,1,m²,unitario,,,,,,,USD,,,,,AR,,PENDIENTE,PENDIENTE,PENDIENTE,PENDIENTE,pendiente,,PENDIENTE,PENDIENTE,No,,,PENDIENTE,,,PENDIENTE,,,,,Componente del paquete FR-PAQ: se costea aparte solo si el paquete se cotiza desglosado (evita doble conteo)
FR-TUN,FRIO,componente,Túnel de congelado,Túnel estático o continuo (EQ-57/58),,,1,t/día,unitario,,,,,,,USD,,,,,AR,,PENDIENTE,PENDIENTE,PENDIENTE,PENDIENTE,pendiente,,PENDIENTE,PENDIENTE,No,,,PENDIENTE,,,PENDIENTE,,,,,Componente del paquete FR-PAQ: se costea aparte solo si el paquete se cotiza desglosado (evita doble conteo)
FR-COMP,FRIO,componente,Compresores,Compresores y sala de máquinas (EQ-64),,,1,kWf,unitario,,,,,,,USD,,,,,AR,,PENDIENTE,PENDIENTE,PENDIENTE,PENDIENTE,pendiente,,PENDIENTE,PENDIENTE,No,,,PENDIENTE,,,PENDIENTE,,,,,Componente del paquete FR-PAQ: se costea aparte solo si el paquete se cotiza desglosado (evita doble conteo)
FR-COND,FRIO,componente,Condensación,Condensadores evaporativos o por aire,,,1,kWf,unitario,,,,,,,USD,,,,,AR,,PENDIENTE,PENDIENTE,PENDIENTE,PENDIENTE,pendiente,,PENDIENTE,PENDIENTE,No,,,PENDIENTE,,,PENDIENTE,,,,,Componente del paquete FR-PAQ: se costea aparte solo si el paquete se cotiza desglosado (evita doble conteo)
FR-EVAP,FRIO,componente,Evaporadores,Evaporadores de cámaras y túneles,,,1,kWf,unitario,,,,,,,USD,,,,,AR,,PENDIENTE,PENDIENTE,PENDIENTE,PENDIENTE,pendiente,,PENDIENTE,PENDIENTE,No,,,PENDIENTE,,,PENDIENTE,,,,,Componente del paquete FR-PAQ: se costea aparte solo si el paquete se cotiza desglosado (evita doble conteo)
FR-PIP,FRIO,componente,Piping y aislación,Cañerías de refrigerante/fluido secundario,,,1,lote,unitario,,,,,,,USD,,,,,AR,,PENDIENTE,PENDIENTE,PENDIENTE,PENDIENTE,pendiente,,PENDIENTE,PENDIENTE,No,,,PENDIENTE,,,PENDIENTE,,,,,Componente del paquete FR-PAQ: se costea aparte solo si el paquete se cotiza desglosado (evita doble conteo)
FR-REF,FRIO,componente,Carga de refrigerante / fluido secundario,"NH₃, CO₂, glicol u otro según arquitectura (sin elegir)",,,1,lote,unitario,,,,,,,USD,,,,,AR,,PENDIENTE,PENDIENTE,PENDIENTE,PENDIENTE,pendiente,,PENDIENTE,PENDIENTE,No,,,PENDIENTE,,,PENDIENTE,,,,,Componente del paquete FR-PAQ: se costea aparte solo si el paquete se cotiza desglosado (evita doble conteo)
FR-CTL,FRIO,componente,Controles de frío,"Control, sensores, registro de temperatura",,,1,lote,unitario,,,,,,,USD,,,,,AR,,PENDIENTE,PENDIENTE,PENDIENTE,PENDIENTE,pendiente,,PENDIENTE,PENDIENTE,No,,,PENDIENTE,,,PENDIENTE,,,,,Componente del paquete FR-PAQ: se costea aparte solo si el paquete se cotiza desglosado (evita doble conteo)
FR-AGH,FRIO,componente,Agua helada / hielo para chiller,"Banco de hielo, enfriador de agua (EQ-37)",,,1,kWf,unitario,,,,,,,USD,,,,,AR,,PENDIENTE,PENDIENTE,PENDIENTE,PENDIENTE,pendiente,,PENDIENTE,PENDIENTE,No,,,PENDIENTE,,,PENDIENTE,,,,,Componente del paquete FR-PAQ: se costea aparte solo si el paquete se cotiza desglosado (evita doble conteo)
FR-DCK,FRIO,componente,Equipamiento de docks,"Niveladoras, sellos, puertas rápidas (EQ-65)",,,1,unidad,unitario,,,,,,,USD,,,,,AR,,PENDIENTE,PENDIENTE,PENDIENTE,PENDIENTE,pendiente,,PENDIENTE,PENDIENTE,No,,,PENDIENTE,,,PENDIENTE,,,,,Componente del paquete FR-PAQ: se costea aparte solo si el paquete se cotiza desglosado (evita doble conteo)
AG-CAP,AGUA,agua,Captación (perforación) o conexión a red,"Perforación, bomba sumergible o conexión a red (según sitio)",,,1,m³/d,unitario,,,,,,,USD,,,,,AR,,PENDIENTE,PENDIENTE,PENDIENTE,PENDIENTE,pendiente,,PENDIENTE,PENDIENTE,No,,,PENDIENTE,,,PENDIENTE,,,,,Sin precio: vacío ≠ 0 (DPV-16)
AG-ALM,AGUA,agua,Almacenamiento de agua,Tanques / cisternas (EQ-72),,,1,m³,unitario,,,,,,,USD,,,,,AR,,PENDIENTE,PENDIENTE,PENDIENTE,PENDIENTE,pendiente,,PENDIENTE,PENDIENTE,No,,,PENDIENTE,,,PENDIENTE,,,,,Sin precio: vacío ≠ 0 (DPV-16)
AG-TRA,AGUA,agua,Tratamiento de agua,"Potabilización, cloración, ablandamiento si corresponde",,,1,m³/h,unitario,,,,,,,USD,,,,,AR,,PENDIENTE,PENDIENTE,PENDIENTE,PENDIENTE,pendiente,,PENDIENTE,PENDIENTE,No,,,PENDIENTE,,,PENDIENTE,,,,,Sin precio: vacío ≠ 0 (DPV-16)
AG-BOM,AGUA,agua,Bombeo,Bombas de presurización y distribución,,,1,m³/h,unitario,,,,,,,USD,,,,,AR,,PENDIENTE,PENDIENTE,PENDIENTE,PENDIENTE,pendiente,,PENDIENTE,PENDIENTE,No,,,PENDIENTE,,,PENDIENTE,,,,,Sin precio: vacío ≠ 0 (DPV-16)
AG-DIS,AGUA,agua,Distribución interna de agua,"Red interna fría/caliente, puntos de uso",,,1,m²,unitario,,,,,,,USD,,,,,AR,,NA,NA,PENDIENTE,PENDIENTE,pendiente,,PENDIENTE,NA,No,,,PENDIENTE,,,PENDIENTE,,,,,Sin precio: vacío ≠ 0 (DPV-16)
EF-PAQ,EFLUENTES,paquete,Paquete de tratamiento de efluentes (RFQ 3),Pretratamiento + tren de tratamiento según tecnología (abierta),,m³/d,1,m³/d,escalado,,,,,,,USD,,,,,AR,,PENDIENTE,PENDIENTE,PENDIENTE,PENDIENTE,pendiente,,PENDIENTE,PENDIENTE,No,,,PENDIENTE,,,PENDIENTE,,,,,Tecnología y destino del vuelco abiertos (DEC-043)
EF-PRE,EFLUENTES,componente,Pretratamiento,"Rejas, tamices rotativos, separación de sólidos (EQ-70)",,,1,m³/h,unitario,,,,,,,USD,,,,,AR,,PENDIENTE,PENDIENTE,PENDIENTE,PENDIENTE,pendiente,,PENDIENTE,PENDIENTE,No,,,PENDIENTE,,,PENDIENTE,,,,,Componente de EF-PAQ: costear aparte solo con cotización desglosada
EF-ECU,EFLUENTES,componente,Ecualización,Tanque de ecualización y mezcla,,,1,m³,unitario,,,,,,,USD,,,,,AR,,PENDIENTE,PENDIENTE,PENDIENTE,PENDIENTE,pendiente,,PENDIENTE,PENDIENTE,No,,,PENDIENTE,,,PENDIENTE,,,,,Componente de EF-PAQ: costear aparte solo con cotización desglosada
EF-DAF,EFLUENTES,componente,Separación fisicoquímica,"Flotación (DAF) o equivalente, dosificación",,,1,m³/h,unitario,,,,,,,USD,,,,,AR,,PENDIENTE,PENDIENTE,PENDIENTE,PENDIENTE,pendiente,,PENDIENTE,PENDIENTE,No,,,PENDIENTE,,,PENDIENTE,,,,,Componente de EF-PAQ: costear aparte solo con cotización desglosada
EF-BIO,EFLUENTES,componente,Tratamiento biológico,Anaerobio / aerobio / lagunas (tecnología abierta),,,1,kg DQO/d,unitario,,,,,,,USD,,,,,AR,,PENDIENTE,PENDIENTE,PENDIENTE,PENDIENTE,pendiente,,PENDIENTE,PENDIENTE,No,,,PENDIENTE,,,PENDIENTE,,,,,Componente de EF-PAQ: costear aparte solo con cotización desglosada
EF-LOD,EFLUENTES,componente,Manejo de lodos,"Espesado, deshidratación, acopio",,,1,kg MS/d,unitario,,,,,,,USD,,,,,AR,,PENDIENTE,PENDIENTE,PENDIENTE,PENDIENTE,pendiente,,PENDIENTE,PENDIENTE,No,,,PENDIENTE,,,PENDIENTE,,,,,Componente de EF-PAQ: costear aparte solo con cotización desglosada
EF-INF,EFLUENTES,componente,Infraestructura asociada,"Cañerías, cámaras, medición de caudal, muestreo",,,1,lote,unitario,,,,,,,USD,,,,,AR,,PENDIENTE,PENDIENTE,PENDIENTE,PENDIENTE,pendiente,,PENDIENTE,PENDIENTE,No,,,PENDIENTE,,,PENDIENTE,,,,,Componente de EF-PAQ: costear aparte solo con cotización desglosada
EL-ACO,ELECTRICIDAD,electricidad,Acometida de media tensión,"Línea, celdas y medición (alcance según distribuidora)",,,1,lote,unitario,,,,,,,USD,,,,,AR,,NA,NA,PENDIENTE,PENDIENTE,pendiente,,PENDIENTE,NA,No,,,PENDIENTE,,,PENDIENTE,,,,,Sin precio: vacío ≠ 0 (DPV-16)
EL-TRA,ELECTRICIDAD,electricidad,Transformación,Subestación / transformadores,,,1,kVA,unitario,,,,,,,USD,,,,,AR,,PENDIENTE,PENDIENTE,PENDIENTE,PENDIENTE,pendiente,,PENDIENTE,PENDIENTE,No,,,PENDIENTE,,,PENDIENTE,,,,,Sin precio: vacío ≠ 0 (DPV-16)
EL-TAB,ELECTRICIDAD,electricidad,Tableros,"Tableros generales y seccionales, corrección de factor de potencia",,,1,lote,unitario,,,,,,,USD,,,,,AR,,PENDIENTE,PENDIENTE,PENDIENTE,PENDIENTE,pendiente,,PENDIENTE,PENDIENTE,No,,,PENDIENTE,,,PENDIENTE,,,,,Sin precio: vacío ≠ 0 (DPV-16)
EL-DIS,ELECTRICIDAD,electricidad,Distribución eléctrica e iluminación,"Bandejas, cableado, iluminación interior",,,1,m²,unitario,,,,,,,USD,,,,,AR,,NA,NA,PENDIENTE,PENDIENTE,pendiente,,PENDIENTE,NA,No,,,PENDIENTE,,,PENDIENTE,,,,,Sin precio: vacío ≠ 0 (DPV-16)
EL-UPS,ELECTRICIDAD,electricidad,UPS y control,UPS para control/IT y sistemas críticos,,,1,kVA,unitario,,,,,,,USD,,,,,AR,,PENDIENTE,PENDIENTE,PENDIENTE,PENDIENTE,pendiente,,PENDIENTE,PENDIENTE,No,,,PENDIENTE,,,PENDIENTE,,,,,Sin precio: vacío ≠ 0 (DPV-16)
EL-GEN,ELECTRICIDAD,electricidad,Generación de respaldo,Grupo electrógeno (EQ-73) y transferencia,,,1,kVA,unitario,,,,,,,USD,,,,,AR,,PENDIENTE,PENDIENTE,PENDIENTE,PENDIENTE,pendiente,,PENDIENTE,PENDIENTE,No,,,PENDIENTE,,,PENDIENTE,,,,,Sin precio: vacío ≠ 0 (DPV-16)
TE-GEN,TERMICO,generacion,Caldera / generador de agua caliente,"Caldera, intercambiador, acumulación (EQ-14)",,,1,kWt,unitario,,,,,,,USD,,,,,AR,,PENDIENTE,PENDIENTE,PENDIENTE,PENDIENTE,pendiente,,PENDIENTE,PENDIENTE,No,,,PENDIENTE,,,PENDIENTE,,,,,Sin precio: vacío ≠ 0 (DPV-16)
TE-COM,TERMICO,combustible,Abastecimiento de combustible,Ramal de gas / tanque GLP / acopio de biomasa (según DEC-045),,,1,lote,unitario,,,,,,,USD,,,,,AR,,PENDIENTE,PENDIENTE,PENDIENTE,PENDIENTE,pendiente,,PENDIENTE,PENDIENTE,No,,,PENDIENTE,,,PENDIENTE,,,,,Sin precio: vacío ≠ 0 (DPV-16)
TE-DIS,TERMICO,distribucion,Distribución térmica,Cañerías de agua caliente/vapor y aislación,,,1,lote,unitario,,,,,,,USD,,,,,AR,,NA,NA,PENDIENTE,PENDIENTE,pendiente,,PENDIENTE,NA,No,,,PENDIENTE,,,PENDIENTE,,,,,Sin precio: vacío ≠ 0 (DPV-16)
AC-COM,AIRE_COMPRIMIDO,aire,Aire comprimido,"Compresores, secado, red (EQ-71)",,,1,m³/min,unitario,,,,,,,USD,,,,,AR,,PENDIENTE,PENDIENTE,PENDIENTE,PENDIENTE,pendiente,,PENDIENTE,PENDIENTE,No,,,PENDIENTE,,,PENDIENTE,,,,,Caudal PENDIENTE (DPV-095)
IT-HW,IT_TRAZABILIDAD,it,Hardware IT,"Servidores, PCs, red, terminales de planta",,,1,lote,unitario,,,,,,,USD,,,,,AR,,PENDIENTE,PENDIENTE,PENDIENTE,PENDIENTE,pendiente,,PENDIENTE,PENDIENTE,No,,,PENDIENTE,,,PENDIENTE,,,,,Sin precio: vacío ≠ 0 (DPV-16)
IT-SW,IT_TRAZABILIDAD,it,Software inicial,ERP / gestión / trazabilidad (licencias de compra; suscripciones = OPEX),,,1,lote,unitario,,,,,,,USD,,,,,AR,,PENDIENTE,PENDIENTE,PENDIENTE,PENDIENTE,pendiente,,PENDIENTE,PENDIENTE,No,,,PENDIENTE,,,PENDIENTE,,,,,Sin precio: vacío ≠ 0 (DPV-16)
IT-SEN,IT_TRAZABILIDAD,it,Sensores y SCADA,"Conteo, pesaje, SCADA (EQ-76)",,,1,lote,unitario,,,,,,,USD,,,,,AR,,PENDIENTE,PENDIENTE,PENDIENTE,PENDIENTE,pendiente,,PENDIENTE,PENDIENTE,No,,,PENDIENTE,,,PENDIENTE,,,,,Sin precio: vacío ≠ 0 (DPV-16)
IT-ETQ,IT_TRAZABILIDAD,it,Etiquetado y trazabilidad de lote,Balanzas etiquetadoras (EQ-54),,,1,unidad,unitario,,,,,,,USD,,,,,AR,,PENDIENTE,PENDIENTE,PENDIENTE,PENDIENTE,pendiente,,PENDIENTE,PENDIENTE,No,,,PENDIENTE,,,PENDIENTE,,,,,Sin precio: vacío ≠ 0 (DPV-16)
IT-RED,IT_TRAZABILIDAD,it,Comunicaciones y CCTV,"Red de datos, CCTV, control de acceso",,,1,lote,unitario,,,,,,,USD,,,,,AR,,PENDIENTE,PENDIENTE,PENDIENTE,PENDIENTE,pendiente,,PENDIENTE,PENDIENTE,No,,,PENDIENTE,,,PENDIENTE,,,,,Sin precio: vacío ≠ 0 (DPV-16)
LAB-EQ,LABORATORIO,laboratorio,Equipamiento de laboratorio,"Equipos de autocontrol (si laboratorio propio, DEC-065)",,,1,lote,unitario,,,,,,,USD,,,,,AR,,PENDIENTE,PENDIENTE,PENDIENTE,PENDIENTE,pendiente,,PENDIENTE,PENDIENTE,No,,,PENDIENTE,,,PENDIENTE,,,,,Sin precio: vacío ≠ 0 (DPV-16)
SI-DET,SEGURIDAD_INCENDIO,incendio,Detección de incendio,Detección y alarma; requerimientos municipales/bomberos PENDIENTES (DPV-106),,,1,lote,unitario,,,,,,,USD,,,,,AR,,NA,NA,PENDIENTE,PENDIENTE,pendiente,,PENDIENTE,NA,No,,,PENDIENTE,,,PENDIENTE,,,,,Sin precio: vacío ≠ 0 (DPV-16)
SI-COM,SEGURIDAD_INCENDIO,incendio,Combate de incendio,"Red de hidrantes, reserva de agua, extintores; requerimientos municipales/bomberos PENDIENTES (DPV-106)",,,1,lote,unitario,,,,,,,USD,,,,,AR,,NA,NA,PENDIENTE,PENDIENTE,pendiente,,PENDIENTE,NA,No,,,PENDIENTE,,,PENDIENTE,,,,,Sin precio: vacío ≠ 0 (DPV-16)
SI-PRO,SEGURIDAD_INCENDIO,incendio,Protección pasiva y señalización,"Sectorización, salidas, señalización; requerimientos municipales/bomberos PENDIENTES (DPV-106)",,,1,lote,unitario,,,,,,,USD,,,,,AR,,NA,NA,PENDIENTE,PENDIENTE,pendiente,,PENDIENTE,NA,No,,,PENDIENTE,,,PENDIENTE,,,,,Sin precio: vacío ≠ 0 (DPV-16)
PER-EQ,PERSONAL,equipamiento,Equipamiento de vestuarios y comedor,"Lockers, bancos, lavamanos no manuales, equipamiento de comedor",,,1,lote,unitario,,,,,,,USD,,,,,AR,,PENDIENTE,PENDIENTE,PENDIENTE,PENDIENTE,pendiente,,PENDIENTE,PENDIENTE,No,,,PENDIENTE,,,PENDIENTE,,,,,Sin precio: vacío ≠ 0 (DPV-16)
MOB-OF,PERSONAL,mobiliario,Mobiliario de oficinas,Mobiliario administrativo,,,1,lote,unitario,,,,,,,USD,,,,,AR,,NA,NA,PENDIENTE,PENDIENTE,pendiente,,PENDIENTE,NA,No,,,PENDIENTE,,,PENDIENTE,,,,,Sin precio: vacío ≠ 0 (DPV-16)
EQ-LIM,PROCESO,higiene,Limpieza e higiene de planta,"Sistema de espuma (EQ-74), esterilizadores, lavabotas, pediluvios (EQ-75)",,,1,lote,unitario,,,,,,,USD,,,,,AR,,PENDIENTE,PENDIENTE,PENDIENTE,PENDIENTE,pendiente,,PENDIENTE,PENDIENTE,No,,,PENDIENTE,,,PENDIENTE,,,,,Sin precio: vacío ≠ 0 (DPV-16)
SB-L9,SUBPRODUCTOS,lote,Lote L9 subproductos (sin EQ-70),"Bomba y tanque de sangre, separación de plumas, transporte de vísceras, contenedores y báscula (EQ-66 a EQ-69)",,t/d,1,t/d,escalado,,,,,,,USD,,,,,AR,,PENDIENTE,PENDIENTE,PENDIENTE,PENDIENTE,pendiente,,PENDIENTE,PENDIENTE,No,,,PENDIENTE,,,PENDIENTE,,,,,Sin precio: vacío ≠ 0 (DPV-16)
SB-BAS,SUBPRODUCTOS,basico,Tratamiento básico propio de subproductos,"Acondicionamiento propio (escurrido/prensado, acumulación refrigerada); tecnología PENDIENTE",,t/d,1,t/d,escalado,,,,,,,USD,,,,,AR,,PENDIENTE,PENDIENTE,PENDIENTE,PENDIENTE,pendiente,,PENDIENTE,PENDIENTE,No,,,PENDIENTE,,,PENDIENTE,,,,,Sin precio: vacío ≠ 0 (DPV-16)
SB-REN,SUBPRODUCTOS,rendering,Rendering propio (FUTURO / sensibilidad),Planta de harinas y aceites; solo arquitectura futura (DEC-027),,t/d,1,t/d,escalado,,,,,,,USD,,,,,AR,,PENDIENTE,PENDIENTE,PENDIENTE,PENDIENTE,pendiente,,PENDIENTE,PENDIENTE,No,,,PENDIENTE,,,FUTURO,,,,,Sin precio: vacío ≠ 0 (DPV-16)
VEH-POLLITOS,LOGISTICA,pollitos,Vehículo (chasis/tractor) — pollitos,Unidad motriz,,,1,vehículo,unitario,,,,,,,USD,,,,,AR,,PENDIENTE,PENDIENTE,PENDIENTE,PENDIENTE,pendiente,,PENDIENTE,PENDIENTE,No,,,PENDIENTE,,,PENDIENTE,,,,,Sin precio: vacío ≠ 0 (DPV-16)
CAR-POLLITOS,LOGISTICA,pollitos,Carrocería / semirremolque — pollitos,"Caja, tolva, cisterna o semirremolque según flujo",,,1,vehículo,unitario,,,,,,,USD,,,,,AR,,PENDIENTE,PENDIENTE,PENDIENTE,PENDIENTE,pendiente,,PENDIENTE,PENDIENTE,No,,,PENDIENTE,,,PENDIENTE,,,,,Sin precio: vacío ≠ 0 (DPV-16)
FRI-POLLITOS,LOGISTICA,pollitos,Equipo de frío/climatización — pollitos,Equipo de frío o climatización de la caja,,,1,vehículo,unitario,,,,,,,USD,,,,,AR,,PENDIENTE,PENDIENTE,PENDIENTE,PENDIENTE,pendiente,,PENDIENTE,PENDIENTE,No,,,PENDIENTE,,,PENDIENTE,,,,,Sin precio: vacío ≠ 0 (DPV-16)
AUX-POLLITOS,LOGISTICA,pollitos,Equipo auxiliar — pollitos,"Rastreo, registro de temperatura, equipo de seguridad",,,1,vehículo,unitario,,,,,,,USD,,,,,AR,,PENDIENTE,PENDIENTE,PENDIENTE,PENDIENTE,pendiente,,PENDIENTE,PENDIENTE,No,,,PENDIENTE,,,PENDIENTE,,,,,Sin precio: vacío ≠ 0 (DPV-16)
VEH-ALIMENTO,LOGISTICA,alimento,Vehículo (chasis/tractor) — alimento,Unidad motriz,,,1,vehículo,unitario,,,,,,,USD,,,,,AR,,PENDIENTE,PENDIENTE,PENDIENTE,PENDIENTE,pendiente,,PENDIENTE,PENDIENTE,No,,,PENDIENTE,,,PENDIENTE,,,,,Sin precio: vacío ≠ 0 (DPV-16)
CAR-ALIMENTO,LOGISTICA,alimento,Carrocería / semirremolque — alimento,"Caja, tolva, cisterna o semirremolque según flujo",,,1,vehículo,unitario,,,,,,,USD,,,,,AR,,PENDIENTE,PENDIENTE,PENDIENTE,PENDIENTE,pendiente,,PENDIENTE,PENDIENTE,No,,,PENDIENTE,,,PENDIENTE,,,,,Sin precio: vacío ≠ 0 (DPV-16)
AUX-ALIMENTO,LOGISTICA,alimento,Equipo auxiliar — alimento,"Rastreo, registro de temperatura, equipo de seguridad",,,1,vehículo,unitario,,,,,,,USD,,,,,AR,,PENDIENTE,PENDIENTE,PENDIENTE,PENDIENTE,pendiente,,PENDIENTE,PENDIENTE,No,,,PENDIENTE,,,PENDIENTE,,,,,Sin precio: vacío ≠ 0 (DPV-16)
VEH-VIVO,LOGISTICA,vivo,Vehículo (chasis/tractor) — vivo,Unidad motriz,,,1,vehículo,unitario,,,,,,,USD,,,,,AR,,PENDIENTE,PENDIENTE,PENDIENTE,PENDIENTE,pendiente,,PENDIENTE,PENDIENTE,No,,,PENDIENTE,,,PENDIENTE,,,,,Sin precio: vacío ≠ 0 (DPV-16)
CAR-VIVO,LOGISTICA,vivo,Carrocería / semirremolque — vivo,"Caja, tolva, cisterna o semirremolque según flujo",,,1,vehículo,unitario,,,,,,,USD,,,,,AR,,PENDIENTE,PENDIENTE,PENDIENTE,PENDIENTE,pendiente,,PENDIENTE,PENDIENTE,No,,,PENDIENTE,,,PENDIENTE,,,,,Sin precio: vacío ≠ 0 (DPV-16)
AUX-VIVO,LOGISTICA,vivo,Equipo auxiliar — vivo,"Rastreo, registro de temperatura, equipo de seguridad",,,1,vehículo,unitario,,,,,,,USD,,,,,AR,,PENDIENTE,PENDIENTE,PENDIENTE,PENDIENTE,pendiente,,PENDIENTE,PENDIENTE,No,,,PENDIENTE,,,PENDIENTE,,,,,Sin precio: vacío ≠ 0 (DPV-16)
VEH-REFRIGERADO,LOGISTICA,refrigerado,Vehículo (chasis/tractor) — refrigerado,Unidad motriz,,,1,vehículo,unitario,,,,,,,USD,,,,,AR,,PENDIENTE,PENDIENTE,PENDIENTE,PENDIENTE,pendiente,,PENDIENTE,PENDIENTE,No,,,PENDIENTE,,,PENDIENTE,,,,,Sin precio: vacío ≠ 0 (DPV-16)
CAR-REFRIGERADO,LOGISTICA,refrigerado,Carrocería / semirremolque — refrigerado,"Caja, tolva, cisterna o semirremolque según flujo",,,1,vehículo,unitario,,,,,,,USD,,,,,AR,,PENDIENTE,PENDIENTE,PENDIENTE,PENDIENTE,pendiente,,PENDIENTE,PENDIENTE,No,,,PENDIENTE,,,PENDIENTE,,,,,Sin precio: vacío ≠ 0 (DPV-16)
FRI-REFRIGERADO,LOGISTICA,refrigerado,Equipo de frío/climatización — refrigerado,Equipo de frío o climatización de la caja,,,1,vehículo,unitario,,,,,,,USD,,,,,AR,,PENDIENTE,PENDIENTE,PENDIENTE,PENDIENTE,pendiente,,PENDIENTE,PENDIENTE,No,,,PENDIENTE,,,PENDIENTE,,,,,Sin precio: vacío ≠ 0 (DPV-16)
AUX-REFRIGERADO,LOGISTICA,refrigerado,Equipo auxiliar — refrigerado,"Rastreo, registro de temperatura, equipo de seguridad",,,1,vehículo,unitario,,,,,,,USD,,,,,AR,,PENDIENTE,PENDIENTE,PENDIENTE,PENDIENTE,pendiente,,PENDIENTE,PENDIENTE,No,,,PENDIENTE,,,PENDIENTE,,,,,Sin precio: vacío ≠ 0 (DPV-16)
VEH-CONGELADO,LOGISTICA,congelado,Vehículo (chasis/tractor) — congelado,Unidad motriz,,,1,vehículo,unitario,,,,,,,USD,,,,,AR,,PENDIENTE,PENDIENTE,PENDIENTE,PENDIENTE,pendiente,,PENDIENTE,PENDIENTE,No,,,PENDIENTE,,,PENDIENTE,,,,,Sin precio: vacío ≠ 0 (DPV-16)
CAR-CONGELADO,LOGISTICA,congelado,Carrocería / semirremolque — congelado,"Caja, tolva, cisterna o semirremolque según flujo",,,1,vehículo,unitario,,,,,,,USD,,,,,AR,,PENDIENTE,PENDIENTE,PENDIENTE,PENDIENTE,pendiente,,PENDIENTE,PENDIENTE,No,,,PENDIENTE,,,PENDIENTE,,,,,Sin precio: vacío ≠ 0 (DPV-16)
FRI-CONGELADO,LOGISTICA,congelado,Equipo de frío/climatización — congelado,Equipo de frío o climatización de la caja,,,1,vehículo,unitario,,,,,,,USD,,,,,AR,,PENDIENTE,PENDIENTE,PENDIENTE,PENDIENTE,pendiente,,PENDIENTE,PENDIENTE,No,,,PENDIENTE,,,PENDIENTE,,,,,Sin precio: vacío ≠ 0 (DPV-16)
AUX-CONGELADO,LOGISTICA,congelado,Equipo auxiliar — congelado,"Rastreo, registro de temperatura, equipo de seguridad",,,1,vehículo,unitario,,,,,,,USD,,,,,AR,,PENDIENTE,PENDIENTE,PENDIENTE,PENDIENTE,pendiente,,PENDIENTE,PENDIENTE,No,,,PENDIENTE,,,PENDIENTE,,,,,Sin precio: vacío ≠ 0 (DPV-16)
VEH-SUBPRODUCTOS,LOGISTICA,subproductos,Vehículo (chasis/tractor) — subproductos,Unidad motriz,,,1,vehículo,unitario,,,,,,,USD,,,,,AR,,PENDIENTE,PENDIENTE,PENDIENTE,PENDIENTE,pendiente,,PENDIENTE,PENDIENTE,No,,,PENDIENTE,,,PENDIENTE,,,,,Sin precio: vacío ≠ 0 (DPV-16)
CAR-SUBPRODUCTOS,LOGISTICA,subproductos,Carrocería / semirremolque — subproductos,"Caja, tolva, cisterna o semirremolque según flujo",,,1,vehículo,unitario,,,,,,,USD,,,,,AR,,PENDIENTE,PENDIENTE,PENDIENTE,PENDIENTE,pendiente,,PENDIENTE,PENDIENTE,No,,,PENDIENTE,,,PENDIENTE,,,,,Sin precio: vacío ≠ 0 (DPV-16)
AUX-SUBPRODUCTOS,LOGISTICA,subproductos,Equipo auxiliar — subproductos,"Rastreo, registro de temperatura, equipo de seguridad",,,1,vehículo,unitario,,,,,,,USD,,,,,AR,,PENDIENTE,PENDIENTE,PENDIENTE,PENDIENTE,pendiente,,PENDIENTE,PENDIENTE,No,,,PENDIENTE,,,PENDIENTE,,,,,Sin precio: vacío ≠ 0 (DPV-16)
VEH-SERVICIO,LOGISTICA,servicio,Vehículo (chasis/tractor) — servicio,Unidad motriz,,,1,vehículo,unitario,,,,,,,USD,,,,,AR,,PENDIENTE,PENDIENTE,PENDIENTE,PENDIENTE,pendiente,,PENDIENTE,PENDIENTE,No,,,PENDIENTE,,,PENDIENTE,,,,,Sin precio: vacío ≠ 0 (DPV-16)
AUX-SERVICIO,LOGISTICA,servicio,Equipo auxiliar — servicio,"Rastreo, registro de temperatura, equipo de seguridad",,,1,vehículo,unitario,,,,,,,USD,,,,,AR,,PENDIENTE,PENDIENTE,PENDIENTE,PENDIENTE,pendiente,,PENDIENTE,PENDIENTE,No,,,PENDIENTE,,,PENDIENTE,,,,,Sin precio: vacío ≠ 0 (DPV-16)
JAU-VIVO,LOGISTICA,vivo,Jaulas / cajones / módulos de aves vivas,Juegos de cajones o módulos (EQ-03),,,1,juego,unitario,,,,,,,USD,,,,,AR,,PENDIENTE,PENDIENTE,PENDIENTE,PENDIENTE,pendiente,,PENDIENTE,PENDIENTE,No,,,PENDIENTE,,,PENDIENTE,,,,,Aves por cajón y juegos por camión PENDIENTES (DPV-084)
JAU-POLLITOS,LOGISTICA,pollitos,Cajas / carros de pollitos,Cajas de transporte de pollitos,,,1,juego,unitario,,,,,,,USD,,,,,AR,,PENDIENTE,PENDIENTE,PENDIENTE,PENDIENTE,pendiente,,PENDIENTE,PENDIENTE,No,,,PENDIENTE,,,PENDIENTE,,,,,Sin precio: vacío ≠ 0 (DPV-16)
CNT-SUBPRODUCTOS,LOGISTICA,subproductos,Contenedores de subproductos,Contenedores estancos rotativos,,,1,unidad,unitario,,,,,,,USD,,,,,AR,,PENDIENTE,PENDIENTE,PENDIENTE,PENDIENTE,pendiente,,PENDIENTE,PENDIENTE,No,,,PENDIENTE,,,PENDIENTE,,,,,Sin precio: vacío ≠ 0 (DPV-16)
INC-TER,INCUBACION,incubacion,Terreno de incubadora,Sitio separado (bioseguridad); m² PENDIENTES,,,1,m²,unitario,,,,,,,USD,,,,,AR,,NA,NA,PENDIENTE,PENDIENTE,pendiente,,PENDIENTE,NA,No,,,PENDIENTE,,,PENDIENTE,,,,,Sin precio: vacío ≠ 0 (DPV-16)
INC-EDI,INCUBACION,incubacion,Edificio de incubación,Edificio con zonificación limpia/sucia; m² PENDIENTES (sin programa de áreas),,,1,m²,unitario,,,,,,,USD,,,,,AR,,NA,NA,PENDIENTE,PENDIENTE,pendiente,,PENDIENTE,NA,No,,,PENDIENTE,,,PENDIENTE,,,,,Sin precio: vacío ≠ 0 (DPV-16)
INC-HUE,INCUBACION,incubacion,Recepción y almacenamiento de huevo,Sala climatizada de huevo fértil,,,1,huevos,unitario,,,,,,,USD,,,,,AR,,PENDIENTE,PENDIENTE,PENDIENTE,PENDIENTE,pendiente,,PENDIENTE,PENDIENTE,No,,,PENDIENTE,,,PENDIENTE,,,,,Sin precio: vacío ≠ 0 (DPV-16)
INC-SET,INCUBACION,incubacion,Setters (incubadoras de carga),"Posiciones de setter, separadas de hatchers",,,1,posiciones,unitario,,,,,,,USD,,,,,AR,,PENDIENTE,PENDIENTE,PENDIENTE,PENDIENTE,pendiente,,PENDIENTE,PENDIENTE,No,,,PENDIENTE,,,PENDIENTE,,,,,Sin precio: vacío ≠ 0 (DPV-16)
INC-HAT,INCUBACION,incubacion,Hatchers (nacedoras),"Posiciones de hatcher, separadas de setters",,,1,posiciones,unitario,,,,,,,USD,,,,,AR,,PENDIENTE,PENDIENTE,PENDIENTE,PENDIENTE,pendiente,,PENDIENTE,PENDIENTE,No,,,PENDIENTE,,,PENDIENTE,,,,,Sin precio: vacío ≠ 0 (DPV-16)
INC-TRF,INCUBACION,incubacion,Transferencia,Equipo de transferencia setter → hatcher (ovoscopia si DEC-078),,,1,lote,unitario,,,,,,,USD,,,,,AR,,PENDIENTE,PENDIENTE,PENDIENTE,PENDIENTE,pendiente,,PENDIENTE,PENDIENTE,No,,,PENDIENTE,,,PENDIENTE,,,,,Sin precio: vacío ≠ 0 (DPV-16)
INC-CLA,INCUBACION,incubacion,Clasificación y conteo de pollitos,"Selección, conteo",,,1,lote,unitario,,,,,,,USD,,,,,AR,,PENDIENTE,PENDIENTE,PENDIENTE,PENDIENTE,pendiente,,PENDIENTE,PENDIENTE,No,,,PENDIENTE,,,PENDIENTE,,,,,Sin precio: vacío ≠ 0 (DPV-16)
INC-VAC,INCUBACION,incubacion,Vacunación,Vacunación (spray / in ovo según DEC-078),,,1,lote,unitario,,,,,,,USD,,,,,AR,,PENDIENTE,PENDIENTE,PENDIENTE,PENDIENTE,pendiente,,PENDIENTE,PENDIENTE,No,,,PENDIENTE,,,PENDIENTE,,,,,Sin precio: vacío ≠ 0 (DPV-16)
INC-LAV,INCUBACION,incubacion,Lavado,"Lavado de bandejas, carros y cajas",,,1,lote,unitario,,,,,,,USD,,,,,AR,,PENDIENTE,PENDIENTE,PENDIENTE,PENDIENTE,pendiente,,PENDIENTE,PENDIENTE,No,,,PENDIENTE,,,PENDIENTE,,,,,Sin precio: vacío ≠ 0 (DPV-16)
INC-HVAC,INCUBACION,incubacion,HVAC,Climatización y ventilación de salas,,,1,lote,unitario,,,,,,,USD,,,,,AR,,PENDIENTE,PENDIENTE,PENDIENTE,PENDIENTE,pendiente,,PENDIENTE,PENDIENTE,No,,,PENDIENTE,,,PENDIENTE,,,,,Sin precio: vacío ≠ 0 (DPV-16)
INC-BIO,INCUBACION,incubacion,Bioseguridad,"Cerco, vestuarios con ducha, vados, desinfección",,,1,lote,unitario,,,,,,,USD,,,,,AR,,PENDIENTE,PENDIENTE,PENDIENTE,PENDIENTE,pendiente,,PENDIENTE,PENDIENTE,No,,,PENDIENTE,,,PENDIENTE,,,,,Sin precio: vacío ≠ 0 (DPV-16)
INC-ENE,INCUBACION,incubacion,Energía,"Acometida, tableros",,,1,lote,unitario,,,,,,,USD,,,,,AR,,PENDIENTE,PENDIENTE,PENDIENTE,PENDIENTE,pendiente,,PENDIENTE,PENDIENTE,No,,,PENDIENTE,,,PENDIENTE,,,,,Sin precio: vacío ≠ 0 (DPV-16)
INC-RES,INCUBACION,incubacion,Respaldo eléctrico,Generación de respaldo (crítica para incubación),,,1,kVA,unitario,,,,,,,USD,,,,,AR,,PENDIENTE,PENDIENTE,PENDIENTE,PENDIENTE,pendiente,,PENDIENTE,PENDIENTE,No,,,PENDIENTE,,,PENDIENTE,,,,,Sin precio: vacío ≠ 0 (DPV-16)
INC-EXP,INCUBACION,incubacion,Expedición,Sala de expedición de pollitos climatizada,,,1,lote,unitario,,,,,,,USD,,,,,AR,,PENDIENTE,PENDIENTE,PENDIENTE,PENDIENTE,pendiente,,PENDIENTE,PENDIENTE,No,,,PENDIENTE,,,PENDIENTE,,,,,Sin precio: vacío ≠ 0 (DPV-16)
INC-AUX,INCUBACION,incubacion,Equipamiento auxiliar,"Agua, aire, residuos de incubación",,,1,lote,unitario,,,,,,,USD,,,,,AR,,PENDIENTE,PENDIENTE,PENDIENTE,PENDIENTE,pendiente,,PENDIENTE,PENDIENTE,No,,,PENDIENTE,,,PENDIENTE,,,,,Sin precio: vacío ≠ 0 (DPV-16)
ALI-TER,ALIMENTO,planta_alimento,Terreno de planta de alimento,Ubicación abierta (DEC-077),,,1,m²,unitario,,,,,,,USD,,,,,AR,,NA,NA,PENDIENTE,PENDIENTE,pendiente,,PENDIENTE,NA,No,,,PENDIENTE,,,PENDIENTE,,,,,Sin precio: vacío ≠ 0 (DPV-16)
ALI-REC,ALIMENTO,planta_alimento,Recepción de granos,"Fosa, calado, prelimpieza",,,1,t/h,unitario,,,,,,,USD,,,,,AR,,PENDIENTE,PENDIENTE,PENDIENTE,PENDIENTE,pendiente,,PENDIENTE,PENDIENTE,No,,,PENDIENTE,,,PENDIENTE,,,,,Sin precio: vacío ≠ 0 (DPV-16)
ALI-BAS,ALIMENTO,planta_alimento,Báscula de camiones,Báscula de recepción/despacho,,,1,unidad,unitario,,,,,,,USD,,,,,AR,,PENDIENTE,PENDIENTE,PENDIENTE,PENDIENTE,pendiente,,PENDIENTE,PENDIENTE,No,,,PENDIENTE,,,PENDIENTE,,,,,Sin precio: vacío ≠ 0 (DPV-16)
ALI-SIL,ALIMENTO,planta_alimento,Silos de materias primas,Silos de maíz y harina de soja,,,1,m³,unitario,,,,,,,USD,,,,,AR,,PENDIENTE,PENDIENTE,PENDIENTE,PENDIENTE,pendiente,,PENDIENTE,PENDIENTE,No,,,PENDIENTE,,,PENDIENTE,,,,,Sin precio: vacío ≠ 0 (DPV-16)
ALI-TRA,ALIMENTO,planta_alimento,Transporte interno,"Elevadores, redlers, roscas",,,1,lote,unitario,,,,,,,USD,,,,,AR,,PENDIENTE,PENDIENTE,PENDIENTE,PENDIENTE,pendiente,,PENDIENTE,PENDIENTE,No,,,PENDIENTE,,,PENDIENTE,,,,,Sin precio: vacío ≠ 0 (DPV-16)
ALI-MOL,ALIMENTO,planta_alimento,Molienda,Molinos,,,1,t/h,unitario,,,,,,,USD,,,,,AR,,PENDIENTE,PENDIENTE,PENDIENTE,PENDIENTE,pendiente,,PENDIENTE,PENDIENTE,No,,,PENDIENTE,,,PENDIENTE,,,,,Sin precio: vacío ≠ 0 (DPV-16)
ALI-DOS,ALIMENTO,planta_alimento,Dosificación,"Tolvas y balanzas de dosificación, micros",,,1,t/h,unitario,,,,,,,USD,,,,,AR,,PENDIENTE,PENDIENTE,PENDIENTE,PENDIENTE,pendiente,,PENDIENTE,PENDIENTE,No,,,PENDIENTE,,,PENDIENTE,,,,,Sin precio: vacío ≠ 0 (DPV-16)
ALI-MEZ,ALIMENTO,planta_alimento,Mezcla,Mezcladora,,,1,t/h,unitario,,,,,,,USD,,,,,AR,,PENDIENTE,PENDIENTE,PENDIENTE,PENDIENTE,pendiente,,PENDIENTE,PENDIENTE,No,,,PENDIENTE,,,PENDIENTE,,,,,Sin precio: vacío ≠ 0 (DPV-16)
ALI-LIQ,ALIMENTO,planta_alimento,Aceite / líquidos,Tanques y dosificación de líquidos,,,1,lote,unitario,,,,,,,USD,,,,,AR,,PENDIENTE,PENDIENTE,PENDIENTE,PENDIENTE,pendiente,,PENDIENTE,PENDIENTE,No,,,PENDIENTE,,,PENDIENTE,,,,,Sin precio: vacío ≠ 0 (DPV-16)
ALI-PEL,ALIMENTO,planta_alimento,Peletizado,"Peletizadora + acondicionador (solo si forma física = pellet, DEC-076)",,,1,t/h,unitario,,,,,,,USD,,,,,AR,,PENDIENTE,PENDIENTE,PENDIENTE,PENDIENTE,pendiente,,PENDIENTE,PENDIENTE,No,,,PENDIENTE,,,PENDIENTE,,,,,Sin precio: vacío ≠ 0 (DPV-16)
ALI-ENF,ALIMENTO,planta_alimento,Enfriado / migaja,Enfriador y desmenuzador (si pellet),,,1,t/h,unitario,,,,,,,USD,,,,,AR,,PENDIENTE,PENDIENTE,PENDIENTE,PENDIENTE,pendiente,,PENDIENTE,PENDIENTE,No,,,PENDIENTE,,,PENDIENTE,,,,,Sin precio: vacío ≠ 0 (DPV-16)
ALI-SPT,ALIMENTO,planta_alimento,Silos de producto terminado,Tolvas/silos de expedición,,,1,m³,unitario,,,,,,,USD,,,,,AR,,PENDIENTE,PENDIENTE,PENDIENTE,PENDIENTE,pendiente,,PENDIENTE,PENDIENTE,No,,,PENDIENTE,,,PENDIENTE,,,,,Sin precio: vacío ≠ 0 (DPV-16)
ALI-DES,ALIMENTO,planta_alimento,Despacho,Carga a granel,,,1,lote,unitario,,,,,,,USD,,,,,AR,,PENDIENTE,PENDIENTE,PENDIENTE,PENDIENTE,pendiente,,PENDIENTE,PENDIENTE,No,,,PENDIENTE,,,PENDIENTE,,,,,Sin precio: vacío ≠ 0 (DPV-16)
ALI-POL,ALIMENTO,planta_alimento,Extracción de polvo y protección contra explosión,"Filtros, ATEX según normativa",,,1,lote,unitario,,,,,,,USD,,,,,AR,,PENDIENTE,PENDIENTE,PENDIENTE,PENDIENTE,pendiente,,PENDIENTE,PENDIENTE,No,,,PENDIENTE,,,PENDIENTE,,,,,Sin precio: vacío ≠ 0 (DPV-16)
ALI-CTL,ALIMENTO,planta_alimento,Control y automatización,Sistema de control de planta,,,1,lote,unitario,,,,,,,USD,,,,,AR,,PENDIENTE,PENDIENTE,PENDIENTE,PENDIENTE,pendiente,,PENDIENTE,PENDIENTE,No,,,PENDIENTE,,,PENDIENTE,,,,,Sin precio: vacío ≠ 0 (DPV-16)
ALI-LAB,ALIMENTO,planta_alimento,Laboratorio de alimento,Control de materias primas y producto,,,1,lote,unitario,,,,,,,USD,,,,,AR,,PENDIENTE,PENDIENTE,PENDIENTE,PENDIENTE,pendiente,,PENDIENTE,PENDIENTE,No,,,PENDIENTE,,,PENDIENTE,,,,,Sin precio: vacío ≠ 0 (DPV-16)
ALI-OBR,ALIMENTO,planta_alimento,Obra civil de planta de alimento,"Torre/nave, fundaciones; m² PENDIENTES",,,1,m²,unitario,,,,,,,USD,,,,,AR,,NA,NA,PENDIENTE,PENDIENTE,pendiente,,PENDIENTE,NA,No,,,PENDIENTE,,,PENDIENTE,,,,,Sin precio: vacío ≠ 0 (DPV-16)
ALI-UTI,ALIMENTO,planta_alimento,Utilities de planta de alimento,"Vapor (si pellet), aire, energía",,,1,lote,unitario,,,,,,,USD,,,,,AR,,PENDIENTE,PENDIENTE,PENDIENTE,PENDIENTE,pendiente,,PENDIENTE,PENDIENTE,No,,,PENDIENTE,,,PENDIENTE,,,,,Sin precio: vacío ≠ 0 (DPV-16)
ALI-REF,ALIMENTO,referencia,"Equipos de planta de alimento 8–10 t/h (referencia de fabricante, no cotización)",Rango de precio publicado por fabricantes asiáticos para plantas de 8–10 t/h (solo equipos),8-10,t/h,1,t/h,escalado,225000,150000,300000,Rango declarado por la fuente para 8–10 t/h; medio = punto medio [ESTIMACIÓN],,,USD,,,,2026,CN,lista_web_fabricante,PENDIENTE,importado,No,No,NA,,No,PENDIENTE,No,,,E4,No,FTE-16-006,REFERENCIA,,,,,"[PVDP] extracto de buscador; precio de EQUIPO, Incoterm no informado: NO es costo instalado; solo válido entre 8 y 10 t/h (exponente desconocido)"
GRA-TER,GRANJAS,terreno,Terreno de granjas,Tierra rural para núcleos de galpones; m² PENDIENTE (distancias de bioseguridad),,,1,m²,unitario,,,,,,,USD,,,,,AR,,NA,NA,PENDIENTE,PENDIENTE,pendiente,,PENDIENTE,NA,No,,,PENDIENTE,,,PENDIENTE,,,,,Sin precio: vacío ≠ 0 (DPV-16)
GRA-GAL,GRANJAS,galpones,Galpón de engorde (alcance de equipamiento PENDIENTE),Galpón por plaza de alojamiento (aves por ciclo),,,1,plaza,unitario,11.49,,,,,,USD,,,,2026-05,AR,benchmark_prensa,NA,NA,NA,PENDIENTE,pendiente,,Sí,NA,No,,,E4,No,FTE-081,CON_PRECIO,,,,,"[PVDP] 'más de USD 6 M en galpones para 522.000 aves/ciclo' (prensa): 6.000.000 / 522.000 = 11,49 USD/plaza [ESTIMACIÓN] = COTA INFERIOR; alcance (equipamiento, terreno, silos) desconocido; sin rango"
GRA-EQA,GRANJAS,equipamiento,Comederos y bebederos,Líneas de comederos y bebederos,,,1,plaza,unitario,,,,,,,USD,,,,,AR,,PENDIENTE,PENDIENTE,PENDIENTE,PENDIENTE,pendiente,,PENDIENTE,PENDIENTE,No,,,PENDIENTE,,,PENDIENTE,,,,,Sin precio: vacío ≠ 0 (DPV-16)
GRA-CLI,GRANJAS,equipamiento,Climatización,"Ventilación, calefacción, enfriamiento evaporativo, controlador",,,1,plaza,unitario,,,,,,,USD,,,,,AR,,PENDIENTE,PENDIENTE,PENDIENTE,PENDIENTE,pendiente,,PENDIENTE,PENDIENTE,No,,,PENDIENTE,,,PENDIENTE,,,,,Sin precio: vacío ≠ 0 (DPV-16)
GRA-SIL,GRANJAS,equipamiento,Silos de granja,Silos de alimento en granja,,,1,m³,unitario,,,,,,,USD,,,,,AR,,PENDIENTE,PENDIENTE,PENDIENTE,PENDIENTE,pendiente,,PENDIENTE,PENDIENTE,No,,,PENDIENTE,,,PENDIENTE,,,,,Sin precio: vacío ≠ 0 (DPV-16)
GRA-AGU,GRANJAS,equipamiento,Agua de granja,"Perforación, tanque, cloración",,,1,lote,unitario,,,,,,,USD,,,,,AR,,NA,NA,PENDIENTE,PENDIENTE,pendiente,,PENDIENTE,NA,No,,,PENDIENTE,,,PENDIENTE,,,,,Sin precio: vacío ≠ 0 (DPV-16)
GRA-ENE,GRANJAS,equipamiento,Energía de granja,"Acometida, tableros, grupo electrógeno",,,1,lote,unitario,,,,,,,USD,,,,,AR,,NA,NA,PENDIENTE,PENDIENTE,pendiente,,PENDIENTE,NA,No,,,PENDIENTE,,,PENDIENTE,,,,,Sin precio: vacío ≠ 0 (DPV-16)
GRA-BIO,GRANJAS,equipamiento,Bioseguridad de granja,"Cerco, vado sanitario, vestuario",,,1,lote,unitario,,,,,,,USD,,,,,AR,,NA,NA,PENDIENTE,PENDIENTE,pendiente,,PENDIENTE,NA,No,,,PENDIENTE,,,PENDIENTE,,,,,Sin precio: vacío ≠ 0 (DPV-16)
GRA-ALM,GRANJAS,equipamiento,Almacenamiento de granja,Depósito de cama e insumos,,,1,lote,unitario,,,,,,,USD,,,,,AR,,NA,NA,PENDIENTE,PENDIENTE,pendiente,,PENDIENTE,NA,No,,,PENDIENTE,,,PENDIENTE,,,,,Sin precio: vacío ≠ 0 (DPV-16)
GRA-AUX,GRANJAS,equipamiento,Obras auxiliares de granja,"Caminos internos, vivienda del encargado",,,1,lote,unitario,,,,,,,USD,,,,,AR,,NA,NA,PENDIENTE,PENDIENTE,pendiente,,PENDIENTE,NA,No,,,PENDIENTE,,,PENDIENTE,,,,,Sin precio: vacío ≠ 0 (DPV-16)
REP-GAL,REPRODUCTORAS,galpones,Galpones de reproductoras (FUTURO),Galpón de reproductoras con nidos y recolección,,,1,plaza_reproductora,unitario,26.67,25.45,28.00,> USD 280.000 por galpón de 10.000–11.000 reproductoras (EE. UU.): 280.000/11.000–280.000/10.000 [ESTIMACIÓN],,,USD,,,,s/f,US,benchmark_extension,NA,NA,NA,PENDIENTE,pendiente,,Sí,NA,No,,,E4,No,FTE-16-005,FUTURO,,,,,"[PVDP] extracto; EE. UU., fecha no verificada; COTA INFERIOR; solo arquitectura futura: NO entra en CAPEX inicial"
REP-REC,REPRODUCTORAS,recria,Recría de reproductoras (FUTURO),"Galpones de recría, machos y reposición (DPV-045)",,,1,lote,unitario,,,,,,,USD,,,,,AR,,NA,NA,PENDIENTE,PENDIENTE,pendiente,,PENDIENTE,NA,No,,,PENDIENTE,,,FUTURO,,,,,Sin precio: vacío ≠ 0 (DPV-16)
IND-ING,INDIRECTOS,proyecto,Ingeniería básica y de detalle,"Ingeniería de procesos, frío, eléctrica, efluentes",,,1,%,porcentaje,,,,,,DIRECTO,NA,,,,,NA,,NA,NA,NA,NA,NA,,NA,NA,No,,,PENDIENTE,,,PENDIENTE,,,,,Porcentaje no adoptado: vacío = PENDIENTE (SUP-16-07)
IND-ARQ,INDIRECTOS,proyecto,Arquitectura,Proyecto de arquitectura,,,1,%,porcentaje,,,,,,DIRECTO,NA,,,,,NA,,NA,NA,NA,NA,NA,,NA,NA,No,,,PENDIENTE,,,PENDIENTE,,,,,Porcentaje no adoptado: vacío = PENDIENTE (SUP-16-07)
IND-PEJ,INDIRECTOS,proyecto,Proyecto ejecutivo,Documentación para construcción y permisos,,,1,%,porcentaje,,,,,,DIRECTO,NA,,,,,NA,,NA,NA,NA,NA,NA,,NA,NA,No,,,PENDIENTE,,,PENDIENTE,,,,,Porcentaje no adoptado: vacío = PENDIENTE (SUP-16-07)
IND-DO,INDIRECTOS,proyecto,Dirección de obra,Dirección e inspección de obra,,,1,%,porcentaje,,,,,,DIRECTO,NA,,,,,NA,,NA,NA,NA,NA,NA,,NA,NA,No,,,PENDIENTE,,,PENDIENTE,,,,,Porcentaje no adoptado: vacío = PENDIENTE (SUP-16-07)
IND-PM,INDIRECTOS,proyecto,Project management,Gestión del proyecto,,,1,%,porcentaje,,,,,,DIRECTO,NA,,,,,NA,,NA,NA,NA,NA,NA,,NA,NA,No,,,PENDIENTE,,,PENDIENTE,,,,,Porcentaje no adoptado: vacío = PENDIENTE (SUP-16-07)
IND-PER,INDIRECTOS,proyecto,Permisos y habilitaciones,"Tasas, presentaciones, habilitaciones (SENASA, ambiental, municipal)",,,1,%,porcentaje,,,,,,DIRECTO,NA,,,,,NA,,NA,NA,NA,NA,NA,,NA,NA,No,,,PENDIENTE,,,PENDIENTE,,,,,Porcentaje no adoptado: vacío = PENDIENTE (SUP-16-07)
IND-EST,INDIRECTOS,proyecto,Estudios,"Suelos, topografía, impacto ambiental, hidrogeología",,,1,%,porcentaje,,,,,,DIRECTO,NA,,,,,NA,,NA,NA,NA,NA,NA,,NA,NA,No,,,PENDIENTE,,,PENDIENTE,,,,,Porcentaje no adoptado: vacío = PENDIENTE (SUP-16-07)
PRE-COM,PREOPERATIVOS,preoperativo,Commissioning,Verificación de sistemas antes de la puesta en marcha,,,1,%,porcentaje,,,,,,DIRECTO_EQUIPOS,NA,,,,,NA,,NA,NA,NA,NA,NA,,NA,NA,No,,,PENDIENTE,,,PENDIENTE,,,,,Porcentaje no adoptado: vacío = PENDIENTE (SUP-16-07)
PRE-PEM,PREOPERATIVOS,preoperativo,Puesta en marcha,Puesta en marcha (si no está en el precio del proveedor),,,1,%,porcentaje,,,,,,DIRECTO_EQUIPOS_SIN_PEM,NA,,,,,NA,,NA,NA,NA,NA,NA,,NA,NA,No,,,PENDIENTE,,,PENDIENTE,,,,,Porcentaje no adoptado: vacío = PENDIENTE (SUP-16-07)
PRE-CAP,PREOPERATIVOS,preoperativo,Capacitación inicial,Capacitación de operación y mantenimiento inicial,,,1,%,porcentaje,,,,,,DIRECTO_EQUIPOS_SIN_PEM,NA,,,,,NA,,NA,NA,NA,NA,NA,,NA,NA,No,,,PENDIENTE,,,PENDIENTE,,,,,Porcentaje no adoptado: vacío = PENDIENTE (SUP-16-07)
PRE-PRU,PREOPERATIVOS,preoperativo,Pruebas (FAT/SAT),Pruebas de aceptación y desempeño,,,1,%,porcentaje,,,,,,DIRECTO_EQUIPOS_SIN_PEM,NA,,,,,NA,,NA,NA,NA,NA,NA,,NA,NA,No,,,PENDIENTE,,,PENDIENTE,,,,,Porcentaje no adoptado: vacío = PENDIENTE (SUP-16-07)
PRE-REP,PREOPERATIVOS,preoperativo,Repuestos iniciales,Stock inicial de repuestos críticos (si no están en el precio),,,1,%,porcentaje,,,,,,DIRECTO_EQUIPOS_SIN_PEM,NA,,,,,NA,,NA,NA,NA,NA,NA,,NA,NA,No,,,PENDIENTE,,,PENDIENTE,,,,,Porcentaje no adoptado: vacío = PENDIENTE (SUP-16-07)
PRE-HER,PREOPERATIVOS,preoperativo,Herramientas iniciales,Herramientas de taller y mantenimiento,,,1,%,porcentaje,,,,,,DIRECTO_EQUIPOS,NA,,,,,NA,,NA,NA,NA,NA,NA,,NA,NA,No,,,PENDIENTE,,,PENDIENTE,,,,,Porcentaje no adoptado: vacío = PENDIENTE (SUP-16-07)
PRE-LAB,PREOPERATIVOS,preoperativo,Insumos iniciales de laboratorio,Reactivos y material inicial (equipos en LAB-EQ),,,1,%,porcentaje,,,,,,DIRECTO_EQUIPOS,NA,,,,,NA,,NA,NA,NA,NA,NA,,NA,NA,No,,,PENDIENTE,,,PENDIENTE,,,,,Porcentaje no adoptado: vacío = PENDIENTE (SUP-16-07)
PRE-IT,PREOPERATIVOS,preoperativo,Implementación IT inicial,"Configuración, migración, implementación (hardware/software en IT-*)",,,1,%,porcentaje,,,,,,DIRECTO_EQUIPOS,NA,,,,,NA,,NA,NA,NA,NA,NA,,NA,NA,No,,,PENDIENTE,,,PENDIENTE,,,,,Porcentaje no adoptado: vacío = PENDIENTE (SUP-16-07)
CON-DIS,CONTINGENCIA,contingencia,Contingencia de diseño / cantidades,Cubre cambios de cantidades y alcance por madurez de ingeniería,,,1,%,porcentaje,,,,,,DIRECTO+INDIRECTO,NA,,,,,NA,,NA,NA,NA,NA,NA,,NA,NA,No,,,PENDIENTE,,,PENDIENTE,,,,,Porcentaje no adoptado: vacío = PENDIENTE (SUP-16-07)
CON-COS,CONTINGENCIA,contingencia,Contingencia de costo,Cubre desvío de precio unitario frente a la referencia,,,1,%,porcentaje,,,,,,DIRECTO+INDIRECTO,NA,,,,,NA,,NA,NA,NA,NA,NA,,NA,NA,No,,,PENDIENTE,,,PENDIENTE,,,,,Porcentaje no adoptado: vacío = PENDIENTE (SUP-16-07)
CON-ESC,CONTINGENCIA,contingencia,Escalación de precios,Ajuste entre FECHA_PRECIO y fecha de compra (índice PENDIENTE),,,1,%,porcentaje,,,,,,DIRECTO+INDIRECTO,NA,,,,,NA,,NA,NA,NA,NA,NA,,NA,NA,No,,,PENDIENTE,,,PENDIENTE,,,,,Porcentaje no adoptado: vacío = PENDIENTE (SUP-16-07)
REF-MAL,REFERENCIA,obra_publica,Acondicionamiento de sala de faena aviar y ampliación de cámara (Malargüe),Presupuesto oficial de licitación municipal,,,1,lote,global,101471771,,,,,,ARS,,PENDIENTE,,2022,AR,presupuesto_oficial_licitacion,NA,NA,PENDIENTE,No (+ IVA),sin_iva,,PENDIENTE,NA,No,,,E4,No,FTE-16-003,REFERENCIA,,,,,[PVDP] extracto del pliego (sitio bloqueado); alcance y m² desconocidos; ARS 2022 sin TC registrado: equivalente USD NO calculado; no comparable con una planta SENASA nueva
REF-RAFS,REFERENCIA,equipos,"Equipos de unidades de faena pequeñas/móviles (EE. UU., 2015)","USD 17.401 (350 aves/h), 42.986 (500 aves/h), 52.501 (1.200 aves/h)",500,aves/h,1,aves/h,escalado,42986,17401,52501,Tres plantas de la fuente (350 / 500 / 1.200 aves/h): no es un rango de una misma planta,,,USD,,,,2015,US,estudio_extension,PENDIENTE,PENDIENTE,PENDIENTE,PENDIENTE,pendiente,,PENDIENTE,NA,No,,,E4,No,FTE-16-004,REFERENCIA,,,,,"[PVDP] extracto; unidades exentas/móviles de EE. UU. 2015, alcance de equipos mínimo: NO comparable con una planta habilitada SENASA con frío y trozado; solo contraste"
REF-SOY,REFERENCIA,granjas,Galpón de engorde (declaración sectorial),~USD 300.000 por galpón (dimensiones no informadas),,,1,unidad,global,300000,,,,,,USD,,,,s/f,AR,benchmark_prensa,NA,NA,PENDIENTE,PENDIENTE,pendiente,,PENDIENTE,NA,No,,,E4,No,FTE-043,REFERENCIA,,,,,[PVDP] sin m² ni plazas: no convertible a USD/plaza; solo contraste con GRA-GAL
REF-EDI,REFERENCIA,obra,Tinglado / galpón cerrado estándar,Tinglado ~USD 70/m²; galpón cerrado USD 90–130/m²,,,1,m²,unitario,110,90,130,Rango de la fuente para galpón cerrado estándar,,,USD,,,,2026-06,AR,benchmark_secundario,NA,NA,PENDIENTE,PENDIENTE,pendiente,,Sí,NA,No,,,E4,No,FTE-16-001,REFERENCIA,,,,,[PVDP] NO aplicable a áreas sanitarias ni de frío; se registra para no confundirlo con OC-DP
