ITEM,CATEGORIA,ESPECIFICACION_MINIMA,CAPACIDAD,CANTIDAD,PROVEEDORES_OBJETIVO,COTIZACIONES_REQUERIDAS,ESTADO,FECHA_LIMITE,IDS_COSTO,OBSERVACIONES
"RFQ-16-01 Línea de faena, evisceración y enfriamiento (L1–L4 y L11)",linea_faena,Base de diseño y 31 campos de 08 requerimientos_cotizacion.md; capacidad garantizada (DPV-097); inmersión y aire por separado; desglose por capas C01–C19,"OPERATIVO 312–2500 aves/h; NOMINAL requerido 329–3049 aves/h (05, R 0,95–0,82); diseño y garantizada PENDIENTES (2.500–20.000 aves/día, 8 h netas, 1 línea)",2 escalas del rango + cómo se amplía,Candidatos relevados sin selección en 08_maquinaria/proveedores_preliminares.md,3,NO SOLICITADA (fase no habilitada: DEC-049),PENDIENTE (después del hito H-B),PQ-L1;PQ-L2;PQ-L3;PQ-L4;PQ-L11,"Responde DPV-097;DPV-095;DPV-160;DPV-093; pedir desglose por capas (08 plan_rfq.md §5.1), Incoterm, moneda, validez, IVA, flete, instalación"
"RFQ-16-02 Trozado, deshuese y packaging (L5, L7)",linea_faena,Mix por configuración A/B/C,ídem,por configuración,Candidatos relevados sin selección en 08_maquinaria/proveedores_preliminares.md,3,NO SOLICITADA (fase no habilitada: DEC-049),PENDIENTE (después del hito H-B),PQ-L5;PQ-L7,"Responde DPV-037;DPV-160; pedir desglose por capas (08 plan_rfq.md §5.1), Incoterm, moneda, validez, IVA, flete, instalación"
RFQ-16-03 Coproductos (L6) y subproductos (L9),linea_faena,"Garras, CMS solo con comprador; sangre, plumas, vísceras",1.5–12.2 t/d de masa biológica segregable (09C; no son sólidos de efluente),1,Candidatos relevados sin selección en 08_maquinaria/proveedores_preliminares.md,3,NO SOLICITADA (fase no habilitada: DEC-049),PENDIENTE (después del hito H-B),PQ-L6;SB-L9;SB-BAS,"Responde DEC-027;DPV-160; pedir desglose por capas (08 plan_rfq.md §5.1), Incoterm, moneda, validez, IVA, flete, instalación"
"RFQ-16-04 Paquete de frío (cámaras, túneles, sala de máquinas, agua helada)",frio,Balance frigorífico por escala y perfil P1–P3; verano de diseño del sitio; refrigerante abierto,"2.500: BASE física 09C (parcial, no total): producto 25 kWf + agua de chiller 17 kWf + congelación 2 kWf (adicionales ilustrativas 17 kWf = SUPUESTO, no sumadas) · BENCHMARK global 09C 634 kWh/d (energía, no kWf) · CONTRADICCIÓN ABIERTA física vs benchmark ×5.7 · carga total PENDIENTE · capacidad de DISEÑO PENDIENTE · MARGEN PENDIENTE (no adoptado) · ESTADO: no cotizable con una sola cifra (DPV-109) || 20.000: BASE física 09C (parcial, no total): producto 198 kWf + agua de chiller 138 kWf + congelación 20 kWf (adicionales ilustrativas 135 kWf = SUPUESTO, no sumadas) · BENCHMARK global 09C 5075 kWh/d (energía, no kWf) · CONTRADICCIÓN ABIERTA física vs benchmark ×5.7 · carga total PENDIENTE · capacidad de DISEÑO PENDIENTE · MARGEN PENDIENTE (no adoptado) · ESTADO: no cotizable con una sola cifra (DPV-109)",1 paquete por escala,Candidatos relevados sin selección en 08_maquinaria/proveedores_preliminares.md,3,NO SOLICITADA (fase no habilitada: DEC-049),PENDIENTE (después del hito H-B),FR-PAQ;FR-*,"Responde DPV-109;DPV-096;DEC-046; pedir desglose por capas (08 plan_rfq.md §5.1), Incoterm, moneda, validez, IVA, flete, instalación"
RFQ-16-05 Pretratamiento y tratamiento de efluentes,efluentes,Por escenario de carga; límites de vuelco del sitio (DPV-106); superficie (DPV-144),55–440 m³/d,por tecnología,Candidatos relevados sin selección en 08_maquinaria/proveedores_preliminares.md,3,NO SOLICITADA (fase no habilitada: DEC-049),PENDIENTE (después del hito H-B),EF-PAQ;EF-*;OC-EF,"Responde DPV-114;DPV-144;DEC-043; pedir desglose por capas (08 plan_rfq.md §5.1), Incoterm, moneda, validez, IVA, flete, instalación"
"RFQ-16-06 Acometida, transformación, tableros y generación de respaldo",electrico,Lista de cargas consolidada (DEC-048); demanda máxima; política de respaldo (DEC-047),potencia media de proceso 129–1036 kW (pico PENDIENTE),1,No identificados (relevar; no se inventan proveedores); distribuidora eléctrica del sitio,3,NO SOLICITADA (fase no habilitada: DEC-049),PENDIENTE (después del hito H-B),EL-*,"Responde DPV-095;DPV-087; pedir desglose por capas (08 plan_rfq.md §5.1), Incoterm, moneda, validez, IVA, flete, instalación"
"RFQ-16-07 Caldera / agua caliente, aire comprimido, agua",electrico,Fuente térmica abierta (DEC-045),pico PENDIENTE,1,Candidatos relevados sin selección en 08_maquinaria/proveedores_preliminares.md,3,NO SOLICITADA (fase no habilitada: DEC-049),PENDIENTE (después del hito H-B),TE-*;AC-COM;AG-*,"Responde DPV-095; pedir desglose por capas (08 plan_rfq.md §5.1), Incoterm, moneda, validez, IVA, flete, instalación"
RFQ-16-08 Obra civil por categoría (USD/m²),obra,"Precio por m² SEPARADO por categoría: proceso húmedo, frío, docks, depósitos, salas técnicas, personal, oficinas, exteriores, efluentes","1777–7451 m² construidos (medio, conceptual)",14 categorías,No identificados (relevar; no se inventan proveedores); constructoras con antecedentes en plantas alimentarias,3,NO SOLICITADA (fase no habilitada: DEC-049),PENDIENTE (después del hito H-B),OC-*,"Responde DPV-161; pedir desglose por capas (08 plan_rfq.md §5.1), Incoterm, moneda, validez, IVA, flete, instalación"
RFQ-16-09 Terreno por corredor,obra,"USD/m² por tipo (industrial, parque, rural compatible) + preparación + acceso + conexiones","mínimo físico 15398–32379 m² (medio, función 12C); conceptual 12C 19868–43660 m²; SUPERFICIE_ESCENARIO_OBJETIVO_20000_12C 33345 m²; superficie a adquirir = DECISIÓN (criterio_terreno)",por corredor de la lista corta (DEC-055),No identificados (relevar; no se inventan proveedores); inmobiliarias / parques industriales,3,NO SOLICITADA (fase no habilitada: DEC-049),PENDIENTE (después del hito H-B),TER-*,"Responde DPV-087;DPV-087; pedir desglose por capas (08 plan_rfq.md §5.1), Incoterm, moneda, validez, IVA, flete, instalación"
"RFQ-16-10 Incubación (setters, hatchers, sala de huevo, HVAC)",incubacion,Setter y hatcher por separado; cadencia; vacunación (DEC-078),posiciones 14B por escala,por escala,Candidatos relevados sin selección en 08_maquinaria/proveedores_preliminares.md,3,NO SOLICITADA (fase no habilitada: DEC-049),PENDIENTE (después del hito H-B),INC-*,"Responde DPV-153;DPV-166; pedir desglose por capas (08 plan_rfq.md §5.1), Incoterm, moneda, validez, IVA, flete, instalación"
RFQ-16-11 Planta de alimento,alimento,t/h requerida de 14B (no catálogo sobredimensionado); forma física DEC-076,"0,9–41 t/h según escala y factores (SUP-148)",1,Candidatos relevados sin selección en 08_maquinaria/proveedores_preliminares.md,3,NO SOLICITADA (fase no habilitada: DEC-049),PENDIENTE (después del hito H-B),ALI-*,"Responde DPV-158;DPV-167; pedir desglose por capas (08 plan_rfq.md §5.1), Incoterm, moneda, validez, IVA, flete, instalación"
"RFQ-16-12 Vehículos por flujo (chasis, carrocería, frío, cajones)",vehiculos,Capacidad útil validada por flujo (DPV-084); separar chasis / carrocería / equipo de frío / jaulas,flota por flujo de 12B,por flujo,No identificados (relevar; no se inventan proveedores); concesionarios y carroceros,3,NO SOLICITADA (fase no habilitada: DEC-049),PENDIENTE (después del hito H-B),VEH-*;CAR-*;FRI-*;AUX-*;JAU-*,"Responde DPV-084;DPV-054; pedir desglose por capas (08 plan_rfq.md §5.1), Incoterm, moneda, validez, IVA, flete, instalación"
RFQ-16-13 Galpones de engorde y equipamiento,granjas,Tecnología de galpón (DEC-022); alcance de equipamiento,9486–75885 m² de galpón,por núcleo,No identificados (relevar; no se inventan proveedores); constructores de galpones y proveedores de equipamiento,3,NO SOLICITADA (fase no habilitada: DEC-049),PENDIENTE (después del hito H-B),GRA-*,"Responde DPV-051;DEC-022; pedir desglose por capas (08 plan_rfq.md §5.1), Incoterm, moneda, validez, IVA, flete, instalación"
