VARIABLE_A,VARIABLE_B,RELACION,COEFICIENTE,FUENTE,ESTADO,OBSERVACIONES
precio_pollo_entero,alimento,Precio del pollo y costo del alimento (traslado de granos a precio),,,PENDIENTE,Relación evidente: NO se asume independencia; coeficiente sin fuente (DPV-20-06). Un Monte Carlo con este par sin coeficiente queda rotulado CORRELACIONES_NO_MODELADAS
maiz,soja,Granos: mercados vinculados,,,PENDIENTE,Relación evidente: NO se asume independencia; coeficiente sin fuente (DPV-20-06). Un Monte Carlo con este par sin coeficiente queda rotulado CORRELACIONES_NO_MODELADAS
fx,precio_venta,Tipo de cambio y precios (traslado),,,PENDIENTE,Relación evidente: NO se asume independencia; coeficiente sin fuente (DPV-20-06). Un Monte Carlo con este par sin coeficiente queda rotulado CORRELACIONES_NO_MODELADAS
fx,alimento,Tipo de cambio y costos dolarizados (granos),,,PENDIENTE,Relación evidente: NO se asume independencia; coeficiente sin fuente (DPV-20-06). Un Monte Carlo con este par sin coeficiente queda rotulado CORRELACIONES_NO_MODELADAS
demanda,precio_venta,Demanda y precio (elasticidad / negociación),,,PENDIENTE,Relación evidente: NO se asume independencia; coeficiente sin fuente (DPV-20-06). Un Monte Carlo con este par sin coeficiente queda rotulado CORRELACIONES_NO_MODELADAS
utilizacion,eficiencia_linea,Utilización y eficiencia operativa,,,PENDIENTE,Relación evidente: NO se asume independencia; coeficiente sin fuente (DPV-20-06). Un Monte Carlo con este par sin coeficiente queda rotulado CORRELACIONES_NO_MODELADAS
fx,salarios,Inflación/devaluación y salarios en USD,,,PENDIENTE,Relación evidente: NO se asume independencia; coeficiente sin fuente (DPV-20-06). Un Monte Carlo con este par sin coeficiente queda rotulado CORRELACIONES_NO_MODELADAS
fx,electricidad,Inflación/devaluación y tarifas en USD,,,PENDIENTE,Relación evidente: NO se asume independencia; coeficiente sin fuente (DPV-20-06). Un Monte Carlo con este par sin coeficiente queda rotulado CORRELACIONES_NO_MODELADAS
alimento,fcr,Calidad de alimento y conversión,,,PENDIENTE,Relación evidente: NO se asume independencia; coeficiente sin fuente (DPV-20-06). Un Monte Carlo con este par sin coeficiente queda rotulado CORRELACIONES_NO_MODELADAS
