VARIABLE,DISTRIBUCION,PARAMETROS,FUENTE,ESTADO,OBSERVACIONES
precio_venta,,,,PENDIENTE,"Sin serie histórica ni cotizaciones múltiples en el repo: no se asigna distribución (DPV-180). Tipos admitidos: TRIANGULAR (min;moda;max), NORMAL_TRUNCADA (media;desvio;min;max), UNIFORME, LOGNORMAL (mu;sigma), DISCRETA (valores;probs), DETERMINISTA (valor), EMPIRICA (valores). Parámetros en la unidad del shock (fracción o días)"
alimento,,,,PENDIENTE,"Sin serie histórica ni cotizaciones múltiples en el repo: no se asigna distribución (DPV-180). Tipos admitidos: TRIANGULAR (min;moda;max), NORMAL_TRUNCADA (media;desvio;min;max), UNIFORME, LOGNORMAL (mu;sigma), DISCRETA (valores;probs), DETERMINISTA (valor), EMPIRICA (valores). Parámetros en la unidad del shock (fracción o días)"
maiz,,,,PENDIENTE,"Sin serie histórica ni cotizaciones múltiples en el repo: no se asigna distribución (DPV-180). Tipos admitidos: TRIANGULAR (min;moda;max), NORMAL_TRUNCADA (media;desvio;min;max), UNIFORME, LOGNORMAL (mu;sigma), DISCRETA (valores;probs), DETERMINISTA (valor), EMPIRICA (valores). Parámetros en la unidad del shock (fracción o días)"
soja,,,,PENDIENTE,"Sin serie histórica ni cotizaciones múltiples en el repo: no se asigna distribución (DPV-180). Tipos admitidos: TRIANGULAR (min;moda;max), NORMAL_TRUNCADA (media;desvio;min;max), UNIFORME, LOGNORMAL (mu;sigma), DISCRETA (valores;probs), DETERMINISTA (valor), EMPIRICA (valores). Parámetros en la unidad del shock (fracción o días)"
demanda,,,,PENDIENTE,"Sin serie histórica ni cotizaciones múltiples en el repo: no se asigna distribución (DPV-180). Tipos admitidos: TRIANGULAR (min;moda;max), NORMAL_TRUNCADA (media;desvio;min;max), UNIFORME, LOGNORMAL (mu;sigma), DISCRETA (valores;probs), DETERMINISTA (valor), EMPIRICA (valores). Parámetros en la unidad del shock (fracción o días)"
utilizacion,,,,PENDIENTE,"Sin serie histórica ni cotizaciones múltiples en el repo: no se asigna distribución (DPV-180). Tipos admitidos: TRIANGULAR (min;moda;max), NORMAL_TRUNCADA (media;desvio;min;max), UNIFORME, LOGNORMAL (mu;sigma), DISCRETA (valores;probs), DETERMINISTA (valor), EMPIRICA (valores). Parámetros en la unidad del shock (fracción o días)"
capex,,,,PENDIENTE,"Sin serie histórica ni cotizaciones múltiples en el repo: no se asigna distribución (DPV-180). Tipos admitidos: TRIANGULAR (min;moda;max), NORMAL_TRUNCADA (media;desvio;min;max), UNIFORME, LOGNORMAL (mu;sigma), DISCRETA (valores;probs), DETERMINISTA (valor), EMPIRICA (valores). Parámetros en la unidad del shock (fracción o días)"
mortalidad,,,,PENDIENTE,"Sin serie histórica ni cotizaciones múltiples en el repo: no se asigna distribución (DPV-180). Tipos admitidos: TRIANGULAR (min;moda;max), NORMAL_TRUNCADA (media;desvio;min;max), UNIFORME, LOGNORMAL (mu;sigma), DISCRETA (valores;probs), DETERMINISTA (valor), EMPIRICA (valores). Parámetros en la unidad del shock (fracción o días)"
fcr,,,,PENDIENTE,"Sin serie histórica ni cotizaciones múltiples en el repo: no se asigna distribución (DPV-180). Tipos admitidos: TRIANGULAR (min;moda;max), NORMAL_TRUNCADA (media;desvio;min;max), UNIFORME, LOGNORMAL (mu;sigma), DISCRETA (valores;probs), DETERMINISTA (valor), EMPIRICA (valores). Parámetros en la unidad del shock (fracción o días)"
fx,,,,PENDIENTE,"Sin serie histórica ni cotizaciones múltiples en el repo: no se asigna distribución (DPV-180). Tipos admitidos: TRIANGULAR (min;moda;max), NORMAL_TRUNCADA (media;desvio;min;max), UNIFORME, LOGNORMAL (mu;sigma), DISCRETA (valores;probs), DETERMINISTA (valor), EMPIRICA (valores). Parámetros en la unidad del shock (fracción o días)"
electricidad,,,,PENDIENTE,"Sin serie histórica ni cotizaciones múltiples en el repo: no se asigna distribución (DPV-180). Tipos admitidos: TRIANGULAR (min;moda;max), NORMAL_TRUNCADA (media;desvio;min;max), UNIFORME, LOGNORMAL (mu;sigma), DISCRETA (valores;probs), DETERMINISTA (valor), EMPIRICA (valores). Parámetros en la unidad del shock (fracción o días)"
salarios,,,,PENDIENTE,"Sin serie histórica ni cotizaciones múltiples en el repo: no se asigna distribución (DPV-180). Tipos admitidos: TRIANGULAR (min;moda;max), NORMAL_TRUNCADA (media;desvio;min;max), UNIFORME, LOGNORMAL (mu;sigma), DISCRETA (valores;probs), DETERMINISTA (valor), EMPIRICA (valores). Parámetros en la unidad del shock (fracción o días)"
dias_cobro,,,,PENDIENTE,"Sin serie histórica ni cotizaciones múltiples en el repo: no se asigna distribución (DPV-180). Tipos admitidos: TRIANGULAR (min;moda;max), NORMAL_TRUNCADA (media;desvio;min;max), UNIFORME, LOGNORMAL (mu;sigma), DISCRETA (valores;probs), DETERMINISTA (valor), EMPIRICA (valores). Parámetros en la unidad del shock (fracción o días)"
tasa_descuento,,,,PENDIENTE,"Sin serie histórica ni cotizaciones múltiples en el repo: no se asigna distribución (DPV-180). Tipos admitidos: TRIANGULAR (min;moda;max), NORMAL_TRUNCADA (media;desvio;min;max), UNIFORME, LOGNORMAL (mu;sigma), DISCRETA (valores;probs), DETERMINISTA (valor), EMPIRICA (valores). Parámetros en la unidad del shock (fracción o días)"
