ALTERNATIVA,COBERTURA_EVIDENCIA,CONFIANZA,DATOS_FALTANTES,DATO_QUE_MAS_PODRIA_CAMBIAR_DECISION,DRIVERS_CRITICOS,ETIQUETA,PUNTO_QUIEBRE,RAZONES_A_FAVOR,RAZONES_EN_CONTRA,RESTRICCIONES_INCUMPLIDAS,SEMAFORO,TIPO,UNIVERSO
C0|BASE|2500|ESCALA_UNICA,0.117647,BAJA,"CANALES, CAPEX, CT, DEMANDA, DEPRECIACION, DESCUENTO, FINANCIAMIENTO, GANANCIAS, IMPUESTOS_INGRESOS, IVA, OPEX, PRECIOS, PRODUCCION, RAMPUP, TIEMPO","CANALES, CAPEX, CT, DEMANDA, DEPRECIACION, DESCUENTO, FINANCIAMIENTO, GANANCIAS, IMPUESTOS_INGRESOS, IVA, OPEX, PRECIOS, PRODUCCION, RAMPUP, TIEMPO",NO_CALCULABLE (sin VAN publicable),MODO_EVIDENCIA,—,—,"faltan bloques económicos (VAN no publicable): CANALES, CAPEX, CT, DEMANDA, DEPRECIACION, DESCUENTO, FINANCIAMIENTO, GANANCIAS, IMPUESTOS_INGRESOS, IVA, OPEX, PRECIOS, PRODUCCION, RAMPUP, TIEMPO; gates físicos no confirmados: FACON_FAENA, PRODUCCION_PRIMARIA_INTEGRADOS, POLLITO, ALIMENTO_FACON, RECEPTOR_SUBPRODUCTOS, TRANSPORTE_TERCERO, FRIO_TERCERO",—,GRIS,OPERAR_ASSET_LIGHT,EVIDENCIA
C0|BASE|5000|ESCALA_UNICA,0.117647,BAJA,"CANALES, CAPEX, CT, DEMANDA, DEPRECIACION, DESCUENTO, FINANCIAMIENTO, GANANCIAS, IMPUESTOS_INGRESOS, IVA, OPEX, PRECIOS, PRODUCCION, RAMPUP, TIEMPO","CANALES, CAPEX, CT, DEMANDA, DEPRECIACION, DESCUENTO, FINANCIAMIENTO, GANANCIAS, IMPUESTOS_INGRESOS, IVA, OPEX, PRECIOS, PRODUCCION, RAMPUP, TIEMPO",NO_CALCULABLE (sin VAN publicable),MODO_EVIDENCIA,—,—,"faltan bloques económicos (VAN no publicable): CANALES, CAPEX, CT, DEMANDA, DEPRECIACION, DESCUENTO, FINANCIAMIENTO, GANANCIAS, IMPUESTOS_INGRESOS, IVA, OPEX, PRECIOS, PRODUCCION, RAMPUP, TIEMPO; gates físicos no confirmados: FACON_FAENA, PRODUCCION_PRIMARIA_INTEGRADOS, POLLITO, ALIMENTO_FACON, RECEPTOR_SUBPRODUCTOS, TRANSPORTE_TERCERO, FRIO_TERCERO",—,GRIS,OPERAR_ASSET_LIGHT,EVIDENCIA
C0|BASE|10000|ESCALA_UNICA,0.117647,BAJA,"CANALES, CAPEX, CT, DEMANDA, DEPRECIACION, DESCUENTO, FINANCIAMIENTO, GANANCIAS, IMPUESTOS_INGRESOS, IVA, OPEX, PRECIOS, PRODUCCION, RAMPUP, TIEMPO","CANALES, CAPEX, CT, DEMANDA, DEPRECIACION, DESCUENTO, FINANCIAMIENTO, GANANCIAS, IMPUESTOS_INGRESOS, IVA, OPEX, PRECIOS, PRODUCCION, RAMPUP, TIEMPO",NO_CALCULABLE (sin VAN publicable),MODO_EVIDENCIA,—,—,"faltan bloques económicos (VAN no publicable): CANALES, CAPEX, CT, DEMANDA, DEPRECIACION, DESCUENTO, FINANCIAMIENTO, GANANCIAS, IMPUESTOS_INGRESOS, IVA, OPEX, PRECIOS, PRODUCCION, RAMPUP, TIEMPO; gates físicos no confirmados: FACON_FAENA, PRODUCCION_PRIMARIA_INTEGRADOS, POLLITO, ALIMENTO_FACON, RECEPTOR_SUBPRODUCTOS, TRANSPORTE_TERCERO, FRIO_TERCERO",—,GRIS,OPERAR_ASSET_LIGHT,EVIDENCIA
C0|BASE|20000|ESCALA_UNICA,0.117647,BAJA,"CANALES, CAPEX, CT, DEMANDA, DEPRECIACION, DESCUENTO, FINANCIAMIENTO, GANANCIAS, IMPUESTOS_INGRESOS, IVA, OPEX, PRECIOS, PRODUCCION, RAMPUP, TIEMPO","CANALES, CAPEX, CT, DEMANDA, DEPRECIACION, DESCUENTO, FINANCIAMIENTO, GANANCIAS, IMPUESTOS_INGRESOS, IVA, OPEX, PRECIOS, PRODUCCION, RAMPUP, TIEMPO",NO_CALCULABLE (sin VAN publicable),MODO_EVIDENCIA,—,—,"faltan bloques económicos (VAN no publicable): CANALES, CAPEX, CT, DEMANDA, DEPRECIACION, DESCUENTO, FINANCIAMIENTO, GANANCIAS, IMPUESTOS_INGRESOS, IVA, OPEX, PRECIOS, PRODUCCION, RAMPUP, TIEMPO; gates físicos no confirmados: FACON_FAENA, PRODUCCION_PRIMARIA_INTEGRADOS, POLLITO, ALIMENTO_FACON, RECEPTOR_SUBPRODUCTOS, TRANSPORTE_TERCERO, FRIO_TERCERO",—,GRIS,OPERAR_ASSET_LIGHT,EVIDENCIA
C0|BASE|2500-5000-10000-20000|T1_2500_5000_10000_20000,0.117647,BAJA,"CANALES, CAPEX, CT, DEMANDA, DEPRECIACION, DESCUENTO, FINANCIAMIENTO, GANANCIAS, IMPUESTOS_INGRESOS, IVA, OPEX, PRECIOS, PRODUCCION, RAMPUP, TIEMPO","CANALES, CAPEX, CT, DEMANDA, DEPRECIACION, DESCUENTO, FINANCIAMIENTO, GANANCIAS, IMPUESTOS_INGRESOS, IVA, OPEX, PRECIOS, PRODUCCION, RAMPUP, TIEMPO",NO_CALCULABLE (sin VAN publicable),MODO_EVIDENCIA,—,—,"faltan bloques económicos (VAN no publicable): CANALES, CAPEX, CT, DEMANDA, DEPRECIACION, DESCUENTO, FINANCIAMIENTO, GANANCIAS, IMPUESTOS_INGRESOS, IVA, OPEX, PRECIOS, PRODUCCION, RAMPUP, TIEMPO; gates físicos no confirmados: FACON_FAENA, PRODUCCION_PRIMARIA_INTEGRADOS, POLLITO, ALIMENTO_FACON, RECEPTOR_SUBPRODUCTOS, TRANSPORTE_TERCERO, FRIO_TERCERO",—,GRIS,OPERAR_ASSET_LIGHT,EVIDENCIA
C0|BASE|5000-10000-20000|T2_5000_10000_20000,0.117647,BAJA,"CANALES, CAPEX, CT, DEMANDA, DEPRECIACION, DESCUENTO, FINANCIAMIENTO, GANANCIAS, IMPUESTOS_INGRESOS, IVA, OPEX, PRECIOS, PRODUCCION, RAMPUP, TIEMPO","CANALES, CAPEX, CT, DEMANDA, DEPRECIACION, DESCUENTO, FINANCIAMIENTO, GANANCIAS, IMPUESTOS_INGRESOS, IVA, OPEX, PRECIOS, PRODUCCION, RAMPUP, TIEMPO",NO_CALCULABLE (sin VAN publicable),MODO_EVIDENCIA,—,—,"faltan bloques económicos (VAN no publicable): CANALES, CAPEX, CT, DEMANDA, DEPRECIACION, DESCUENTO, FINANCIAMIENTO, GANANCIAS, IMPUESTOS_INGRESOS, IVA, OPEX, PRECIOS, PRODUCCION, RAMPUP, TIEMPO; gates físicos no confirmados: FACON_FAENA, PRODUCCION_PRIMARIA_INTEGRADOS, POLLITO, ALIMENTO_FACON, RECEPTOR_SUBPRODUCTOS, TRANSPORTE_TERCERO, FRIO_TERCERO",—,GRIS,OPERAR_ASSET_LIGHT,EVIDENCIA
C0|BASE|10000-20000|T3_10000_20000,0.117647,BAJA,"CANALES, CAPEX, CT, DEMANDA, DEPRECIACION, DESCUENTO, FINANCIAMIENTO, GANANCIAS, IMPUESTOS_INGRESOS, IVA, OPEX, PRECIOS, PRODUCCION, RAMPUP, TIEMPO","CANALES, CAPEX, CT, DEMANDA, DEPRECIACION, DESCUENTO, FINANCIAMIENTO, GANANCIAS, IMPUESTOS_INGRESOS, IVA, OPEX, PRECIOS, PRODUCCION, RAMPUP, TIEMPO",NO_CALCULABLE (sin VAN publicable),MODO_EVIDENCIA,—,—,"faltan bloques económicos (VAN no publicable): CANALES, CAPEX, CT, DEMANDA, DEPRECIACION, DESCUENTO, FINANCIAMIENTO, GANANCIAS, IMPUESTOS_INGRESOS, IVA, OPEX, PRECIOS, PRODUCCION, RAMPUP, TIEMPO; gates físicos no confirmados: FACON_FAENA, PRODUCCION_PRIMARIA_INTEGRADOS, POLLITO, ALIMENTO_FACON, RECEPTOR_SUBPRODUCTOS, TRANSPORTE_TERCERO, FRIO_TERCERO",—,GRIS,OPERAR_ASSET_LIGHT,EVIDENCIA
C1|BASE|2500|ESCALA_UNICA,0.117647,BAJA,"CANALES, CAPEX, CT, DEMANDA, DEPRECIACION, DESCUENTO, FINANCIAMIENTO, GANANCIAS, IMPUESTOS_INGRESOS, IVA, OPEX, PRECIOS, PRODUCCION, RAMPUP, TIEMPO","CANALES, CAPEX, CT, DEMANDA, DEPRECIACION, DESCUENTO, FINANCIAMIENTO, GANANCIAS, IMPUESTOS_INGRESOS, IVA, OPEX, PRECIOS, PRODUCCION, RAMPUP, TIEMPO",NO_CALCULABLE (sin VAN publicable),MODO_EVIDENCIA,—,—,"faltan bloques económicos (VAN no publicable): CANALES, CAPEX, CT, DEMANDA, DEPRECIACION, DESCUENTO, FINANCIAMIENTO, GANANCIAS, IMPUESTOS_INGRESOS, IVA, OPEX, PRECIOS, PRODUCCION, RAMPUP, TIEMPO; gates físicos no confirmados: TERRENO, AGUA, POTENCIA, CAPACIDAD_LINEA, PRODUCCION_PRIMARIA_INTEGRADOS, POLLITO, ALIMENTO_COMPRA, RECEPTOR_SUBPRODUCTOS, TRANSPORTE_TERCERO",—,GRIS,PLANTA,EVIDENCIA
C1|BASE|5000|ESCALA_UNICA,0.117647,BAJA,"CANALES, CAPEX, CT, DEMANDA, DEPRECIACION, DESCUENTO, FINANCIAMIENTO, GANANCIAS, IMPUESTOS_INGRESOS, IVA, OPEX, PRECIOS, PRODUCCION, RAMPUP, TIEMPO","CANALES, CAPEX, CT, DEMANDA, DEPRECIACION, DESCUENTO, FINANCIAMIENTO, GANANCIAS, IMPUESTOS_INGRESOS, IVA, OPEX, PRECIOS, PRODUCCION, RAMPUP, TIEMPO",NO_CALCULABLE (sin VAN publicable),MODO_EVIDENCIA,—,—,"faltan bloques económicos (VAN no publicable): CANALES, CAPEX, CT, DEMANDA, DEPRECIACION, DESCUENTO, FINANCIAMIENTO, GANANCIAS, IMPUESTOS_INGRESOS, IVA, OPEX, PRECIOS, PRODUCCION, RAMPUP, TIEMPO; gates físicos no confirmados: TERRENO, AGUA, POTENCIA, CAPACIDAD_LINEA, PRODUCCION_PRIMARIA_INTEGRADOS, POLLITO, ALIMENTO_COMPRA, RECEPTOR_SUBPRODUCTOS, TRANSPORTE_TERCERO",—,GRIS,PLANTA,EVIDENCIA
C1|BASE|10000|ESCALA_UNICA,0.117647,BAJA,"CANALES, CAPEX, CT, DEMANDA, DEPRECIACION, DESCUENTO, FINANCIAMIENTO, GANANCIAS, IMPUESTOS_INGRESOS, IVA, OPEX, PRECIOS, PRODUCCION, RAMPUP, TIEMPO","CANALES, CAPEX, CT, DEMANDA, DEPRECIACION, DESCUENTO, FINANCIAMIENTO, GANANCIAS, IMPUESTOS_INGRESOS, IVA, OPEX, PRECIOS, PRODUCCION, RAMPUP, TIEMPO",NO_CALCULABLE (sin VAN publicable),MODO_EVIDENCIA,—,—,"faltan bloques económicos (VAN no publicable): CANALES, CAPEX, CT, DEMANDA, DEPRECIACION, DESCUENTO, FINANCIAMIENTO, GANANCIAS, IMPUESTOS_INGRESOS, IVA, OPEX, PRECIOS, PRODUCCION, RAMPUP, TIEMPO; gates físicos no confirmados: TERRENO, AGUA, POTENCIA, CAPACIDAD_LINEA, PRODUCCION_PRIMARIA_INTEGRADOS, POLLITO, ALIMENTO_COMPRA, RECEPTOR_SUBPRODUCTOS, TRANSPORTE_TERCERO",—,GRIS,PLANTA,EVIDENCIA
C1|BASE|20000|ESCALA_UNICA,0.117647,BAJA,"CANALES, CAPEX, CT, DEMANDA, DEPRECIACION, DESCUENTO, FINANCIAMIENTO, GANANCIAS, IMPUESTOS_INGRESOS, IVA, OPEX, PRECIOS, PRODUCCION, RAMPUP, TIEMPO","CANALES, CAPEX, CT, DEMANDA, DEPRECIACION, DESCUENTO, FINANCIAMIENTO, GANANCIAS, IMPUESTOS_INGRESOS, IVA, OPEX, PRECIOS, PRODUCCION, RAMPUP, TIEMPO",NO_CALCULABLE (sin VAN publicable),MODO_EVIDENCIA,—,—,"faltan bloques económicos (VAN no publicable): CANALES, CAPEX, CT, DEMANDA, DEPRECIACION, DESCUENTO, FINANCIAMIENTO, GANANCIAS, IMPUESTOS_INGRESOS, IVA, OPEX, PRECIOS, PRODUCCION, RAMPUP, TIEMPO; gates físicos no confirmados: TERRENO, AGUA, POTENCIA, CAPACIDAD_LINEA, PRODUCCION_PRIMARIA_INTEGRADOS, POLLITO, ALIMENTO_COMPRA, RECEPTOR_SUBPRODUCTOS, TRANSPORTE_TERCERO",—,GRIS,PLANTA,EVIDENCIA
C1|BASE|2500-5000-10000-20000|T1_2500_5000_10000_20000,0.117647,BAJA,"CANALES, CAPEX, CT, DEMANDA, DEPRECIACION, DESCUENTO, FINANCIAMIENTO, GANANCIAS, IMPUESTOS_INGRESOS, IVA, OPEX, PRECIOS, PRODUCCION, RAMPUP, TIEMPO","CANALES, CAPEX, CT, DEMANDA, DEPRECIACION, DESCUENTO, FINANCIAMIENTO, GANANCIAS, IMPUESTOS_INGRESOS, IVA, OPEX, PRECIOS, PRODUCCION, RAMPUP, TIEMPO",NO_CALCULABLE (sin VAN publicable),MODO_EVIDENCIA,—,—,"faltan bloques económicos (VAN no publicable): CANALES, CAPEX, CT, DEMANDA, DEPRECIACION, DESCUENTO, FINANCIAMIENTO, GANANCIAS, IMPUESTOS_INGRESOS, IVA, OPEX, PRECIOS, PRODUCCION, RAMPUP, TIEMPO; gates físicos no confirmados: TERRENO, AGUA, POTENCIA, CAPACIDAD_LINEA, PRODUCCION_PRIMARIA_INTEGRADOS, POLLITO, ALIMENTO_COMPRA, RECEPTOR_SUBPRODUCTOS, TRANSPORTE_TERCERO",—,GRIS,PLANTA,EVIDENCIA
C1|BASE|5000-10000-20000|T2_5000_10000_20000,0.117647,BAJA,"CANALES, CAPEX, CT, DEMANDA, DEPRECIACION, DESCUENTO, FINANCIAMIENTO, GANANCIAS, IMPUESTOS_INGRESOS, IVA, OPEX, PRECIOS, PRODUCCION, RAMPUP, TIEMPO","CANALES, CAPEX, CT, DEMANDA, DEPRECIACION, DESCUENTO, FINANCIAMIENTO, GANANCIAS, IMPUESTOS_INGRESOS, IVA, OPEX, PRECIOS, PRODUCCION, RAMPUP, TIEMPO",NO_CALCULABLE (sin VAN publicable),MODO_EVIDENCIA,—,—,"faltan bloques económicos (VAN no publicable): CANALES, CAPEX, CT, DEMANDA, DEPRECIACION, DESCUENTO, FINANCIAMIENTO, GANANCIAS, IMPUESTOS_INGRESOS, IVA, OPEX, PRECIOS, PRODUCCION, RAMPUP, TIEMPO; gates físicos no confirmados: TERRENO, AGUA, POTENCIA, CAPACIDAD_LINEA, PRODUCCION_PRIMARIA_INTEGRADOS, POLLITO, ALIMENTO_COMPRA, RECEPTOR_SUBPRODUCTOS, TRANSPORTE_TERCERO",—,GRIS,PLANTA,EVIDENCIA
C1|BASE|10000-20000|T3_10000_20000,0.117647,BAJA,"CANALES, CAPEX, CT, DEMANDA, DEPRECIACION, DESCUENTO, FINANCIAMIENTO, GANANCIAS, IMPUESTOS_INGRESOS, IVA, OPEX, PRECIOS, PRODUCCION, RAMPUP, TIEMPO","CANALES, CAPEX, CT, DEMANDA, DEPRECIACION, DESCUENTO, FINANCIAMIENTO, GANANCIAS, IMPUESTOS_INGRESOS, IVA, OPEX, PRECIOS, PRODUCCION, RAMPUP, TIEMPO",NO_CALCULABLE (sin VAN publicable),MODO_EVIDENCIA,—,—,"faltan bloques económicos (VAN no publicable): CANALES, CAPEX, CT, DEMANDA, DEPRECIACION, DESCUENTO, FINANCIAMIENTO, GANANCIAS, IMPUESTOS_INGRESOS, IVA, OPEX, PRECIOS, PRODUCCION, RAMPUP, TIEMPO; gates físicos no confirmados: TERRENO, AGUA, POTENCIA, CAPACIDAD_LINEA, PRODUCCION_PRIMARIA_INTEGRADOS, POLLITO, ALIMENTO_COMPRA, RECEPTOR_SUBPRODUCTOS, TRANSPORTE_TERCERO",—,GRIS,PLANTA,EVIDENCIA
C2|BASE|2500|ESCALA_UNICA,0.117647,BAJA,"CANALES, CAPEX, CT, DEMANDA, DEPRECIACION, DESCUENTO, FINANCIAMIENTO, GANANCIAS, IMPUESTOS_INGRESOS, IVA, OPEX, PRECIOS, PRODUCCION, RAMPUP, TIEMPO","CANALES, CAPEX, CT, DEMANDA, DEPRECIACION, DESCUENTO, FINANCIAMIENTO, GANANCIAS, IMPUESTOS_INGRESOS, IVA, OPEX, PRECIOS, PRODUCCION, RAMPUP, TIEMPO",NO_CALCULABLE (sin VAN publicable),MODO_EVIDENCIA,—,—,"faltan bloques económicos (VAN no publicable): CANALES, CAPEX, CT, DEMANDA, DEPRECIACION, DESCUENTO, FINANCIAMIENTO, GANANCIAS, IMPUESTOS_INGRESOS, IVA, OPEX, PRECIOS, PRODUCCION, RAMPUP, TIEMPO; gates físicos no confirmados: TERRENO, AGUA, POTENCIA, CAPACIDAD_LINEA, PRODUCCION_PRIMARIA_INTEGRADOS, SITIOS_GRANJAS_PROPIAS, POLLITO, ALIMENTO_FACON, RECEPTOR_SUBPRODUCTOS, TRANSPORTE_TERCERO",—,GRIS,PLANTA,EVIDENCIA
C2|BASE|5000|ESCALA_UNICA,0.117647,BAJA,"CANALES, CAPEX, CT, DEMANDA, DEPRECIACION, DESCUENTO, FINANCIAMIENTO, GANANCIAS, IMPUESTOS_INGRESOS, IVA, OPEX, PRECIOS, PRODUCCION, RAMPUP, TIEMPO","CANALES, CAPEX, CT, DEMANDA, DEPRECIACION, DESCUENTO, FINANCIAMIENTO, GANANCIAS, IMPUESTOS_INGRESOS, IVA, OPEX, PRECIOS, PRODUCCION, RAMPUP, TIEMPO",NO_CALCULABLE (sin VAN publicable),MODO_EVIDENCIA,—,—,"faltan bloques económicos (VAN no publicable): CANALES, CAPEX, CT, DEMANDA, DEPRECIACION, DESCUENTO, FINANCIAMIENTO, GANANCIAS, IMPUESTOS_INGRESOS, IVA, OPEX, PRECIOS, PRODUCCION, RAMPUP, TIEMPO; gates físicos no confirmados: TERRENO, AGUA, POTENCIA, CAPACIDAD_LINEA, PRODUCCION_PRIMARIA_INTEGRADOS, SITIOS_GRANJAS_PROPIAS, POLLITO, ALIMENTO_FACON, RECEPTOR_SUBPRODUCTOS, TRANSPORTE_TERCERO",—,GRIS,PLANTA,EVIDENCIA
C2|BASE|10000|ESCALA_UNICA,0.117647,BAJA,"CANALES, CAPEX, CT, DEMANDA, DEPRECIACION, DESCUENTO, FINANCIAMIENTO, GANANCIAS, IMPUESTOS_INGRESOS, IVA, OPEX, PRECIOS, PRODUCCION, RAMPUP, TIEMPO","CANALES, CAPEX, CT, DEMANDA, DEPRECIACION, DESCUENTO, FINANCIAMIENTO, GANANCIAS, IMPUESTOS_INGRESOS, IVA, OPEX, PRECIOS, PRODUCCION, RAMPUP, TIEMPO",NO_CALCULABLE (sin VAN publicable),MODO_EVIDENCIA,—,—,"faltan bloques económicos (VAN no publicable): CANALES, CAPEX, CT, DEMANDA, DEPRECIACION, DESCUENTO, FINANCIAMIENTO, GANANCIAS, IMPUESTOS_INGRESOS, IVA, OPEX, PRECIOS, PRODUCCION, RAMPUP, TIEMPO; gates físicos no confirmados: TERRENO, AGUA, POTENCIA, CAPACIDAD_LINEA, PRODUCCION_PRIMARIA_INTEGRADOS, SITIOS_GRANJAS_PROPIAS, POLLITO, ALIMENTO_FACON, RECEPTOR_SUBPRODUCTOS, TRANSPORTE_TERCERO",—,GRIS,PLANTA,EVIDENCIA
C2|BASE|20000|ESCALA_UNICA,0.117647,BAJA,"CANALES, CAPEX, CT, DEMANDA, DEPRECIACION, DESCUENTO, FINANCIAMIENTO, GANANCIAS, IMPUESTOS_INGRESOS, IVA, OPEX, PRECIOS, PRODUCCION, RAMPUP, TIEMPO","CANALES, CAPEX, CT, DEMANDA, DEPRECIACION, DESCUENTO, FINANCIAMIENTO, GANANCIAS, IMPUESTOS_INGRESOS, IVA, OPEX, PRECIOS, PRODUCCION, RAMPUP, TIEMPO",NO_CALCULABLE (sin VAN publicable),MODO_EVIDENCIA,—,—,"faltan bloques económicos (VAN no publicable): CANALES, CAPEX, CT, DEMANDA, DEPRECIACION, DESCUENTO, FINANCIAMIENTO, GANANCIAS, IMPUESTOS_INGRESOS, IVA, OPEX, PRECIOS, PRODUCCION, RAMPUP, TIEMPO; gates físicos no confirmados: TERRENO, AGUA, POTENCIA, CAPACIDAD_LINEA, PRODUCCION_PRIMARIA_INTEGRADOS, SITIOS_GRANJAS_PROPIAS, POLLITO, ALIMENTO_FACON, RECEPTOR_SUBPRODUCTOS, TRANSPORTE_TERCERO",—,GRIS,PLANTA,EVIDENCIA
C2|BASE|2500-5000-10000-20000|T1_2500_5000_10000_20000,0.117647,BAJA,"CANALES, CAPEX, CT, DEMANDA, DEPRECIACION, DESCUENTO, FINANCIAMIENTO, GANANCIAS, IMPUESTOS_INGRESOS, IVA, OPEX, PRECIOS, PRODUCCION, RAMPUP, TIEMPO","CANALES, CAPEX, CT, DEMANDA, DEPRECIACION, DESCUENTO, FINANCIAMIENTO, GANANCIAS, IMPUESTOS_INGRESOS, IVA, OPEX, PRECIOS, PRODUCCION, RAMPUP, TIEMPO",NO_CALCULABLE (sin VAN publicable),MODO_EVIDENCIA,—,—,"faltan bloques económicos (VAN no publicable): CANALES, CAPEX, CT, DEMANDA, DEPRECIACION, DESCUENTO, FINANCIAMIENTO, GANANCIAS, IMPUESTOS_INGRESOS, IVA, OPEX, PRECIOS, PRODUCCION, RAMPUP, TIEMPO; gates físicos no confirmados: TERRENO, AGUA, POTENCIA, CAPACIDAD_LINEA, PRODUCCION_PRIMARIA_INTEGRADOS, SITIOS_GRANJAS_PROPIAS, POLLITO, ALIMENTO_FACON, RECEPTOR_SUBPRODUCTOS, TRANSPORTE_TERCERO",—,GRIS,PLANTA,EVIDENCIA
C2|BASE|5000-10000-20000|T2_5000_10000_20000,0.117647,BAJA,"CANALES, CAPEX, CT, DEMANDA, DEPRECIACION, DESCUENTO, FINANCIAMIENTO, GANANCIAS, IMPUESTOS_INGRESOS, IVA, OPEX, PRECIOS, PRODUCCION, RAMPUP, TIEMPO","CANALES, CAPEX, CT, DEMANDA, DEPRECIACION, DESCUENTO, FINANCIAMIENTO, GANANCIAS, IMPUESTOS_INGRESOS, IVA, OPEX, PRECIOS, PRODUCCION, RAMPUP, TIEMPO",NO_CALCULABLE (sin VAN publicable),MODO_EVIDENCIA,—,—,"faltan bloques económicos (VAN no publicable): CANALES, CAPEX, CT, DEMANDA, DEPRECIACION, DESCUENTO, FINANCIAMIENTO, GANANCIAS, IMPUESTOS_INGRESOS, IVA, OPEX, PRECIOS, PRODUCCION, RAMPUP, TIEMPO; gates físicos no confirmados: TERRENO, AGUA, POTENCIA, CAPACIDAD_LINEA, PRODUCCION_PRIMARIA_INTEGRADOS, SITIOS_GRANJAS_PROPIAS, POLLITO, ALIMENTO_FACON, RECEPTOR_SUBPRODUCTOS, TRANSPORTE_TERCERO",—,GRIS,PLANTA,EVIDENCIA
C2|BASE|10000-20000|T3_10000_20000,0.117647,BAJA,"CANALES, CAPEX, CT, DEMANDA, DEPRECIACION, DESCUENTO, FINANCIAMIENTO, GANANCIAS, IMPUESTOS_INGRESOS, IVA, OPEX, PRECIOS, PRODUCCION, RAMPUP, TIEMPO","CANALES, CAPEX, CT, DEMANDA, DEPRECIACION, DESCUENTO, FINANCIAMIENTO, GANANCIAS, IMPUESTOS_INGRESOS, IVA, OPEX, PRECIOS, PRODUCCION, RAMPUP, TIEMPO",NO_CALCULABLE (sin VAN publicable),MODO_EVIDENCIA,—,—,"faltan bloques económicos (VAN no publicable): CANALES, CAPEX, CT, DEMANDA, DEPRECIACION, DESCUENTO, FINANCIAMIENTO, GANANCIAS, IMPUESTOS_INGRESOS, IVA, OPEX, PRECIOS, PRODUCCION, RAMPUP, TIEMPO; gates físicos no confirmados: TERRENO, AGUA, POTENCIA, CAPACIDAD_LINEA, PRODUCCION_PRIMARIA_INTEGRADOS, SITIOS_GRANJAS_PROPIAS, POLLITO, ALIMENTO_FACON, RECEPTOR_SUBPRODUCTOS, TRANSPORTE_TERCERO",—,GRIS,PLANTA,EVIDENCIA
C3|BASE|2500|ESCALA_UNICA,0.117647,BAJA,"CANALES, CAPEX, CT, DEMANDA, DEPRECIACION, DESCUENTO, FINANCIAMIENTO, GANANCIAS, IMPUESTOS_INGRESOS, IVA, OPEX, PRECIOS, PRODUCCION, RAMPUP, TIEMPO","CANALES, CAPEX, CT, DEMANDA, DEPRECIACION, DESCUENTO, FINANCIAMIENTO, GANANCIAS, IMPUESTOS_INGRESOS, IVA, OPEX, PRECIOS, PRODUCCION, RAMPUP, TIEMPO",NO_CALCULABLE (sin VAN publicable),MODO_EVIDENCIA,—,—,"faltan bloques económicos (VAN no publicable): CANALES, CAPEX, CT, DEMANDA, DEPRECIACION, DESCUENTO, FINANCIAMIENTO, GANANCIAS, IMPUESTOS_INGRESOS, IVA, OPEX, PRECIOS, PRODUCCION, RAMPUP, TIEMPO; gates físicos no confirmados: TERRENO, AGUA, POTENCIA, CAPACIDAD_LINEA, SITIOS_GRANJAS_PROPIAS, HUEVO_FERTIL_INCUBACION, ALIMENTO_PROPIA, TRATAMIENTO_SUBPRODUCTOS",—,GRIS,PLANTA,EVIDENCIA
C3|BASE|5000|ESCALA_UNICA,0.117647,BAJA,"CANALES, CAPEX, CT, DEMANDA, DEPRECIACION, DESCUENTO, FINANCIAMIENTO, GANANCIAS, IMPUESTOS_INGRESOS, IVA, OPEX, PRECIOS, PRODUCCION, RAMPUP, TIEMPO","CANALES, CAPEX, CT, DEMANDA, DEPRECIACION, DESCUENTO, FINANCIAMIENTO, GANANCIAS, IMPUESTOS_INGRESOS, IVA, OPEX, PRECIOS, PRODUCCION, RAMPUP, TIEMPO",NO_CALCULABLE (sin VAN publicable),MODO_EVIDENCIA,—,—,"faltan bloques económicos (VAN no publicable): CANALES, CAPEX, CT, DEMANDA, DEPRECIACION, DESCUENTO, FINANCIAMIENTO, GANANCIAS, IMPUESTOS_INGRESOS, IVA, OPEX, PRECIOS, PRODUCCION, RAMPUP, TIEMPO; gates físicos no confirmados: TERRENO, AGUA, POTENCIA, CAPACIDAD_LINEA, SITIOS_GRANJAS_PROPIAS, HUEVO_FERTIL_INCUBACION, ALIMENTO_PROPIA, TRATAMIENTO_SUBPRODUCTOS",—,GRIS,PLANTA,EVIDENCIA
C3|BASE|10000|ESCALA_UNICA,0.117647,BAJA,"CANALES, CAPEX, CT, DEMANDA, DEPRECIACION, DESCUENTO, FINANCIAMIENTO, GANANCIAS, IMPUESTOS_INGRESOS, IVA, OPEX, PRECIOS, PRODUCCION, RAMPUP, TIEMPO","CANALES, CAPEX, CT, DEMANDA, DEPRECIACION, DESCUENTO, FINANCIAMIENTO, GANANCIAS, IMPUESTOS_INGRESOS, IVA, OPEX, PRECIOS, PRODUCCION, RAMPUP, TIEMPO",NO_CALCULABLE (sin VAN publicable),MODO_EVIDENCIA,—,—,"faltan bloques económicos (VAN no publicable): CANALES, CAPEX, CT, DEMANDA, DEPRECIACION, DESCUENTO, FINANCIAMIENTO, GANANCIAS, IMPUESTOS_INGRESOS, IVA, OPEX, PRECIOS, PRODUCCION, RAMPUP, TIEMPO; gates físicos no confirmados: TERRENO, AGUA, POTENCIA, CAPACIDAD_LINEA, SITIOS_GRANJAS_PROPIAS, HUEVO_FERTIL_INCUBACION, ALIMENTO_PROPIA, TRATAMIENTO_SUBPRODUCTOS",—,GRIS,PLANTA,EVIDENCIA
C3|BASE|20000|ESCALA_UNICA,0.117647,BAJA,"CANALES, CAPEX, CT, DEMANDA, DEPRECIACION, DESCUENTO, FINANCIAMIENTO, GANANCIAS, IMPUESTOS_INGRESOS, IVA, OPEX, PRECIOS, PRODUCCION, RAMPUP, TIEMPO","CANALES, CAPEX, CT, DEMANDA, DEPRECIACION, DESCUENTO, FINANCIAMIENTO, GANANCIAS, IMPUESTOS_INGRESOS, IVA, OPEX, PRECIOS, PRODUCCION, RAMPUP, TIEMPO",NO_CALCULABLE (sin VAN publicable),MODO_EVIDENCIA,—,—,"faltan bloques económicos (VAN no publicable): CANALES, CAPEX, CT, DEMANDA, DEPRECIACION, DESCUENTO, FINANCIAMIENTO, GANANCIAS, IMPUESTOS_INGRESOS, IVA, OPEX, PRECIOS, PRODUCCION, RAMPUP, TIEMPO; gates físicos no confirmados: TERRENO, AGUA, POTENCIA, CAPACIDAD_LINEA, SITIOS_GRANJAS_PROPIAS, HUEVO_FERTIL_INCUBACION, ALIMENTO_PROPIA, TRATAMIENTO_SUBPRODUCTOS",—,GRIS,PLANTA,EVIDENCIA
C3|BASE|2500-5000-10000-20000|T1_2500_5000_10000_20000,0.117647,BAJA,"CANALES, CAPEX, CT, DEMANDA, DEPRECIACION, DESCUENTO, FINANCIAMIENTO, GANANCIAS, IMPUESTOS_INGRESOS, IVA, OPEX, PRECIOS, PRODUCCION, RAMPUP, TIEMPO","CANALES, CAPEX, CT, DEMANDA, DEPRECIACION, DESCUENTO, FINANCIAMIENTO, GANANCIAS, IMPUESTOS_INGRESOS, IVA, OPEX, PRECIOS, PRODUCCION, RAMPUP, TIEMPO",NO_CALCULABLE (sin VAN publicable),MODO_EVIDENCIA,—,—,"faltan bloques económicos (VAN no publicable): CANALES, CAPEX, CT, DEMANDA, DEPRECIACION, DESCUENTO, FINANCIAMIENTO, GANANCIAS, IMPUESTOS_INGRESOS, IVA, OPEX, PRECIOS, PRODUCCION, RAMPUP, TIEMPO; gates físicos no confirmados: TERRENO, AGUA, POTENCIA, CAPACIDAD_LINEA, SITIOS_GRANJAS_PROPIAS, HUEVO_FERTIL_INCUBACION, ALIMENTO_PROPIA, TRATAMIENTO_SUBPRODUCTOS",—,GRIS,PLANTA,EVIDENCIA
C3|BASE|5000-10000-20000|T2_5000_10000_20000,0.117647,BAJA,"CANALES, CAPEX, CT, DEMANDA, DEPRECIACION, DESCUENTO, FINANCIAMIENTO, GANANCIAS, IMPUESTOS_INGRESOS, IVA, OPEX, PRECIOS, PRODUCCION, RAMPUP, TIEMPO","CANALES, CAPEX, CT, DEMANDA, DEPRECIACION, DESCUENTO, FINANCIAMIENTO, GANANCIAS, IMPUESTOS_INGRESOS, IVA, OPEX, PRECIOS, PRODUCCION, RAMPUP, TIEMPO",NO_CALCULABLE (sin VAN publicable),MODO_EVIDENCIA,—,—,"faltan bloques económicos (VAN no publicable): CANALES, CAPEX, CT, DEMANDA, DEPRECIACION, DESCUENTO, FINANCIAMIENTO, GANANCIAS, IMPUESTOS_INGRESOS, IVA, OPEX, PRECIOS, PRODUCCION, RAMPUP, TIEMPO; gates físicos no confirmados: TERRENO, AGUA, POTENCIA, CAPACIDAD_LINEA, SITIOS_GRANJAS_PROPIAS, HUEVO_FERTIL_INCUBACION, ALIMENTO_PROPIA, TRATAMIENTO_SUBPRODUCTOS",—,GRIS,PLANTA,EVIDENCIA
C3|BASE|10000-20000|T3_10000_20000,0.117647,BAJA,"CANALES, CAPEX, CT, DEMANDA, DEPRECIACION, DESCUENTO, FINANCIAMIENTO, GANANCIAS, IMPUESTOS_INGRESOS, IVA, OPEX, PRECIOS, PRODUCCION, RAMPUP, TIEMPO","CANALES, CAPEX, CT, DEMANDA, DEPRECIACION, DESCUENTO, FINANCIAMIENTO, GANANCIAS, IMPUESTOS_INGRESOS, IVA, OPEX, PRECIOS, PRODUCCION, RAMPUP, TIEMPO",NO_CALCULABLE (sin VAN publicable),MODO_EVIDENCIA,—,—,"faltan bloques económicos (VAN no publicable): CANALES, CAPEX, CT, DEMANDA, DEPRECIACION, DESCUENTO, FINANCIAMIENTO, GANANCIAS, IMPUESTOS_INGRESOS, IVA, OPEX, PRECIOS, PRODUCCION, RAMPUP, TIEMPO; gates físicos no confirmados: TERRENO, AGUA, POTENCIA, CAPACIDAD_LINEA, SITIOS_GRANJAS_PROPIAS, HUEVO_FERTIL_INCUBACION, ALIMENTO_PROPIA, TRATAMIENTO_SUBPRODUCTOS",—,GRIS,PLANTA,EVIDENCIA
CF|BASE|2500|ESCALA_UNICA,0.117647,BAJA,"CANALES, CAPEX, CT, DEMANDA, DEPRECIACION, DESCUENTO, FINANCIAMIENTO, GANANCIAS, IMPUESTOS_INGRESOS, IVA, OPEX, PRECIOS, PRODUCCION, RAMPUP, TIEMPO","CANALES, CAPEX, CT, DEMANDA, DEPRECIACION, DESCUENTO, FINANCIAMIENTO, GANANCIAS, IMPUESTOS_INGRESOS, IVA, OPEX, PRECIOS, PRODUCCION, RAMPUP, TIEMPO",NO_CALCULABLE (sin VAN publicable),MODO_EVIDENCIA,—,—,"faltan bloques económicos (VAN no publicable): CANALES, CAPEX, CT, DEMANDA, DEPRECIACION, DESCUENTO, FINANCIAMIENTO, GANANCIAS, IMPUESTOS_INGRESOS, IVA, OPEX, PRECIOS, PRODUCCION, RAMPUP, TIEMPO; gates físicos no confirmados: TERRENO, AGUA, POTENCIA, CAPACIDAD_LINEA, SITIOS_GRANJAS_PROPIAS, HUEVO_FERTIL_INCUBACION, ALIMENTO_PROPIA, TRATAMIENTO_SUBPRODUCTOS",—,GRIS,PLANTA,EVIDENCIA
CF|BASE|5000|ESCALA_UNICA,0.117647,BAJA,"CANALES, CAPEX, CT, DEMANDA, DEPRECIACION, DESCUENTO, FINANCIAMIENTO, GANANCIAS, IMPUESTOS_INGRESOS, IVA, OPEX, PRECIOS, PRODUCCION, RAMPUP, TIEMPO","CANALES, CAPEX, CT, DEMANDA, DEPRECIACION, DESCUENTO, FINANCIAMIENTO, GANANCIAS, IMPUESTOS_INGRESOS, IVA, OPEX, PRECIOS, PRODUCCION, RAMPUP, TIEMPO",NO_CALCULABLE (sin VAN publicable),MODO_EVIDENCIA,—,—,"faltan bloques económicos (VAN no publicable): CANALES, CAPEX, CT, DEMANDA, DEPRECIACION, DESCUENTO, FINANCIAMIENTO, GANANCIAS, IMPUESTOS_INGRESOS, IVA, OPEX, PRECIOS, PRODUCCION, RAMPUP, TIEMPO; gates físicos no confirmados: TERRENO, AGUA, POTENCIA, CAPACIDAD_LINEA, SITIOS_GRANJAS_PROPIAS, HUEVO_FERTIL_INCUBACION, ALIMENTO_PROPIA, TRATAMIENTO_SUBPRODUCTOS",—,GRIS,PLANTA,EVIDENCIA
CF|BASE|10000|ESCALA_UNICA,0.117647,BAJA,"CANALES, CAPEX, CT, DEMANDA, DEPRECIACION, DESCUENTO, FINANCIAMIENTO, GANANCIAS, IMPUESTOS_INGRESOS, IVA, OPEX, PRECIOS, PRODUCCION, RAMPUP, TIEMPO","CANALES, CAPEX, CT, DEMANDA, DEPRECIACION, DESCUENTO, FINANCIAMIENTO, GANANCIAS, IMPUESTOS_INGRESOS, IVA, OPEX, PRECIOS, PRODUCCION, RAMPUP, TIEMPO",NO_CALCULABLE (sin VAN publicable),MODO_EVIDENCIA,—,—,"faltan bloques económicos (VAN no publicable): CANALES, CAPEX, CT, DEMANDA, DEPRECIACION, DESCUENTO, FINANCIAMIENTO, GANANCIAS, IMPUESTOS_INGRESOS, IVA, OPEX, PRECIOS, PRODUCCION, RAMPUP, TIEMPO; gates físicos no confirmados: TERRENO, AGUA, POTENCIA, CAPACIDAD_LINEA, SITIOS_GRANJAS_PROPIAS, HUEVO_FERTIL_INCUBACION, ALIMENTO_PROPIA, TRATAMIENTO_SUBPRODUCTOS",—,GRIS,PLANTA,EVIDENCIA
CF|BASE|20000|ESCALA_UNICA,0.117647,BAJA,"CANALES, CAPEX, CT, DEMANDA, DEPRECIACION, DESCUENTO, FINANCIAMIENTO, GANANCIAS, IMPUESTOS_INGRESOS, IVA, OPEX, PRECIOS, PRODUCCION, RAMPUP, TIEMPO","CANALES, CAPEX, CT, DEMANDA, DEPRECIACION, DESCUENTO, FINANCIAMIENTO, GANANCIAS, IMPUESTOS_INGRESOS, IVA, OPEX, PRECIOS, PRODUCCION, RAMPUP, TIEMPO",NO_CALCULABLE (sin VAN publicable),MODO_EVIDENCIA,—,—,"faltan bloques económicos (VAN no publicable): CANALES, CAPEX, CT, DEMANDA, DEPRECIACION, DESCUENTO, FINANCIAMIENTO, GANANCIAS, IMPUESTOS_INGRESOS, IVA, OPEX, PRECIOS, PRODUCCION, RAMPUP, TIEMPO; gates físicos no confirmados: TERRENO, AGUA, POTENCIA, CAPACIDAD_LINEA, SITIOS_GRANJAS_PROPIAS, HUEVO_FERTIL_INCUBACION, ALIMENTO_PROPIA, TRATAMIENTO_SUBPRODUCTOS",—,GRIS,PLANTA,EVIDENCIA
CF|BASE|2500-5000-10000-20000|T1_2500_5000_10000_20000,0.117647,BAJA,"CANALES, CAPEX, CT, DEMANDA, DEPRECIACION, DESCUENTO, FINANCIAMIENTO, GANANCIAS, IMPUESTOS_INGRESOS, IVA, OPEX, PRECIOS, PRODUCCION, RAMPUP, TIEMPO","CANALES, CAPEX, CT, DEMANDA, DEPRECIACION, DESCUENTO, FINANCIAMIENTO, GANANCIAS, IMPUESTOS_INGRESOS, IVA, OPEX, PRECIOS, PRODUCCION, RAMPUP, TIEMPO",NO_CALCULABLE (sin VAN publicable),MODO_EVIDENCIA,—,—,"faltan bloques económicos (VAN no publicable): CANALES, CAPEX, CT, DEMANDA, DEPRECIACION, DESCUENTO, FINANCIAMIENTO, GANANCIAS, IMPUESTOS_INGRESOS, IVA, OPEX, PRECIOS, PRODUCCION, RAMPUP, TIEMPO; gates físicos no confirmados: TERRENO, AGUA, POTENCIA, CAPACIDAD_LINEA, SITIOS_GRANJAS_PROPIAS, HUEVO_FERTIL_INCUBACION, ALIMENTO_PROPIA, TRATAMIENTO_SUBPRODUCTOS",—,GRIS,PLANTA,EVIDENCIA
CF|BASE|5000-10000-20000|T2_5000_10000_20000,0.117647,BAJA,"CANALES, CAPEX, CT, DEMANDA, DEPRECIACION, DESCUENTO, FINANCIAMIENTO, GANANCIAS, IMPUESTOS_INGRESOS, IVA, OPEX, PRECIOS, PRODUCCION, RAMPUP, TIEMPO","CANALES, CAPEX, CT, DEMANDA, DEPRECIACION, DESCUENTO, FINANCIAMIENTO, GANANCIAS, IMPUESTOS_INGRESOS, IVA, OPEX, PRECIOS, PRODUCCION, RAMPUP, TIEMPO",NO_CALCULABLE (sin VAN publicable),MODO_EVIDENCIA,—,—,"faltan bloques económicos (VAN no publicable): CANALES, CAPEX, CT, DEMANDA, DEPRECIACION, DESCUENTO, FINANCIAMIENTO, GANANCIAS, IMPUESTOS_INGRESOS, IVA, OPEX, PRECIOS, PRODUCCION, RAMPUP, TIEMPO; gates físicos no confirmados: TERRENO, AGUA, POTENCIA, CAPACIDAD_LINEA, SITIOS_GRANJAS_PROPIAS, HUEVO_FERTIL_INCUBACION, ALIMENTO_PROPIA, TRATAMIENTO_SUBPRODUCTOS",—,GRIS,PLANTA,EVIDENCIA
CF|BASE|10000-20000|T3_10000_20000,0.117647,BAJA,"CANALES, CAPEX, CT, DEMANDA, DEPRECIACION, DESCUENTO, FINANCIAMIENTO, GANANCIAS, IMPUESTOS_INGRESOS, IVA, OPEX, PRECIOS, PRODUCCION, RAMPUP, TIEMPO","CANALES, CAPEX, CT, DEMANDA, DEPRECIACION, DESCUENTO, FINANCIAMIENTO, GANANCIAS, IMPUESTOS_INGRESOS, IVA, OPEX, PRECIOS, PRODUCCION, RAMPUP, TIEMPO",NO_CALCULABLE (sin VAN publicable),MODO_EVIDENCIA,—,—,"faltan bloques económicos (VAN no publicable): CANALES, CAPEX, CT, DEMANDA, DEPRECIACION, DESCUENTO, FINANCIAMIENTO, GANANCIAS, IMPUESTOS_INGRESOS, IVA, OPEX, PRECIOS, PRODUCCION, RAMPUP, TIEMPO; gates físicos no confirmados: TERRENO, AGUA, POTENCIA, CAPACIDAD_LINEA, SITIOS_GRANJAS_PROPIAS, HUEVO_FERTIL_INCUBACION, ALIMENTO_PROPIA, TRATAMIENTO_SUBPRODUCTOS",—,GRIS,PLANTA,EVIDENCIA
C0|C0-10000-FACON-MP-EMPRESA|10000|ESCALA_UNICA,0.117647,BAJA,"CANALES, CAPEX, CT, DEMANDA, DEPRECIACION, DESCUENTO, FINANCIAMIENTO, GANANCIAS, IMPUESTOS_INGRESOS, IVA, OPEX, PRECIOS, PRODUCCION, RAMPUP, TIEMPO","CANALES, CAPEX, CT, DEMANDA, DEPRECIACION, DESCUENTO, FINANCIAMIENTO, GANANCIAS, IMPUESTOS_INGRESOS, IVA, OPEX, PRECIOS, PRODUCCION, RAMPUP, TIEMPO",NO_CALCULABLE (sin VAN publicable),MODO_EVIDENCIA,—,—,"faltan bloques económicos (VAN no publicable): CANALES, CAPEX, CT, DEMANDA, DEPRECIACION, DESCUENTO, FINANCIAMIENTO, GANANCIAS, IMPUESTOS_INGRESOS, IVA, OPEX, PRECIOS, PRODUCCION, RAMPUP, TIEMPO; gates físicos no confirmados: FACON_FAENA, PRODUCCION_PRIMARIA_INTEGRADOS, POLLITO, ALIMENTO_FACON, RECEPTOR_SUBPRODUCTOS, TRANSPORTE_TERCERO, FRIO_TERCERO",—,GRIS,OPERAR_ASSET_LIGHT,EVIDENCIA
C0|C0-10000-FACON-MP-ELABORADOR|10000|ESCALA_UNICA,0.117647,BAJA,"CANALES, CAPEX, CT, DEMANDA, DEPRECIACION, DESCUENTO, FINANCIAMIENTO, GANANCIAS, IMPUESTOS_INGRESOS, IVA, OPEX, PRECIOS, PRODUCCION, RAMPUP, TIEMPO","CANALES, CAPEX, CT, DEMANDA, DEPRECIACION, DESCUENTO, FINANCIAMIENTO, GANANCIAS, IMPUESTOS_INGRESOS, IVA, OPEX, PRECIOS, PRODUCCION, RAMPUP, TIEMPO",NO_CALCULABLE (sin VAN publicable),MODO_EVIDENCIA,—,—,"faltan bloques económicos (VAN no publicable): CANALES, CAPEX, CT, DEMANDA, DEPRECIACION, DESCUENTO, FINANCIAMIENTO, GANANCIAS, IMPUESTOS_INGRESOS, IVA, OPEX, PRECIOS, PRODUCCION, RAMPUP, TIEMPO; gates físicos no confirmados: FACON_FAENA, PRODUCCION_PRIMARIA_INTEGRADOS, POLLITO, ALIMENTO_FACON, RECEPTOR_SUBPRODUCTOS, TRANSPORTE_TERCERO, FRIO_TERCERO",—,GRIS,OPERAR_ASSET_LIGHT,EVIDENCIA
C2|C2-10000-FACON-MP-EMPRESA|10000|ESCALA_UNICA,0.117647,BAJA,"CANALES, CAPEX, CT, DEMANDA, DEPRECIACION, DESCUENTO, FINANCIAMIENTO, GANANCIAS, IMPUESTOS_INGRESOS, IVA, OPEX, PRECIOS, PRODUCCION, RAMPUP, TIEMPO","CANALES, CAPEX, CT, DEMANDA, DEPRECIACION, DESCUENTO, FINANCIAMIENTO, GANANCIAS, IMPUESTOS_INGRESOS, IVA, OPEX, PRECIOS, PRODUCCION, RAMPUP, TIEMPO",NO_CALCULABLE (sin VAN publicable),MODO_EVIDENCIA,—,—,"faltan bloques económicos (VAN no publicable): CANALES, CAPEX, CT, DEMANDA, DEPRECIACION, DESCUENTO, FINANCIAMIENTO, GANANCIAS, IMPUESTOS_INGRESOS, IVA, OPEX, PRECIOS, PRODUCCION, RAMPUP, TIEMPO; gates físicos no confirmados: TERRENO, AGUA, POTENCIA, CAPACIDAD_LINEA, PRODUCCION_PRIMARIA_INTEGRADOS, SITIOS_GRANJAS_PROPIAS, POLLITO, ALIMENTO_FACON, RECEPTOR_SUBPRODUCTOS, TRANSPORTE_TERCERO",—,GRIS,PLANTA,EVIDENCIA
C1|C1-10000-congelado_tercero|10000|ESCALA_UNICA,0.117647,BAJA,"CANALES, CAPEX, CT, DEMANDA, DEPRECIACION, DESCUENTO, FINANCIAMIENTO, GANANCIAS, IMPUESTOS_INGRESOS, IVA, OPEX, PRECIOS, PRODUCCION, RAMPUP, TIEMPO","CANALES, CAPEX, CT, DEMANDA, DEPRECIACION, DESCUENTO, FINANCIAMIENTO, GANANCIAS, IMPUESTOS_INGRESOS, IVA, OPEX, PRECIOS, PRODUCCION, RAMPUP, TIEMPO",NO_CALCULABLE (sin VAN publicable),MODO_EVIDENCIA,—,—,"faltan bloques económicos (VAN no publicable): CANALES, CAPEX, CT, DEMANDA, DEPRECIACION, DESCUENTO, FINANCIAMIENTO, GANANCIAS, IMPUESTOS_INGRESOS, IVA, OPEX, PRECIOS, PRODUCCION, RAMPUP, TIEMPO; gates físicos no confirmados: TERRENO, AGUA, POTENCIA, CAPACIDAD_LINEA, PRODUCCION_PRIMARIA_INTEGRADOS, POLLITO, ALIMENTO_COMPRA, RECEPTOR_SUBPRODUCTOS, TRANSPORTE_TERCERO, FRIO_TERCERO",—,GRIS,PLANTA,EVIDENCIA
C1|C1-10000-congelado_propio|10000|ESCALA_UNICA,0.117647,BAJA,"CANALES, CAPEX, CT, DEMANDA, DEPRECIACION, DESCUENTO, FINANCIAMIENTO, GANANCIAS, IMPUESTOS_INGRESOS, IVA, OPEX, PRECIOS, PRODUCCION, RAMPUP, TIEMPO","CANALES, CAPEX, CT, DEMANDA, DEPRECIACION, DESCUENTO, FINANCIAMIENTO, GANANCIAS, IMPUESTOS_INGRESOS, IVA, OPEX, PRECIOS, PRODUCCION, RAMPUP, TIEMPO",NO_CALCULABLE (sin VAN publicable),MODO_EVIDENCIA,—,—,"faltan bloques económicos (VAN no publicable): CANALES, CAPEX, CT, DEMANDA, DEPRECIACION, DESCUENTO, FINANCIAMIENTO, GANANCIAS, IMPUESTOS_INGRESOS, IVA, OPEX, PRECIOS, PRODUCCION, RAMPUP, TIEMPO; gates físicos no confirmados: TERRENO, AGUA, POTENCIA, CAPACIDAD_LINEA, PRODUCCION_PRIMARIA_INTEGRADOS, POLLITO, ALIMENTO_COMPRA, RECEPTOR_SUBPRODUCTOS, TRANSPORTE_TERCERO",—,GRIS,PLANTA,EVIDENCIA
C1|C1-10000-subprod_basico|10000|ESCALA_UNICA,0.117647,BAJA,"CANALES, CAPEX, CT, DEMANDA, DEPRECIACION, DESCUENTO, FINANCIAMIENTO, GANANCIAS, IMPUESTOS_INGRESOS, IVA, OPEX, PRECIOS, PRODUCCION, RAMPUP, TIEMPO","CANALES, CAPEX, CT, DEMANDA, DEPRECIACION, DESCUENTO, FINANCIAMIENTO, GANANCIAS, IMPUESTOS_INGRESOS, IVA, OPEX, PRECIOS, PRODUCCION, RAMPUP, TIEMPO",NO_CALCULABLE (sin VAN publicable),MODO_EVIDENCIA,—,—,"faltan bloques económicos (VAN no publicable): CANALES, CAPEX, CT, DEMANDA, DEPRECIACION, DESCUENTO, FINANCIAMIENTO, GANANCIAS, IMPUESTOS_INGRESOS, IVA, OPEX, PRECIOS, PRODUCCION, RAMPUP, TIEMPO; gates físicos no confirmados: TERRENO, AGUA, POTENCIA, CAPACIDAD_LINEA, PRODUCCION_PRIMARIA_INTEGRADOS, POLLITO, ALIMENTO_COMPRA, TRATAMIENTO_SUBPRODUCTOS, TRANSPORTE_TERCERO",—,GRIS,PLANTA,EVIDENCIA
C1|C1-10000-llave_en_mano|10000|ESCALA_UNICA,0.117647,BAJA,"CANALES, CAPEX, CT, DEMANDA, DEPRECIACION, DESCUENTO, FINANCIAMIENTO, GANANCIAS, IMPUESTOS_INGRESOS, IVA, OPEX, PRECIOS, PRODUCCION, RAMPUP, TIEMPO","CANALES, CAPEX, CT, DEMANDA, DEPRECIACION, DESCUENTO, FINANCIAMIENTO, GANANCIAS, IMPUESTOS_INGRESOS, IVA, OPEX, PRECIOS, PRODUCCION, RAMPUP, TIEMPO",NO_CALCULABLE (sin VAN publicable),MODO_EVIDENCIA,—,—,"faltan bloques económicos (VAN no publicable): CANALES, CAPEX, CT, DEMANDA, DEPRECIACION, DESCUENTO, FINANCIAMIENTO, GANANCIAS, IMPUESTOS_INGRESOS, IVA, OPEX, PRECIOS, PRODUCCION, RAMPUP, TIEMPO; gates físicos no confirmados: TERRENO, AGUA, POTENCIA, CAPACIDAD_LINEA, PRODUCCION_PRIMARIA_INTEGRADOS, POLLITO, ALIMENTO_COMPRA, RECEPTOR_SUBPRODUCTOS, TRANSPORTE_TERCERO",—,GRIS,PLANTA,EVIDENCIA
C1|C1-10000-manual|10000|ESCALA_UNICA,0.117647,BAJA,"CANALES, CAPEX, CT, DEMANDA, DEPRECIACION, DESCUENTO, FINANCIAMIENTO, GANANCIAS, IMPUESTOS_INGRESOS, IVA, OPEX, PRECIOS, PRODUCCION, RAMPUP, TIEMPO","CANALES, CAPEX, CT, DEMANDA, DEPRECIACION, DESCUENTO, FINANCIAMIENTO, GANANCIAS, IMPUESTOS_INGRESOS, IVA, OPEX, PRECIOS, PRODUCCION, RAMPUP, TIEMPO",NO_CALCULABLE (sin VAN publicable),MODO_EVIDENCIA,—,—,"faltan bloques económicos (VAN no publicable): CANALES, CAPEX, CT, DEMANDA, DEPRECIACION, DESCUENTO, FINANCIAMIENTO, GANANCIAS, IMPUESTOS_INGRESOS, IVA, OPEX, PRECIOS, PRODUCCION, RAMPUP, TIEMPO; gates físicos no confirmados: TERRENO, AGUA, POTENCIA, CAPACIDAD_LINEA, PRODUCCION_PRIMARIA_INTEGRADOS, POLLITO, ALIMENTO_COMPRA, RECEPTOR_SUBPRODUCTOS, TRANSPORTE_TERCERO",—,GRIS,PLANTA,EVIDENCIA
C1|C1-10000-auto|10000|ESCALA_UNICA,0.117647,BAJA,"CANALES, CAPEX, CT, DEMANDA, DEPRECIACION, DESCUENTO, FINANCIAMIENTO, GANANCIAS, IMPUESTOS_INGRESOS, IVA, OPEX, PRECIOS, PRODUCCION, RAMPUP, TIEMPO","CANALES, CAPEX, CT, DEMANDA, DEPRECIACION, DESCUENTO, FINANCIAMIENTO, GANANCIAS, IMPUESTOS_INGRESOS, IVA, OPEX, PRECIOS, PRODUCCION, RAMPUP, TIEMPO",NO_CALCULABLE (sin VAN publicable),MODO_EVIDENCIA,—,—,"faltan bloques económicos (VAN no publicable): CANALES, CAPEX, CT, DEMANDA, DEPRECIACION, DESCUENTO, FINANCIAMIENTO, GANANCIAS, IMPUESTOS_INGRESOS, IVA, OPEX, PRECIOS, PRODUCCION, RAMPUP, TIEMPO; gates físicos no confirmados: TERRENO, AGUA, POTENCIA, CAPACIDAD_LINEA, PRODUCCION_PRIMARIA_INTEGRADOS, POLLITO, ALIMENTO_COMPRA, RECEPTOR_SUBPRODUCTOS, TRANSPORTE_TERCERO",—,GRIS,PLANTA,EVIDENCIA
C1|C1-10000-6dias|10000|ESCALA_UNICA,0.117647,BAJA,"CANALES, CAPEX, CT, DEMANDA, DEPRECIACION, DESCUENTO, FINANCIAMIENTO, GANANCIAS, IMPUESTOS_INGRESOS, IVA, OPEX, PRECIOS, PRODUCCION, RAMPUP, TIEMPO","CANALES, CAPEX, CT, DEMANDA, DEPRECIACION, DESCUENTO, FINANCIAMIENTO, GANANCIAS, IMPUESTOS_INGRESOS, IVA, OPEX, PRECIOS, PRODUCCION, RAMPUP, TIEMPO",NO_CALCULABLE (sin VAN publicable),MODO_EVIDENCIA,—,—,"faltan bloques económicos (VAN no publicable): CANALES, CAPEX, CT, DEMANDA, DEPRECIACION, DESCUENTO, FINANCIAMIENTO, GANANCIAS, IMPUESTOS_INGRESOS, IVA, OPEX, PRECIOS, PRODUCCION, RAMPUP, TIEMPO; gates físicos no confirmados: TERRENO, AGUA, POTENCIA, CAPACIDAD_LINEA, PRODUCCION_PRIMARIA_INTEGRADOS, POLLITO, ALIMENTO_COMPRA, RECEPTOR_SUBPRODUCTOS, TRANSPORTE_TERCERO",—,GRIS,PLANTA,EVIDENCIA
C1|C1-10000-parque|10000|ESCALA_UNICA,0.117647,BAJA,"CANALES, CAPEX, CT, DEMANDA, DEPRECIACION, DESCUENTO, FINANCIAMIENTO, GANANCIAS, IMPUESTOS_INGRESOS, IVA, OPEX, PRECIOS, PRODUCCION, RAMPUP, TIEMPO","CANALES, CAPEX, CT, DEMANDA, DEPRECIACION, DESCUENTO, FINANCIAMIENTO, GANANCIAS, IMPUESTOS_INGRESOS, IVA, OPEX, PRECIOS, PRODUCCION, RAMPUP, TIEMPO",NO_CALCULABLE (sin VAN publicable),MODO_EVIDENCIA,—,—,"faltan bloques económicos (VAN no publicable): CANALES, CAPEX, CT, DEMANDA, DEPRECIACION, DESCUENTO, FINANCIAMIENTO, GANANCIAS, IMPUESTOS_INGRESOS, IVA, OPEX, PRECIOS, PRODUCCION, RAMPUP, TIEMPO; gates físicos no confirmados: TERRENO, AGUA, POTENCIA, CAPACIDAD_LINEA, PRODUCCION_PRIMARIA_INTEGRADOS, POLLITO, ALIMENTO_COMPRA, RECEPTOR_SUBPRODUCTOS, TRANSPORTE_TERCERO",—,GRIS,PLANTA,EVIDENCIA
C1|C1-10000-rural|10000|ESCALA_UNICA,0.117647,BAJA,"CANALES, CAPEX, CT, DEMANDA, DEPRECIACION, DESCUENTO, FINANCIAMIENTO, GANANCIAS, IMPUESTOS_INGRESOS, IVA, OPEX, PRECIOS, PRODUCCION, RAMPUP, TIEMPO","CANALES, CAPEX, CT, DEMANDA, DEPRECIACION, DESCUENTO, FINANCIAMIENTO, GANANCIAS, IMPUESTOS_INGRESOS, IVA, OPEX, PRECIOS, PRODUCCION, RAMPUP, TIEMPO",NO_CALCULABLE (sin VAN publicable),MODO_EVIDENCIA,—,—,"faltan bloques económicos (VAN no publicable): CANALES, CAPEX, CT, DEMANDA, DEPRECIACION, DESCUENTO, FINANCIAMIENTO, GANANCIAS, IMPUESTOS_INGRESOS, IVA, OPEX, PRECIOS, PRODUCCION, RAMPUP, TIEMPO; gates físicos no confirmados: TERRENO, AGUA, POTENCIA, CAPACIDAD_LINEA, PRODUCCION_PRIMARIA_INTEGRADOS, POLLITO, ALIMENTO_COMPRA, RECEPTOR_SUBPRODUCTOS, TRANSPORTE_TERCERO",—,GRIS,PLANTA,EVIDENCIA
C1|C1-10000-reserva20000|10000|ESCALA_UNICA,0.117647,BAJA,"CANALES, CAPEX, CT, DEMANDA, DEPRECIACION, DESCUENTO, FINANCIAMIENTO, GANANCIAS, IMPUESTOS_INGRESOS, IVA, OPEX, PRECIOS, PRODUCCION, RAMPUP, TIEMPO","CANALES, CAPEX, CT, DEMANDA, DEPRECIACION, DESCUENTO, FINANCIAMIENTO, GANANCIAS, IMPUESTOS_INGRESOS, IVA, OPEX, PRECIOS, PRODUCCION, RAMPUP, TIEMPO",NO_CALCULABLE (sin VAN publicable),MODO_EVIDENCIA,—,—,"faltan bloques económicos (VAN no publicable): CANALES, CAPEX, CT, DEMANDA, DEPRECIACION, DESCUENTO, FINANCIAMIENTO, GANANCIAS, IMPUESTOS_INGRESOS, IVA, OPEX, PRECIOS, PRODUCCION, RAMPUP, TIEMPO; gates físicos no confirmados: TERRENO, AGUA, POTENCIA, CAPACIDAD_LINEA, PRODUCCION_PRIMARIA_INTEGRADOS, POLLITO, ALIMENTO_COMPRA, RECEPTOR_SUBPRODUCTOS, TRANSPORTE_TERCERO",—,GRIS,PLANTA,EVIDENCIA
C1|C1-10000-GN-RED|10000|ESCALA_UNICA,0.117647,BAJA,"CANALES, CAPEX, CT, DEMANDA, DEPRECIACION, DESCUENTO, FINANCIAMIENTO, GANANCIAS, IMPUESTOS_INGRESOS, IVA, OPEX, PRECIOS, PRODUCCION, RAMPUP, TIEMPO","CANALES, CAPEX, CT, DEMANDA, DEPRECIACION, DESCUENTO, FINANCIAMIENTO, GANANCIAS, IMPUESTOS_INGRESOS, IVA, OPEX, PRECIOS, PRODUCCION, RAMPUP, TIEMPO",NO_CALCULABLE (sin VAN publicable),MODO_EVIDENCIA,—,—,"faltan bloques económicos (VAN no publicable): CANALES, CAPEX, CT, DEMANDA, DEPRECIACION, DESCUENTO, FINANCIAMIENTO, GANANCIAS, IMPUESTOS_INGRESOS, IVA, OPEX, PRECIOS, PRODUCCION, RAMPUP, TIEMPO; gates físicos no confirmados: TERRENO, AGUA, POTENCIA, CAPACIDAD_LINEA, PRODUCCION_PRIMARIA_INTEGRADOS, POLLITO, ALIMENTO_COMPRA, RECEPTOR_SUBPRODUCTOS, TRANSPORTE_TERCERO",—,GRIS,PLANTA,EVIDENCIA
C1|C1-10000-LIMPIEZA-TERC|10000|ESCALA_UNICA,0.117647,BAJA,"CANALES, CAPEX, CT, DEMANDA, DEPRECIACION, DESCUENTO, FINANCIAMIENTO, GANANCIAS, IMPUESTOS_INGRESOS, IVA, OPEX, PRECIOS, PRODUCCION, RAMPUP, TIEMPO","CANALES, CAPEX, CT, DEMANDA, DEPRECIACION, DESCUENTO, FINANCIAMIENTO, GANANCIAS, IMPUESTOS_INGRESOS, IVA, OPEX, PRECIOS, PRODUCCION, RAMPUP, TIEMPO",NO_CALCULABLE (sin VAN publicable),MODO_EVIDENCIA,—,—,"faltan bloques económicos (VAN no publicable): CANALES, CAPEX, CT, DEMANDA, DEPRECIACION, DESCUENTO, FINANCIAMIENTO, GANANCIAS, IMPUESTOS_INGRESOS, IVA, OPEX, PRECIOS, PRODUCCION, RAMPUP, TIEMPO; gates físicos no confirmados: TERRENO, AGUA, POTENCIA, CAPACIDAD_LINEA, PRODUCCION_PRIMARIA_INTEGRADOS, POLLITO, ALIMENTO_COMPRA, RECEPTOR_SUBPRODUCTOS, TRANSPORTE_TERCERO",—,GRIS,PLANTA,EVIDENCIA
C1|C1-10000-MANT-CONTRATO|10000|ESCALA_UNICA,0.117647,BAJA,"CANALES, CAPEX, CT, DEMANDA, DEPRECIACION, DESCUENTO, FINANCIAMIENTO, GANANCIAS, IMPUESTOS_INGRESOS, IVA, OPEX, PRECIOS, PRODUCCION, RAMPUP, TIEMPO","CANALES, CAPEX, CT, DEMANDA, DEPRECIACION, DESCUENTO, FINANCIAMIENTO, GANANCIAS, IMPUESTOS_INGRESOS, IVA, OPEX, PRECIOS, PRODUCCION, RAMPUP, TIEMPO",NO_CALCULABLE (sin VAN publicable),MODO_EVIDENCIA,—,—,"faltan bloques económicos (VAN no publicable): CANALES, CAPEX, CT, DEMANDA, DEPRECIACION, DESCUENTO, FINANCIAMIENTO, GANANCIAS, IMPUESTOS_INGRESOS, IVA, OPEX, PRECIOS, PRODUCCION, RAMPUP, TIEMPO; gates físicos no confirmados: TERRENO, AGUA, POTENCIA, CAPACIDAD_LINEA, PRODUCCION_PRIMARIA_INTEGRADOS, POLLITO, ALIMENTO_COMPRA, RECEPTOR_SUBPRODUCTOS, TRANSPORTE_TERCERO",—,GRIS,PLANTA,EVIDENCIA
C1|C1-10000-FLETE-POR-UNIDAD|10000|ESCALA_UNICA,0.117647,BAJA,"CANALES, CAPEX, CT, DEMANDA, DEPRECIACION, DESCUENTO, FINANCIAMIENTO, GANANCIAS, IMPUESTOS_INGRESOS, IVA, OPEX, PRECIOS, PRODUCCION, RAMPUP, TIEMPO","CANALES, CAPEX, CT, DEMANDA, DEPRECIACION, DESCUENTO, FINANCIAMIENTO, GANANCIAS, IMPUESTOS_INGRESOS, IVA, OPEX, PRECIOS, PRODUCCION, RAMPUP, TIEMPO",NO_CALCULABLE (sin VAN publicable),MODO_EVIDENCIA,—,—,"faltan bloques económicos (VAN no publicable): CANALES, CAPEX, CT, DEMANDA, DEPRECIACION, DESCUENTO, FINANCIAMIENTO, GANANCIAS, IMPUESTOS_INGRESOS, IVA, OPEX, PRECIOS, PRODUCCION, RAMPUP, TIEMPO; gates físicos no confirmados: TERRENO, AGUA, POTENCIA, CAPACIDAD_LINEA, PRODUCCION_PRIMARIA_INTEGRADOS, POLLITO, ALIMENTO_COMPRA, RECEPTOR_SUBPRODUCTOS, TRANSPORTE_TERCERO",—,GRIS,PLANTA,EVIDENCIA
C1|C1-10000-PAGO-KG-VIVO|10000|ESCALA_UNICA,0.117647,BAJA,"CANALES, CAPEX, CT, DEMANDA, DEPRECIACION, DESCUENTO, FINANCIAMIENTO, GANANCIAS, IMPUESTOS_INGRESOS, IVA, OPEX, PRECIOS, PRODUCCION, RAMPUP, TIEMPO","CANALES, CAPEX, CT, DEMANDA, DEPRECIACION, DESCUENTO, FINANCIAMIENTO, GANANCIAS, IMPUESTOS_INGRESOS, IVA, OPEX, PRECIOS, PRODUCCION, RAMPUP, TIEMPO",NO_CALCULABLE (sin VAN publicable),MODO_EVIDENCIA,—,—,"faltan bloques económicos (VAN no publicable): CANALES, CAPEX, CT, DEMANDA, DEPRECIACION, DESCUENTO, FINANCIAMIENTO, GANANCIAS, IMPUESTOS_INGRESOS, IVA, OPEX, PRECIOS, PRODUCCION, RAMPUP, TIEMPO; gates físicos no confirmados: TERRENO, AGUA, POTENCIA, CAPACIDAD_LINEA, PRODUCCION_PRIMARIA_INTEGRADOS, POLLITO, ALIMENTO_COMPRA, RECEPTOR_SUBPRODUCTOS, TRANSPORTE_TERCERO",—,GRIS,PLANTA,EVIDENCIA
C1|C1-10000-HALAL|10000|ESCALA_UNICA,0.117647,BAJA,"CANALES, CAPEX, CT, DEMANDA, DEPRECIACION, DESCUENTO, FINANCIAMIENTO, GANANCIAS, IMPUESTOS_INGRESOS, IVA, OPEX, PRECIOS, PRODUCCION, RAMPUP, TIEMPO","CANALES, CAPEX, CT, DEMANDA, DEPRECIACION, DESCUENTO, FINANCIAMIENTO, GANANCIAS, IMPUESTOS_INGRESOS, IVA, OPEX, PRECIOS, PRODUCCION, RAMPUP, TIEMPO",NO_CALCULABLE (sin VAN publicable),MODO_EVIDENCIA,—,—,"faltan bloques económicos (VAN no publicable): CANALES, CAPEX, CT, DEMANDA, DEPRECIACION, DESCUENTO, FINANCIAMIENTO, GANANCIAS, IMPUESTOS_INGRESOS, IVA, OPEX, PRECIOS, PRODUCCION, RAMPUP, TIEMPO; gates físicos no confirmados: TERRENO, AGUA, POTENCIA, CAPACIDAD_LINEA, PRODUCCION_PRIMARIA_INTEGRADOS, POLLITO, ALIMENTO_COMPRA, RECEPTOR_SUBPRODUCTOS, TRANSPORTE_TERCERO",—,GRIS,PLANTA,EVIDENCIA
NO_INVERTIR_AUN,,NO_APLICA,—,—,—,MODO_EVIDENCIA,—,mejor en MAX_VAN; mejor en MAX_EBITDA,—,—,VERDE,NO_INVERTIR_AUN,EVIDENCIA
C0|BASE|2500|ESCALA_UNICA,0.117647,BAJA,"CAPEX, CT, DEMANDA, DEPRECIACION, DESCUENTO, FINANCIAMIENTO, GANANCIAS, IMPUESTOS_INGRESOS, IVA, OPEX, PRECIOS, RAMPUP, TIEMPO","CAPEX, CT, DEMANDA, DEPRECIACION, DESCUENTO, FINANCIAMIENTO, GANANCIAS, IMPUESTOS_INGRESOS, IVA, OPEX, PRECIOS, RAMPUP, TIEMPO",NO_CALCULABLE (sin VAN publicable),SIMULACION_HIPOTETICA_NO_VALIDADA,—,—,"faltan bloques económicos (VAN no publicable): CAPEX, CT, DEMANDA, DEPRECIACION, DESCUENTO, FINANCIAMIENTO, GANANCIAS, IMPUESTOS_INGRESOS, IVA, OPEX, PRECIOS, RAMPUP, TIEMPO; gates físicos no confirmados: FACON_FAENA, PRODUCCION_PRIMARIA_INTEGRADOS, POLLITO, ALIMENTO_FACON, RECEPTOR_SUBPRODUCTOS, TRANSPORTE_TERCERO, FRIO_TERCERO",—,GRIS,OPERAR_ASSET_LIGHT,ESCENARIO
C0|BASE|5000|ESCALA_UNICA,0.117647,BAJA,"CAPEX, CT, DEMANDA, DEPRECIACION, DESCUENTO, FINANCIAMIENTO, GANANCIAS, IMPUESTOS_INGRESOS, IVA, OPEX, PRECIOS, RAMPUP, TIEMPO","CAPEX, CT, DEMANDA, DEPRECIACION, DESCUENTO, FINANCIAMIENTO, GANANCIAS, IMPUESTOS_INGRESOS, IVA, OPEX, PRECIOS, RAMPUP, TIEMPO",NO_CALCULABLE (sin VAN publicable),SIMULACION_HIPOTETICA_NO_VALIDADA,—,—,"faltan bloques económicos (VAN no publicable): CAPEX, CT, DEMANDA, DEPRECIACION, DESCUENTO, FINANCIAMIENTO, GANANCIAS, IMPUESTOS_INGRESOS, IVA, OPEX, PRECIOS, RAMPUP, TIEMPO; gates físicos no confirmados: FACON_FAENA, PRODUCCION_PRIMARIA_INTEGRADOS, POLLITO, ALIMENTO_FACON, RECEPTOR_SUBPRODUCTOS, TRANSPORTE_TERCERO, FRIO_TERCERO",—,GRIS,OPERAR_ASSET_LIGHT,ESCENARIO
C0|BASE|10000|ESCALA_UNICA,0.117647,BAJA,"CAPEX, CT, DEMANDA, DEPRECIACION, DESCUENTO, FINANCIAMIENTO, GANANCIAS, IMPUESTOS_INGRESOS, IVA, OPEX, PRECIOS, RAMPUP, TIEMPO","CAPEX, CT, DEMANDA, DEPRECIACION, DESCUENTO, FINANCIAMIENTO, GANANCIAS, IMPUESTOS_INGRESOS, IVA, OPEX, PRECIOS, RAMPUP, TIEMPO",NO_CALCULABLE (sin VAN publicable),SIMULACION_HIPOTETICA_NO_VALIDADA,—,—,"faltan bloques económicos (VAN no publicable): CAPEX, CT, DEMANDA, DEPRECIACION, DESCUENTO, FINANCIAMIENTO, GANANCIAS, IMPUESTOS_INGRESOS, IVA, OPEX, PRECIOS, RAMPUP, TIEMPO; gates físicos no confirmados: FACON_FAENA, PRODUCCION_PRIMARIA_INTEGRADOS, POLLITO, ALIMENTO_FACON, RECEPTOR_SUBPRODUCTOS, TRANSPORTE_TERCERO, FRIO_TERCERO",—,GRIS,OPERAR_ASSET_LIGHT,ESCENARIO
C0|BASE|20000|ESCALA_UNICA,0.117647,BAJA,"CAPEX, CT, DEMANDA, DEPRECIACION, DESCUENTO, FINANCIAMIENTO, GANANCIAS, IMPUESTOS_INGRESOS, IVA, OPEX, PRECIOS, RAMPUP, TIEMPO","CAPEX, CT, DEMANDA, DEPRECIACION, DESCUENTO, FINANCIAMIENTO, GANANCIAS, IMPUESTOS_INGRESOS, IVA, OPEX, PRECIOS, RAMPUP, TIEMPO",NO_CALCULABLE (sin VAN publicable),SIMULACION_HIPOTETICA_NO_VALIDADA,—,—,"faltan bloques económicos (VAN no publicable): CAPEX, CT, DEMANDA, DEPRECIACION, DESCUENTO, FINANCIAMIENTO, GANANCIAS, IMPUESTOS_INGRESOS, IVA, OPEX, PRECIOS, RAMPUP, TIEMPO; gates físicos no confirmados: FACON_FAENA, PRODUCCION_PRIMARIA_INTEGRADOS, POLLITO, ALIMENTO_FACON, RECEPTOR_SUBPRODUCTOS, TRANSPORTE_TERCERO, FRIO_TERCERO",—,GRIS,OPERAR_ASSET_LIGHT,ESCENARIO
C0|BASE|2500-5000-10000-20000|T1_2500_5000_10000_20000,0.117647,BAJA,"CAPEX, CT, DEMANDA, DEPRECIACION, DESCUENTO, FINANCIAMIENTO, GANANCIAS, IMPUESTOS_INGRESOS, IVA, OPEX, PRECIOS, RAMPUP, TIEMPO","CAPEX, CT, DEMANDA, DEPRECIACION, DESCUENTO, FINANCIAMIENTO, GANANCIAS, IMPUESTOS_INGRESOS, IVA, OPEX, PRECIOS, RAMPUP, TIEMPO",NO_CALCULABLE (sin VAN publicable),SIMULACION_HIPOTETICA_NO_VALIDADA,—,—,"faltan bloques económicos (VAN no publicable): CAPEX, CT, DEMANDA, DEPRECIACION, DESCUENTO, FINANCIAMIENTO, GANANCIAS, IMPUESTOS_INGRESOS, IVA, OPEX, PRECIOS, RAMPUP, TIEMPO; gates físicos no confirmados: FACON_FAENA, PRODUCCION_PRIMARIA_INTEGRADOS, POLLITO, ALIMENTO_FACON, RECEPTOR_SUBPRODUCTOS, TRANSPORTE_TERCERO, FRIO_TERCERO",—,GRIS,OPERAR_ASSET_LIGHT,ESCENARIO
C0|BASE|5000-10000-20000|T2_5000_10000_20000,0.117647,BAJA,"CAPEX, CT, DEMANDA, DEPRECIACION, DESCUENTO, FINANCIAMIENTO, GANANCIAS, IMPUESTOS_INGRESOS, IVA, OPEX, PRECIOS, RAMPUP, TIEMPO","CAPEX, CT, DEMANDA, DEPRECIACION, DESCUENTO, FINANCIAMIENTO, GANANCIAS, IMPUESTOS_INGRESOS, IVA, OPEX, PRECIOS, RAMPUP, TIEMPO",NO_CALCULABLE (sin VAN publicable),SIMULACION_HIPOTETICA_NO_VALIDADA,—,—,"faltan bloques económicos (VAN no publicable): CAPEX, CT, DEMANDA, DEPRECIACION, DESCUENTO, FINANCIAMIENTO, GANANCIAS, IMPUESTOS_INGRESOS, IVA, OPEX, PRECIOS, RAMPUP, TIEMPO; gates físicos no confirmados: FACON_FAENA, PRODUCCION_PRIMARIA_INTEGRADOS, POLLITO, ALIMENTO_FACON, RECEPTOR_SUBPRODUCTOS, TRANSPORTE_TERCERO, FRIO_TERCERO",—,GRIS,OPERAR_ASSET_LIGHT,ESCENARIO
C0|BASE|10000-20000|T3_10000_20000,0.117647,BAJA,"CAPEX, CT, DEMANDA, DEPRECIACION, DESCUENTO, FINANCIAMIENTO, GANANCIAS, IMPUESTOS_INGRESOS, IVA, OPEX, PRECIOS, RAMPUP, TIEMPO","CAPEX, CT, DEMANDA, DEPRECIACION, DESCUENTO, FINANCIAMIENTO, GANANCIAS, IMPUESTOS_INGRESOS, IVA, OPEX, PRECIOS, RAMPUP, TIEMPO",NO_CALCULABLE (sin VAN publicable),SIMULACION_HIPOTETICA_NO_VALIDADA,—,—,"faltan bloques económicos (VAN no publicable): CAPEX, CT, DEMANDA, DEPRECIACION, DESCUENTO, FINANCIAMIENTO, GANANCIAS, IMPUESTOS_INGRESOS, IVA, OPEX, PRECIOS, RAMPUP, TIEMPO; gates físicos no confirmados: FACON_FAENA, PRODUCCION_PRIMARIA_INTEGRADOS, POLLITO, ALIMENTO_FACON, RECEPTOR_SUBPRODUCTOS, TRANSPORTE_TERCERO, FRIO_TERCERO",—,GRIS,OPERAR_ASSET_LIGHT,ESCENARIO
C1|BASE|2500|ESCALA_UNICA,0.117647,BAJA,"CAPEX, CT, DEMANDA, DEPRECIACION, DESCUENTO, FINANCIAMIENTO, GANANCIAS, IMPUESTOS_INGRESOS, IVA, OPEX, PRECIOS, RAMPUP, TIEMPO","CAPEX, CT, DEMANDA, DEPRECIACION, DESCUENTO, FINANCIAMIENTO, GANANCIAS, IMPUESTOS_INGRESOS, IVA, OPEX, PRECIOS, RAMPUP, TIEMPO",NO_CALCULABLE (sin VAN publicable),SIMULACION_HIPOTETICA_NO_VALIDADA,—,—,"faltan bloques económicos (VAN no publicable): CAPEX, CT, DEMANDA, DEPRECIACION, DESCUENTO, FINANCIAMIENTO, GANANCIAS, IMPUESTOS_INGRESOS, IVA, OPEX, PRECIOS, RAMPUP, TIEMPO; gates físicos no confirmados: TERRENO, AGUA, POTENCIA, CAPACIDAD_LINEA, PRODUCCION_PRIMARIA_INTEGRADOS, POLLITO, ALIMENTO_COMPRA, RECEPTOR_SUBPRODUCTOS, TRANSPORTE_TERCERO",—,GRIS,PLANTA,ESCENARIO
C1|BASE|5000|ESCALA_UNICA,0.117647,BAJA,"CAPEX, CT, DEMANDA, DEPRECIACION, DESCUENTO, FINANCIAMIENTO, GANANCIAS, IMPUESTOS_INGRESOS, IVA, OPEX, PRECIOS, RAMPUP, TIEMPO","CAPEX, CT, DEMANDA, DEPRECIACION, DESCUENTO, FINANCIAMIENTO, GANANCIAS, IMPUESTOS_INGRESOS, IVA, OPEX, PRECIOS, RAMPUP, TIEMPO",NO_CALCULABLE (sin VAN publicable),SIMULACION_HIPOTETICA_NO_VALIDADA,—,—,"faltan bloques económicos (VAN no publicable): CAPEX, CT, DEMANDA, DEPRECIACION, DESCUENTO, FINANCIAMIENTO, GANANCIAS, IMPUESTOS_INGRESOS, IVA, OPEX, PRECIOS, RAMPUP, TIEMPO; gates físicos no confirmados: TERRENO, AGUA, POTENCIA, CAPACIDAD_LINEA, PRODUCCION_PRIMARIA_INTEGRADOS, POLLITO, ALIMENTO_COMPRA, RECEPTOR_SUBPRODUCTOS, TRANSPORTE_TERCERO",—,GRIS,PLANTA,ESCENARIO
C1|BASE|10000|ESCALA_UNICA,0.117647,BAJA,"CAPEX, CT, DEMANDA, DEPRECIACION, DESCUENTO, FINANCIAMIENTO, GANANCIAS, IMPUESTOS_INGRESOS, IVA, OPEX, PRECIOS, RAMPUP, TIEMPO","CAPEX, CT, DEMANDA, DEPRECIACION, DESCUENTO, FINANCIAMIENTO, GANANCIAS, IMPUESTOS_INGRESOS, IVA, OPEX, PRECIOS, RAMPUP, TIEMPO",NO_CALCULABLE (sin VAN publicable),SIMULACION_HIPOTETICA_NO_VALIDADA,—,—,"faltan bloques económicos (VAN no publicable): CAPEX, CT, DEMANDA, DEPRECIACION, DESCUENTO, FINANCIAMIENTO, GANANCIAS, IMPUESTOS_INGRESOS, IVA, OPEX, PRECIOS, RAMPUP, TIEMPO; gates físicos no confirmados: TERRENO, AGUA, POTENCIA, CAPACIDAD_LINEA, PRODUCCION_PRIMARIA_INTEGRADOS, POLLITO, ALIMENTO_COMPRA, RECEPTOR_SUBPRODUCTOS, TRANSPORTE_TERCERO",—,GRIS,PLANTA,ESCENARIO
C1|BASE|20000|ESCALA_UNICA,0.117647,BAJA,"CAPEX, CT, DEMANDA, DEPRECIACION, DESCUENTO, FINANCIAMIENTO, GANANCIAS, IMPUESTOS_INGRESOS, IVA, OPEX, PRECIOS, RAMPUP, TIEMPO","CAPEX, CT, DEMANDA, DEPRECIACION, DESCUENTO, FINANCIAMIENTO, GANANCIAS, IMPUESTOS_INGRESOS, IVA, OPEX, PRECIOS, RAMPUP, TIEMPO",NO_CALCULABLE (sin VAN publicable),SIMULACION_HIPOTETICA_NO_VALIDADA,—,—,"faltan bloques económicos (VAN no publicable): CAPEX, CT, DEMANDA, DEPRECIACION, DESCUENTO, FINANCIAMIENTO, GANANCIAS, IMPUESTOS_INGRESOS, IVA, OPEX, PRECIOS, RAMPUP, TIEMPO; gates físicos no confirmados: TERRENO, AGUA, POTENCIA, CAPACIDAD_LINEA, PRODUCCION_PRIMARIA_INTEGRADOS, POLLITO, ALIMENTO_COMPRA, RECEPTOR_SUBPRODUCTOS, TRANSPORTE_TERCERO",—,GRIS,PLANTA,ESCENARIO
C1|BASE|2500-5000-10000-20000|T1_2500_5000_10000_20000,0.117647,BAJA,"CAPEX, CT, DEMANDA, DEPRECIACION, DESCUENTO, FINANCIAMIENTO, GANANCIAS, IMPUESTOS_INGRESOS, IVA, OPEX, PRECIOS, RAMPUP, TIEMPO","CAPEX, CT, DEMANDA, DEPRECIACION, DESCUENTO, FINANCIAMIENTO, GANANCIAS, IMPUESTOS_INGRESOS, IVA, OPEX, PRECIOS, RAMPUP, TIEMPO",NO_CALCULABLE (sin VAN publicable),SIMULACION_HIPOTETICA_NO_VALIDADA,—,—,"faltan bloques económicos (VAN no publicable): CAPEX, CT, DEMANDA, DEPRECIACION, DESCUENTO, FINANCIAMIENTO, GANANCIAS, IMPUESTOS_INGRESOS, IVA, OPEX, PRECIOS, RAMPUP, TIEMPO; gates físicos no confirmados: TERRENO, AGUA, POTENCIA, CAPACIDAD_LINEA, PRODUCCION_PRIMARIA_INTEGRADOS, POLLITO, ALIMENTO_COMPRA, RECEPTOR_SUBPRODUCTOS, TRANSPORTE_TERCERO",—,GRIS,PLANTA,ESCENARIO
C1|BASE|5000-10000-20000|T2_5000_10000_20000,0.117647,BAJA,"CAPEX, CT, DEMANDA, DEPRECIACION, DESCUENTO, FINANCIAMIENTO, GANANCIAS, IMPUESTOS_INGRESOS, IVA, OPEX, PRECIOS, RAMPUP, TIEMPO","CAPEX, CT, DEMANDA, DEPRECIACION, DESCUENTO, FINANCIAMIENTO, GANANCIAS, IMPUESTOS_INGRESOS, IVA, OPEX, PRECIOS, RAMPUP, TIEMPO",NO_CALCULABLE (sin VAN publicable),SIMULACION_HIPOTETICA_NO_VALIDADA,—,—,"faltan bloques económicos (VAN no publicable): CAPEX, CT, DEMANDA, DEPRECIACION, DESCUENTO, FINANCIAMIENTO, GANANCIAS, IMPUESTOS_INGRESOS, IVA, OPEX, PRECIOS, RAMPUP, TIEMPO; gates físicos no confirmados: TERRENO, AGUA, POTENCIA, CAPACIDAD_LINEA, PRODUCCION_PRIMARIA_INTEGRADOS, POLLITO, ALIMENTO_COMPRA, RECEPTOR_SUBPRODUCTOS, TRANSPORTE_TERCERO",—,GRIS,PLANTA,ESCENARIO
C1|BASE|10000-20000|T3_10000_20000,0.117647,BAJA,"CAPEX, CT, DEMANDA, DEPRECIACION, DESCUENTO, FINANCIAMIENTO, GANANCIAS, IMPUESTOS_INGRESOS, IVA, OPEX, PRECIOS, RAMPUP, TIEMPO","CAPEX, CT, DEMANDA, DEPRECIACION, DESCUENTO, FINANCIAMIENTO, GANANCIAS, IMPUESTOS_INGRESOS, IVA, OPEX, PRECIOS, RAMPUP, TIEMPO",NO_CALCULABLE (sin VAN publicable),SIMULACION_HIPOTETICA_NO_VALIDADA,—,—,"faltan bloques económicos (VAN no publicable): CAPEX, CT, DEMANDA, DEPRECIACION, DESCUENTO, FINANCIAMIENTO, GANANCIAS, IMPUESTOS_INGRESOS, IVA, OPEX, PRECIOS, RAMPUP, TIEMPO; gates físicos no confirmados: TERRENO, AGUA, POTENCIA, CAPACIDAD_LINEA, PRODUCCION_PRIMARIA_INTEGRADOS, POLLITO, ALIMENTO_COMPRA, RECEPTOR_SUBPRODUCTOS, TRANSPORTE_TERCERO",—,GRIS,PLANTA,ESCENARIO
C2|BASE|2500|ESCALA_UNICA,0.117647,BAJA,"CAPEX, CT, DEMANDA, DEPRECIACION, DESCUENTO, FINANCIAMIENTO, GANANCIAS, IMPUESTOS_INGRESOS, IVA, OPEX, PRECIOS, RAMPUP, TIEMPO","CAPEX, CT, DEMANDA, DEPRECIACION, DESCUENTO, FINANCIAMIENTO, GANANCIAS, IMPUESTOS_INGRESOS, IVA, OPEX, PRECIOS, RAMPUP, TIEMPO",NO_CALCULABLE (sin VAN publicable),SIMULACION_HIPOTETICA_NO_VALIDADA,—,—,"faltan bloques económicos (VAN no publicable): CAPEX, CT, DEMANDA, DEPRECIACION, DESCUENTO, FINANCIAMIENTO, GANANCIAS, IMPUESTOS_INGRESOS, IVA, OPEX, PRECIOS, RAMPUP, TIEMPO; gates físicos no confirmados: TERRENO, AGUA, POTENCIA, CAPACIDAD_LINEA, PRODUCCION_PRIMARIA_INTEGRADOS, SITIOS_GRANJAS_PROPIAS, POLLITO, ALIMENTO_FACON, RECEPTOR_SUBPRODUCTOS, TRANSPORTE_TERCERO",—,GRIS,PLANTA,ESCENARIO
C2|BASE|5000|ESCALA_UNICA,0.117647,BAJA,"CAPEX, CT, DEMANDA, DEPRECIACION, DESCUENTO, FINANCIAMIENTO, GANANCIAS, IMPUESTOS_INGRESOS, IVA, OPEX, PRECIOS, RAMPUP, TIEMPO","CAPEX, CT, DEMANDA, DEPRECIACION, DESCUENTO, FINANCIAMIENTO, GANANCIAS, IMPUESTOS_INGRESOS, IVA, OPEX, PRECIOS, RAMPUP, TIEMPO",NO_CALCULABLE (sin VAN publicable),SIMULACION_HIPOTETICA_NO_VALIDADA,—,—,"faltan bloques económicos (VAN no publicable): CAPEX, CT, DEMANDA, DEPRECIACION, DESCUENTO, FINANCIAMIENTO, GANANCIAS, IMPUESTOS_INGRESOS, IVA, OPEX, PRECIOS, RAMPUP, TIEMPO; gates físicos no confirmados: TERRENO, AGUA, POTENCIA, CAPACIDAD_LINEA, PRODUCCION_PRIMARIA_INTEGRADOS, SITIOS_GRANJAS_PROPIAS, POLLITO, ALIMENTO_FACON, RECEPTOR_SUBPRODUCTOS, TRANSPORTE_TERCERO",—,GRIS,PLANTA,ESCENARIO
C2|BASE|10000|ESCALA_UNICA,0.117647,BAJA,"CAPEX, CT, DEMANDA, DEPRECIACION, DESCUENTO, FINANCIAMIENTO, GANANCIAS, IMPUESTOS_INGRESOS, IVA, OPEX, PRECIOS, RAMPUP, TIEMPO","CAPEX, CT, DEMANDA, DEPRECIACION, DESCUENTO, FINANCIAMIENTO, GANANCIAS, IMPUESTOS_INGRESOS, IVA, OPEX, PRECIOS, RAMPUP, TIEMPO",NO_CALCULABLE (sin VAN publicable),SIMULACION_HIPOTETICA_NO_VALIDADA,—,—,"faltan bloques económicos (VAN no publicable): CAPEX, CT, DEMANDA, DEPRECIACION, DESCUENTO, FINANCIAMIENTO, GANANCIAS, IMPUESTOS_INGRESOS, IVA, OPEX, PRECIOS, RAMPUP, TIEMPO; gates físicos no confirmados: TERRENO, AGUA, POTENCIA, CAPACIDAD_LINEA, PRODUCCION_PRIMARIA_INTEGRADOS, SITIOS_GRANJAS_PROPIAS, POLLITO, ALIMENTO_FACON, RECEPTOR_SUBPRODUCTOS, TRANSPORTE_TERCERO",—,GRIS,PLANTA,ESCENARIO
C2|BASE|20000|ESCALA_UNICA,0.117647,BAJA,"CAPEX, CT, DEMANDA, DEPRECIACION, DESCUENTO, FINANCIAMIENTO, GANANCIAS, IMPUESTOS_INGRESOS, IVA, OPEX, PRECIOS, RAMPUP, TIEMPO","CAPEX, CT, DEMANDA, DEPRECIACION, DESCUENTO, FINANCIAMIENTO, GANANCIAS, IMPUESTOS_INGRESOS, IVA, OPEX, PRECIOS, RAMPUP, TIEMPO",NO_CALCULABLE (sin VAN publicable),SIMULACION_HIPOTETICA_NO_VALIDADA,—,—,"faltan bloques económicos (VAN no publicable): CAPEX, CT, DEMANDA, DEPRECIACION, DESCUENTO, FINANCIAMIENTO, GANANCIAS, IMPUESTOS_INGRESOS, IVA, OPEX, PRECIOS, RAMPUP, TIEMPO; gates físicos no confirmados: TERRENO, AGUA, POTENCIA, CAPACIDAD_LINEA, PRODUCCION_PRIMARIA_INTEGRADOS, SITIOS_GRANJAS_PROPIAS, POLLITO, ALIMENTO_FACON, RECEPTOR_SUBPRODUCTOS, TRANSPORTE_TERCERO",—,GRIS,PLANTA,ESCENARIO
C2|BASE|2500-5000-10000-20000|T1_2500_5000_10000_20000,0.117647,BAJA,"CAPEX, CT, DEMANDA, DEPRECIACION, DESCUENTO, FINANCIAMIENTO, GANANCIAS, IMPUESTOS_INGRESOS, IVA, OPEX, PRECIOS, RAMPUP, TIEMPO","CAPEX, CT, DEMANDA, DEPRECIACION, DESCUENTO, FINANCIAMIENTO, GANANCIAS, IMPUESTOS_INGRESOS, IVA, OPEX, PRECIOS, RAMPUP, TIEMPO",NO_CALCULABLE (sin VAN publicable),SIMULACION_HIPOTETICA_NO_VALIDADA,—,—,"faltan bloques económicos (VAN no publicable): CAPEX, CT, DEMANDA, DEPRECIACION, DESCUENTO, FINANCIAMIENTO, GANANCIAS, IMPUESTOS_INGRESOS, IVA, OPEX, PRECIOS, RAMPUP, TIEMPO; gates físicos no confirmados: TERRENO, AGUA, POTENCIA, CAPACIDAD_LINEA, PRODUCCION_PRIMARIA_INTEGRADOS, SITIOS_GRANJAS_PROPIAS, POLLITO, ALIMENTO_FACON, RECEPTOR_SUBPRODUCTOS, TRANSPORTE_TERCERO",—,GRIS,PLANTA,ESCENARIO
C2|BASE|5000-10000-20000|T2_5000_10000_20000,0.117647,BAJA,"CAPEX, CT, DEMANDA, DEPRECIACION, DESCUENTO, FINANCIAMIENTO, GANANCIAS, IMPUESTOS_INGRESOS, IVA, OPEX, PRECIOS, RAMPUP, TIEMPO","CAPEX, CT, DEMANDA, DEPRECIACION, DESCUENTO, FINANCIAMIENTO, GANANCIAS, IMPUESTOS_INGRESOS, IVA, OPEX, PRECIOS, RAMPUP, TIEMPO",NO_CALCULABLE (sin VAN publicable),SIMULACION_HIPOTETICA_NO_VALIDADA,—,—,"faltan bloques económicos (VAN no publicable): CAPEX, CT, DEMANDA, DEPRECIACION, DESCUENTO, FINANCIAMIENTO, GANANCIAS, IMPUESTOS_INGRESOS, IVA, OPEX, PRECIOS, RAMPUP, TIEMPO; gates físicos no confirmados: TERRENO, AGUA, POTENCIA, CAPACIDAD_LINEA, PRODUCCION_PRIMARIA_INTEGRADOS, SITIOS_GRANJAS_PROPIAS, POLLITO, ALIMENTO_FACON, RECEPTOR_SUBPRODUCTOS, TRANSPORTE_TERCERO",—,GRIS,PLANTA,ESCENARIO
C2|BASE|10000-20000|T3_10000_20000,0.117647,BAJA,"CAPEX, CT, DEMANDA, DEPRECIACION, DESCUENTO, FINANCIAMIENTO, GANANCIAS, IMPUESTOS_INGRESOS, IVA, OPEX, PRECIOS, RAMPUP, TIEMPO","CAPEX, CT, DEMANDA, DEPRECIACION, DESCUENTO, FINANCIAMIENTO, GANANCIAS, IMPUESTOS_INGRESOS, IVA, OPEX, PRECIOS, RAMPUP, TIEMPO",NO_CALCULABLE (sin VAN publicable),SIMULACION_HIPOTETICA_NO_VALIDADA,—,—,"faltan bloques económicos (VAN no publicable): CAPEX, CT, DEMANDA, DEPRECIACION, DESCUENTO, FINANCIAMIENTO, GANANCIAS, IMPUESTOS_INGRESOS, IVA, OPEX, PRECIOS, RAMPUP, TIEMPO; gates físicos no confirmados: TERRENO, AGUA, POTENCIA, CAPACIDAD_LINEA, PRODUCCION_PRIMARIA_INTEGRADOS, SITIOS_GRANJAS_PROPIAS, POLLITO, ALIMENTO_FACON, RECEPTOR_SUBPRODUCTOS, TRANSPORTE_TERCERO",—,GRIS,PLANTA,ESCENARIO
C3|BASE|2500|ESCALA_UNICA,0.117647,BAJA,"CAPEX, CT, DEMANDA, DEPRECIACION, DESCUENTO, FINANCIAMIENTO, GANANCIAS, IMPUESTOS_INGRESOS, IVA, OPEX, PRECIOS, RAMPUP, TIEMPO","CAPEX, CT, DEMANDA, DEPRECIACION, DESCUENTO, FINANCIAMIENTO, GANANCIAS, IMPUESTOS_INGRESOS, IVA, OPEX, PRECIOS, RAMPUP, TIEMPO",NO_CALCULABLE (sin VAN publicable),SIMULACION_HIPOTETICA_NO_VALIDADA,—,—,"faltan bloques económicos (VAN no publicable): CAPEX, CT, DEMANDA, DEPRECIACION, DESCUENTO, FINANCIAMIENTO, GANANCIAS, IMPUESTOS_INGRESOS, IVA, OPEX, PRECIOS, RAMPUP, TIEMPO; gates físicos no confirmados: TERRENO, AGUA, POTENCIA, CAPACIDAD_LINEA, SITIOS_GRANJAS_PROPIAS, HUEVO_FERTIL_INCUBACION, ALIMENTO_PROPIA, TRATAMIENTO_SUBPRODUCTOS",—,GRIS,PLANTA,ESCENARIO
C3|BASE|5000|ESCALA_UNICA,0.117647,BAJA,"CAPEX, CT, DEMANDA, DEPRECIACION, DESCUENTO, FINANCIAMIENTO, GANANCIAS, IMPUESTOS_INGRESOS, IVA, OPEX, PRECIOS, RAMPUP, TIEMPO","CAPEX, CT, DEMANDA, DEPRECIACION, DESCUENTO, FINANCIAMIENTO, GANANCIAS, IMPUESTOS_INGRESOS, IVA, OPEX, PRECIOS, RAMPUP, TIEMPO",NO_CALCULABLE (sin VAN publicable),SIMULACION_HIPOTETICA_NO_VALIDADA,—,—,"faltan bloques económicos (VAN no publicable): CAPEX, CT, DEMANDA, DEPRECIACION, DESCUENTO, FINANCIAMIENTO, GANANCIAS, IMPUESTOS_INGRESOS, IVA, OPEX, PRECIOS, RAMPUP, TIEMPO; gates físicos no confirmados: TERRENO, AGUA, POTENCIA, CAPACIDAD_LINEA, SITIOS_GRANJAS_PROPIAS, HUEVO_FERTIL_INCUBACION, ALIMENTO_PROPIA, TRATAMIENTO_SUBPRODUCTOS",—,GRIS,PLANTA,ESCENARIO
C3|BASE|10000|ESCALA_UNICA,0.117647,BAJA,"CAPEX, CT, DEMANDA, DEPRECIACION, DESCUENTO, FINANCIAMIENTO, GANANCIAS, IMPUESTOS_INGRESOS, IVA, OPEX, PRECIOS, RAMPUP, TIEMPO","CAPEX, CT, DEMANDA, DEPRECIACION, DESCUENTO, FINANCIAMIENTO, GANANCIAS, IMPUESTOS_INGRESOS, IVA, OPEX, PRECIOS, RAMPUP, TIEMPO",NO_CALCULABLE (sin VAN publicable),SIMULACION_HIPOTETICA_NO_VALIDADA,—,—,"faltan bloques económicos (VAN no publicable): CAPEX, CT, DEMANDA, DEPRECIACION, DESCUENTO, FINANCIAMIENTO, GANANCIAS, IMPUESTOS_INGRESOS, IVA, OPEX, PRECIOS, RAMPUP, TIEMPO; gates físicos no confirmados: TERRENO, AGUA, POTENCIA, CAPACIDAD_LINEA, SITIOS_GRANJAS_PROPIAS, HUEVO_FERTIL_INCUBACION, ALIMENTO_PROPIA, TRATAMIENTO_SUBPRODUCTOS",—,GRIS,PLANTA,ESCENARIO
C3|BASE|20000|ESCALA_UNICA,0.117647,BAJA,"CAPEX, CT, DEMANDA, DEPRECIACION, DESCUENTO, FINANCIAMIENTO, GANANCIAS, IMPUESTOS_INGRESOS, IVA, OPEX, PRECIOS, RAMPUP, TIEMPO","CAPEX, CT, DEMANDA, DEPRECIACION, DESCUENTO, FINANCIAMIENTO, GANANCIAS, IMPUESTOS_INGRESOS, IVA, OPEX, PRECIOS, RAMPUP, TIEMPO",NO_CALCULABLE (sin VAN publicable),SIMULACION_HIPOTETICA_NO_VALIDADA,—,—,"faltan bloques económicos (VAN no publicable): CAPEX, CT, DEMANDA, DEPRECIACION, DESCUENTO, FINANCIAMIENTO, GANANCIAS, IMPUESTOS_INGRESOS, IVA, OPEX, PRECIOS, RAMPUP, TIEMPO; gates físicos no confirmados: TERRENO, AGUA, POTENCIA, CAPACIDAD_LINEA, SITIOS_GRANJAS_PROPIAS, HUEVO_FERTIL_INCUBACION, ALIMENTO_PROPIA, TRATAMIENTO_SUBPRODUCTOS",—,GRIS,PLANTA,ESCENARIO
C3|BASE|2500-5000-10000-20000|T1_2500_5000_10000_20000,0.117647,BAJA,"CAPEX, CT, DEMANDA, DEPRECIACION, DESCUENTO, FINANCIAMIENTO, GANANCIAS, IMPUESTOS_INGRESOS, IVA, OPEX, PRECIOS, RAMPUP, TIEMPO","CAPEX, CT, DEMANDA, DEPRECIACION, DESCUENTO, FINANCIAMIENTO, GANANCIAS, IMPUESTOS_INGRESOS, IVA, OPEX, PRECIOS, RAMPUP, TIEMPO",NO_CALCULABLE (sin VAN publicable),SIMULACION_HIPOTETICA_NO_VALIDADA,—,—,"faltan bloques económicos (VAN no publicable): CAPEX, CT, DEMANDA, DEPRECIACION, DESCUENTO, FINANCIAMIENTO, GANANCIAS, IMPUESTOS_INGRESOS, IVA, OPEX, PRECIOS, RAMPUP, TIEMPO; gates físicos no confirmados: TERRENO, AGUA, POTENCIA, CAPACIDAD_LINEA, SITIOS_GRANJAS_PROPIAS, HUEVO_FERTIL_INCUBACION, ALIMENTO_PROPIA, TRATAMIENTO_SUBPRODUCTOS",—,GRIS,PLANTA,ESCENARIO
C3|BASE|5000-10000-20000|T2_5000_10000_20000,0.117647,BAJA,"CAPEX, CT, DEMANDA, DEPRECIACION, DESCUENTO, FINANCIAMIENTO, GANANCIAS, IMPUESTOS_INGRESOS, IVA, OPEX, PRECIOS, RAMPUP, TIEMPO","CAPEX, CT, DEMANDA, DEPRECIACION, DESCUENTO, FINANCIAMIENTO, GANANCIAS, IMPUESTOS_INGRESOS, IVA, OPEX, PRECIOS, RAMPUP, TIEMPO",NO_CALCULABLE (sin VAN publicable),SIMULACION_HIPOTETICA_NO_VALIDADA,—,—,"faltan bloques económicos (VAN no publicable): CAPEX, CT, DEMANDA, DEPRECIACION, DESCUENTO, FINANCIAMIENTO, GANANCIAS, IMPUESTOS_INGRESOS, IVA, OPEX, PRECIOS, RAMPUP, TIEMPO; gates físicos no confirmados: TERRENO, AGUA, POTENCIA, CAPACIDAD_LINEA, SITIOS_GRANJAS_PROPIAS, HUEVO_FERTIL_INCUBACION, ALIMENTO_PROPIA, TRATAMIENTO_SUBPRODUCTOS",—,GRIS,PLANTA,ESCENARIO
C3|BASE|10000-20000|T3_10000_20000,0.117647,BAJA,"CAPEX, CT, DEMANDA, DEPRECIACION, DESCUENTO, FINANCIAMIENTO, GANANCIAS, IMPUESTOS_INGRESOS, IVA, OPEX, PRECIOS, RAMPUP, TIEMPO","CAPEX, CT, DEMANDA, DEPRECIACION, DESCUENTO, FINANCIAMIENTO, GANANCIAS, IMPUESTOS_INGRESOS, IVA, OPEX, PRECIOS, RAMPUP, TIEMPO",NO_CALCULABLE (sin VAN publicable),SIMULACION_HIPOTETICA_NO_VALIDADA,—,—,"faltan bloques económicos (VAN no publicable): CAPEX, CT, DEMANDA, DEPRECIACION, DESCUENTO, FINANCIAMIENTO, GANANCIAS, IMPUESTOS_INGRESOS, IVA, OPEX, PRECIOS, RAMPUP, TIEMPO; gates físicos no confirmados: TERRENO, AGUA, POTENCIA, CAPACIDAD_LINEA, SITIOS_GRANJAS_PROPIAS, HUEVO_FERTIL_INCUBACION, ALIMENTO_PROPIA, TRATAMIENTO_SUBPRODUCTOS",—,GRIS,PLANTA,ESCENARIO
CF|BASE|2500|ESCALA_UNICA,0.117647,BAJA,"CAPEX, CT, DEMANDA, DEPRECIACION, DESCUENTO, FINANCIAMIENTO, GANANCIAS, IMPUESTOS_INGRESOS, IVA, OPEX, PRECIOS, RAMPUP, TIEMPO","CAPEX, CT, DEMANDA, DEPRECIACION, DESCUENTO, FINANCIAMIENTO, GANANCIAS, IMPUESTOS_INGRESOS, IVA, OPEX, PRECIOS, RAMPUP, TIEMPO",NO_CALCULABLE (sin VAN publicable),SIMULACION_HIPOTETICA_NO_VALIDADA,—,—,"faltan bloques económicos (VAN no publicable): CAPEX, CT, DEMANDA, DEPRECIACION, DESCUENTO, FINANCIAMIENTO, GANANCIAS, IMPUESTOS_INGRESOS, IVA, OPEX, PRECIOS, RAMPUP, TIEMPO; gates físicos no confirmados: TERRENO, AGUA, POTENCIA, CAPACIDAD_LINEA, SITIOS_GRANJAS_PROPIAS, HUEVO_FERTIL_INCUBACION, ALIMENTO_PROPIA, TRATAMIENTO_SUBPRODUCTOS",—,GRIS,PLANTA,ESCENARIO
CF|BASE|5000|ESCALA_UNICA,0.117647,BAJA,"CAPEX, CT, DEMANDA, DEPRECIACION, DESCUENTO, FINANCIAMIENTO, GANANCIAS, IMPUESTOS_INGRESOS, IVA, OPEX, PRECIOS, RAMPUP, TIEMPO","CAPEX, CT, DEMANDA, DEPRECIACION, DESCUENTO, FINANCIAMIENTO, GANANCIAS, IMPUESTOS_INGRESOS, IVA, OPEX, PRECIOS, RAMPUP, TIEMPO",NO_CALCULABLE (sin VAN publicable),SIMULACION_HIPOTETICA_NO_VALIDADA,—,—,"faltan bloques económicos (VAN no publicable): CAPEX, CT, DEMANDA, DEPRECIACION, DESCUENTO, FINANCIAMIENTO, GANANCIAS, IMPUESTOS_INGRESOS, IVA, OPEX, PRECIOS, RAMPUP, TIEMPO; gates físicos no confirmados: TERRENO, AGUA, POTENCIA, CAPACIDAD_LINEA, SITIOS_GRANJAS_PROPIAS, HUEVO_FERTIL_INCUBACION, ALIMENTO_PROPIA, TRATAMIENTO_SUBPRODUCTOS",—,GRIS,PLANTA,ESCENARIO
CF|BASE|10000|ESCALA_UNICA,0.117647,BAJA,"CAPEX, CT, DEMANDA, DEPRECIACION, DESCUENTO, FINANCIAMIENTO, GANANCIAS, IMPUESTOS_INGRESOS, IVA, OPEX, PRECIOS, RAMPUP, TIEMPO","CAPEX, CT, DEMANDA, DEPRECIACION, DESCUENTO, FINANCIAMIENTO, GANANCIAS, IMPUESTOS_INGRESOS, IVA, OPEX, PRECIOS, RAMPUP, TIEMPO",NO_CALCULABLE (sin VAN publicable),SIMULACION_HIPOTETICA_NO_VALIDADA,—,—,"faltan bloques económicos (VAN no publicable): CAPEX, CT, DEMANDA, DEPRECIACION, DESCUENTO, FINANCIAMIENTO, GANANCIAS, IMPUESTOS_INGRESOS, IVA, OPEX, PRECIOS, RAMPUP, TIEMPO; gates físicos no confirmados: TERRENO, AGUA, POTENCIA, CAPACIDAD_LINEA, SITIOS_GRANJAS_PROPIAS, HUEVO_FERTIL_INCUBACION, ALIMENTO_PROPIA, TRATAMIENTO_SUBPRODUCTOS",—,GRIS,PLANTA,ESCENARIO
CF|BASE|20000|ESCALA_UNICA,0.117647,BAJA,"CAPEX, CT, DEMANDA, DEPRECIACION, DESCUENTO, FINANCIAMIENTO, GANANCIAS, IMPUESTOS_INGRESOS, IVA, OPEX, PRECIOS, RAMPUP, TIEMPO","CAPEX, CT, DEMANDA, DEPRECIACION, DESCUENTO, FINANCIAMIENTO, GANANCIAS, IMPUESTOS_INGRESOS, IVA, OPEX, PRECIOS, RAMPUP, TIEMPO",NO_CALCULABLE (sin VAN publicable),SIMULACION_HIPOTETICA_NO_VALIDADA,—,—,"faltan bloques económicos (VAN no publicable): CAPEX, CT, DEMANDA, DEPRECIACION, DESCUENTO, FINANCIAMIENTO, GANANCIAS, IMPUESTOS_INGRESOS, IVA, OPEX, PRECIOS, RAMPUP, TIEMPO; gates físicos no confirmados: TERRENO, AGUA, POTENCIA, CAPACIDAD_LINEA, SITIOS_GRANJAS_PROPIAS, HUEVO_FERTIL_INCUBACION, ALIMENTO_PROPIA, TRATAMIENTO_SUBPRODUCTOS",—,GRIS,PLANTA,ESCENARIO
CF|BASE|2500-5000-10000-20000|T1_2500_5000_10000_20000,0.117647,BAJA,"CAPEX, CT, DEMANDA, DEPRECIACION, DESCUENTO, FINANCIAMIENTO, GANANCIAS, IMPUESTOS_INGRESOS, IVA, OPEX, PRECIOS, RAMPUP, TIEMPO","CAPEX, CT, DEMANDA, DEPRECIACION, DESCUENTO, FINANCIAMIENTO, GANANCIAS, IMPUESTOS_INGRESOS, IVA, OPEX, PRECIOS, RAMPUP, TIEMPO",NO_CALCULABLE (sin VAN publicable),SIMULACION_HIPOTETICA_NO_VALIDADA,—,—,"faltan bloques económicos (VAN no publicable): CAPEX, CT, DEMANDA, DEPRECIACION, DESCUENTO, FINANCIAMIENTO, GANANCIAS, IMPUESTOS_INGRESOS, IVA, OPEX, PRECIOS, RAMPUP, TIEMPO; gates físicos no confirmados: TERRENO, AGUA, POTENCIA, CAPACIDAD_LINEA, SITIOS_GRANJAS_PROPIAS, HUEVO_FERTIL_INCUBACION, ALIMENTO_PROPIA, TRATAMIENTO_SUBPRODUCTOS",—,GRIS,PLANTA,ESCENARIO
CF|BASE|5000-10000-20000|T2_5000_10000_20000,0.117647,BAJA,"CAPEX, CT, DEMANDA, DEPRECIACION, DESCUENTO, FINANCIAMIENTO, GANANCIAS, IMPUESTOS_INGRESOS, IVA, OPEX, PRECIOS, RAMPUP, TIEMPO","CAPEX, CT, DEMANDA, DEPRECIACION, DESCUENTO, FINANCIAMIENTO, GANANCIAS, IMPUESTOS_INGRESOS, IVA, OPEX, PRECIOS, RAMPUP, TIEMPO",NO_CALCULABLE (sin VAN publicable),SIMULACION_HIPOTETICA_NO_VALIDADA,—,—,"faltan bloques económicos (VAN no publicable): CAPEX, CT, DEMANDA, DEPRECIACION, DESCUENTO, FINANCIAMIENTO, GANANCIAS, IMPUESTOS_INGRESOS, IVA, OPEX, PRECIOS, RAMPUP, TIEMPO; gates físicos no confirmados: TERRENO, AGUA, POTENCIA, CAPACIDAD_LINEA, SITIOS_GRANJAS_PROPIAS, HUEVO_FERTIL_INCUBACION, ALIMENTO_PROPIA, TRATAMIENTO_SUBPRODUCTOS",—,GRIS,PLANTA,ESCENARIO
CF|BASE|10000-20000|T3_10000_20000,0.117647,BAJA,"CAPEX, CT, DEMANDA, DEPRECIACION, DESCUENTO, FINANCIAMIENTO, GANANCIAS, IMPUESTOS_INGRESOS, IVA, OPEX, PRECIOS, RAMPUP, TIEMPO","CAPEX, CT, DEMANDA, DEPRECIACION, DESCUENTO, FINANCIAMIENTO, GANANCIAS, IMPUESTOS_INGRESOS, IVA, OPEX, PRECIOS, RAMPUP, TIEMPO",NO_CALCULABLE (sin VAN publicable),SIMULACION_HIPOTETICA_NO_VALIDADA,—,—,"faltan bloques económicos (VAN no publicable): CAPEX, CT, DEMANDA, DEPRECIACION, DESCUENTO, FINANCIAMIENTO, GANANCIAS, IMPUESTOS_INGRESOS, IVA, OPEX, PRECIOS, RAMPUP, TIEMPO; gates físicos no confirmados: TERRENO, AGUA, POTENCIA, CAPACIDAD_LINEA, SITIOS_GRANJAS_PROPIAS, HUEVO_FERTIL_INCUBACION, ALIMENTO_PROPIA, TRATAMIENTO_SUBPRODUCTOS",—,GRIS,PLANTA,ESCENARIO
C0|C0-10000-FACON-MP-EMPRESA|10000|ESCALA_UNICA,0.117647,BAJA,"CAPEX, CT, DEMANDA, DEPRECIACION, DESCUENTO, FINANCIAMIENTO, GANANCIAS, IMPUESTOS_INGRESOS, IVA, OPEX, PRECIOS, RAMPUP, TIEMPO","CAPEX, CT, DEMANDA, DEPRECIACION, DESCUENTO, FINANCIAMIENTO, GANANCIAS, IMPUESTOS_INGRESOS, IVA, OPEX, PRECIOS, RAMPUP, TIEMPO",NO_CALCULABLE (sin VAN publicable),SIMULACION_HIPOTETICA_NO_VALIDADA,—,—,"faltan bloques económicos (VAN no publicable): CAPEX, CT, DEMANDA, DEPRECIACION, DESCUENTO, FINANCIAMIENTO, GANANCIAS, IMPUESTOS_INGRESOS, IVA, OPEX, PRECIOS, RAMPUP, TIEMPO; gates físicos no confirmados: FACON_FAENA, PRODUCCION_PRIMARIA_INTEGRADOS, POLLITO, ALIMENTO_FACON, RECEPTOR_SUBPRODUCTOS, TRANSPORTE_TERCERO, FRIO_TERCERO",—,GRIS,OPERAR_ASSET_LIGHT,ESCENARIO
C0|C0-10000-FACON-MP-ELABORADOR|10000|ESCALA_UNICA,0.117647,BAJA,"CAPEX, CT, DEMANDA, DEPRECIACION, DESCUENTO, FINANCIAMIENTO, GANANCIAS, IMPUESTOS_INGRESOS, IVA, OPEX, PRECIOS, RAMPUP, TIEMPO","CAPEX, CT, DEMANDA, DEPRECIACION, DESCUENTO, FINANCIAMIENTO, GANANCIAS, IMPUESTOS_INGRESOS, IVA, OPEX, PRECIOS, RAMPUP, TIEMPO",NO_CALCULABLE (sin VAN publicable),SIMULACION_HIPOTETICA_NO_VALIDADA,—,—,"faltan bloques económicos (VAN no publicable): CAPEX, CT, DEMANDA, DEPRECIACION, DESCUENTO, FINANCIAMIENTO, GANANCIAS, IMPUESTOS_INGRESOS, IVA, OPEX, PRECIOS, RAMPUP, TIEMPO; gates físicos no confirmados: FACON_FAENA, PRODUCCION_PRIMARIA_INTEGRADOS, POLLITO, ALIMENTO_FACON, RECEPTOR_SUBPRODUCTOS, TRANSPORTE_TERCERO, FRIO_TERCERO",—,GRIS,OPERAR_ASSET_LIGHT,ESCENARIO
C2|C2-10000-FACON-MP-EMPRESA|10000|ESCALA_UNICA,0.117647,BAJA,"CAPEX, CT, DEMANDA, DEPRECIACION, DESCUENTO, FINANCIAMIENTO, GANANCIAS, IMPUESTOS_INGRESOS, IVA, OPEX, PRECIOS, RAMPUP, TIEMPO","CAPEX, CT, DEMANDA, DEPRECIACION, DESCUENTO, FINANCIAMIENTO, GANANCIAS, IMPUESTOS_INGRESOS, IVA, OPEX, PRECIOS, RAMPUP, TIEMPO",NO_CALCULABLE (sin VAN publicable),SIMULACION_HIPOTETICA_NO_VALIDADA,—,—,"faltan bloques económicos (VAN no publicable): CAPEX, CT, DEMANDA, DEPRECIACION, DESCUENTO, FINANCIAMIENTO, GANANCIAS, IMPUESTOS_INGRESOS, IVA, OPEX, PRECIOS, RAMPUP, TIEMPO; gates físicos no confirmados: TERRENO, AGUA, POTENCIA, CAPACIDAD_LINEA, PRODUCCION_PRIMARIA_INTEGRADOS, SITIOS_GRANJAS_PROPIAS, POLLITO, ALIMENTO_FACON, RECEPTOR_SUBPRODUCTOS, TRANSPORTE_TERCERO",—,GRIS,PLANTA,ESCENARIO
C1|C1-10000-congelado_tercero|10000|ESCALA_UNICA,0.117647,BAJA,"CAPEX, CT, DEMANDA, DEPRECIACION, DESCUENTO, FINANCIAMIENTO, GANANCIAS, IMPUESTOS_INGRESOS, IVA, OPEX, PRECIOS, RAMPUP, TIEMPO","CAPEX, CT, DEMANDA, DEPRECIACION, DESCUENTO, FINANCIAMIENTO, GANANCIAS, IMPUESTOS_INGRESOS, IVA, OPEX, PRECIOS, RAMPUP, TIEMPO",NO_CALCULABLE (sin VAN publicable),SIMULACION_HIPOTETICA_NO_VALIDADA,—,—,"faltan bloques económicos (VAN no publicable): CAPEX, CT, DEMANDA, DEPRECIACION, DESCUENTO, FINANCIAMIENTO, GANANCIAS, IMPUESTOS_INGRESOS, IVA, OPEX, PRECIOS, RAMPUP, TIEMPO; gates físicos no confirmados: TERRENO, AGUA, POTENCIA, CAPACIDAD_LINEA, PRODUCCION_PRIMARIA_INTEGRADOS, POLLITO, ALIMENTO_COMPRA, RECEPTOR_SUBPRODUCTOS, TRANSPORTE_TERCERO, FRIO_TERCERO",—,GRIS,PLANTA,ESCENARIO
C1|C1-10000-congelado_propio|10000|ESCALA_UNICA,0.117647,BAJA,"CAPEX, CT, DEMANDA, DEPRECIACION, DESCUENTO, FINANCIAMIENTO, GANANCIAS, IMPUESTOS_INGRESOS, IVA, OPEX, PRECIOS, RAMPUP, TIEMPO","CAPEX, CT, DEMANDA, DEPRECIACION, DESCUENTO, FINANCIAMIENTO, GANANCIAS, IMPUESTOS_INGRESOS, IVA, OPEX, PRECIOS, RAMPUP, TIEMPO",NO_CALCULABLE (sin VAN publicable),SIMULACION_HIPOTETICA_NO_VALIDADA,—,—,"faltan bloques económicos (VAN no publicable): CAPEX, CT, DEMANDA, DEPRECIACION, DESCUENTO, FINANCIAMIENTO, GANANCIAS, IMPUESTOS_INGRESOS, IVA, OPEX, PRECIOS, RAMPUP, TIEMPO; gates físicos no confirmados: TERRENO, AGUA, POTENCIA, CAPACIDAD_LINEA, PRODUCCION_PRIMARIA_INTEGRADOS, POLLITO, ALIMENTO_COMPRA, RECEPTOR_SUBPRODUCTOS, TRANSPORTE_TERCERO",—,GRIS,PLANTA,ESCENARIO
C1|C1-10000-subprod_basico|10000|ESCALA_UNICA,0.117647,BAJA,"CAPEX, CT, DEMANDA, DEPRECIACION, DESCUENTO, FINANCIAMIENTO, GANANCIAS, IMPUESTOS_INGRESOS, IVA, OPEX, PRECIOS, RAMPUP, TIEMPO","CAPEX, CT, DEMANDA, DEPRECIACION, DESCUENTO, FINANCIAMIENTO, GANANCIAS, IMPUESTOS_INGRESOS, IVA, OPEX, PRECIOS, RAMPUP, TIEMPO",NO_CALCULABLE (sin VAN publicable),SIMULACION_HIPOTETICA_NO_VALIDADA,—,—,"faltan bloques económicos (VAN no publicable): CAPEX, CT, DEMANDA, DEPRECIACION, DESCUENTO, FINANCIAMIENTO, GANANCIAS, IMPUESTOS_INGRESOS, IVA, OPEX, PRECIOS, RAMPUP, TIEMPO; gates físicos no confirmados: TERRENO, AGUA, POTENCIA, CAPACIDAD_LINEA, PRODUCCION_PRIMARIA_INTEGRADOS, POLLITO, ALIMENTO_COMPRA, TRATAMIENTO_SUBPRODUCTOS, TRANSPORTE_TERCERO",—,GRIS,PLANTA,ESCENARIO
C1|C1-10000-llave_en_mano|10000|ESCALA_UNICA,0.117647,BAJA,"CAPEX, CT, DEMANDA, DEPRECIACION, DESCUENTO, FINANCIAMIENTO, GANANCIAS, IMPUESTOS_INGRESOS, IVA, OPEX, PRECIOS, RAMPUP, TIEMPO","CAPEX, CT, DEMANDA, DEPRECIACION, DESCUENTO, FINANCIAMIENTO, GANANCIAS, IMPUESTOS_INGRESOS, IVA, OPEX, PRECIOS, RAMPUP, TIEMPO",NO_CALCULABLE (sin VAN publicable),SIMULACION_HIPOTETICA_NO_VALIDADA,—,—,"faltan bloques económicos (VAN no publicable): CAPEX, CT, DEMANDA, DEPRECIACION, DESCUENTO, FINANCIAMIENTO, GANANCIAS, IMPUESTOS_INGRESOS, IVA, OPEX, PRECIOS, RAMPUP, TIEMPO; gates físicos no confirmados: TERRENO, AGUA, POTENCIA, CAPACIDAD_LINEA, PRODUCCION_PRIMARIA_INTEGRADOS, POLLITO, ALIMENTO_COMPRA, RECEPTOR_SUBPRODUCTOS, TRANSPORTE_TERCERO",—,GRIS,PLANTA,ESCENARIO
C1|C1-10000-manual|10000|ESCALA_UNICA,0.117647,BAJA,"CAPEX, CT, DEMANDA, DEPRECIACION, DESCUENTO, FINANCIAMIENTO, GANANCIAS, IMPUESTOS_INGRESOS, IVA, OPEX, PRECIOS, RAMPUP, TIEMPO","CAPEX, CT, DEMANDA, DEPRECIACION, DESCUENTO, FINANCIAMIENTO, GANANCIAS, IMPUESTOS_INGRESOS, IVA, OPEX, PRECIOS, RAMPUP, TIEMPO",NO_CALCULABLE (sin VAN publicable),SIMULACION_HIPOTETICA_NO_VALIDADA,—,—,"faltan bloques económicos (VAN no publicable): CAPEX, CT, DEMANDA, DEPRECIACION, DESCUENTO, FINANCIAMIENTO, GANANCIAS, IMPUESTOS_INGRESOS, IVA, OPEX, PRECIOS, RAMPUP, TIEMPO; gates físicos no confirmados: TERRENO, AGUA, POTENCIA, CAPACIDAD_LINEA, PRODUCCION_PRIMARIA_INTEGRADOS, POLLITO, ALIMENTO_COMPRA, RECEPTOR_SUBPRODUCTOS, TRANSPORTE_TERCERO",—,GRIS,PLANTA,ESCENARIO
C1|C1-10000-auto|10000|ESCALA_UNICA,0.117647,BAJA,"CAPEX, CT, DEMANDA, DEPRECIACION, DESCUENTO, FINANCIAMIENTO, GANANCIAS, IMPUESTOS_INGRESOS, IVA, OPEX, PRECIOS, RAMPUP, TIEMPO","CAPEX, CT, DEMANDA, DEPRECIACION, DESCUENTO, FINANCIAMIENTO, GANANCIAS, IMPUESTOS_INGRESOS, IVA, OPEX, PRECIOS, RAMPUP, TIEMPO",NO_CALCULABLE (sin VAN publicable),SIMULACION_HIPOTETICA_NO_VALIDADA,—,—,"faltan bloques económicos (VAN no publicable): CAPEX, CT, DEMANDA, DEPRECIACION, DESCUENTO, FINANCIAMIENTO, GANANCIAS, IMPUESTOS_INGRESOS, IVA, OPEX, PRECIOS, RAMPUP, TIEMPO; gates físicos no confirmados: TERRENO, AGUA, POTENCIA, CAPACIDAD_LINEA, PRODUCCION_PRIMARIA_INTEGRADOS, POLLITO, ALIMENTO_COMPRA, RECEPTOR_SUBPRODUCTOS, TRANSPORTE_TERCERO",—,GRIS,PLANTA,ESCENARIO
C1|C1-10000-6dias|10000|ESCALA_UNICA,0.117647,BAJA,"CAPEX, CT, DEMANDA, DEPRECIACION, DESCUENTO, FINANCIAMIENTO, GANANCIAS, IMPUESTOS_INGRESOS, IVA, OPEX, PRECIOS, RAMPUP, TIEMPO","CAPEX, CT, DEMANDA, DEPRECIACION, DESCUENTO, FINANCIAMIENTO, GANANCIAS, IMPUESTOS_INGRESOS, IVA, OPEX, PRECIOS, RAMPUP, TIEMPO",NO_CALCULABLE (sin VAN publicable),SIMULACION_HIPOTETICA_NO_VALIDADA,—,—,"faltan bloques económicos (VAN no publicable): CAPEX, CT, DEMANDA, DEPRECIACION, DESCUENTO, FINANCIAMIENTO, GANANCIAS, IMPUESTOS_INGRESOS, IVA, OPEX, PRECIOS, RAMPUP, TIEMPO; gates físicos no confirmados: TERRENO, AGUA, POTENCIA, CAPACIDAD_LINEA, PRODUCCION_PRIMARIA_INTEGRADOS, POLLITO, ALIMENTO_COMPRA, RECEPTOR_SUBPRODUCTOS, TRANSPORTE_TERCERO",—,GRIS,PLANTA,ESCENARIO
C1|C1-10000-parque|10000|ESCALA_UNICA,0.117647,BAJA,"CAPEX, CT, DEMANDA, DEPRECIACION, DESCUENTO, FINANCIAMIENTO, GANANCIAS, IMPUESTOS_INGRESOS, IVA, OPEX, PRECIOS, RAMPUP, TIEMPO","CAPEX, CT, DEMANDA, DEPRECIACION, DESCUENTO, FINANCIAMIENTO, GANANCIAS, IMPUESTOS_INGRESOS, IVA, OPEX, PRECIOS, RAMPUP, TIEMPO",NO_CALCULABLE (sin VAN publicable),SIMULACION_HIPOTETICA_NO_VALIDADA,—,—,"faltan bloques económicos (VAN no publicable): CAPEX, CT, DEMANDA, DEPRECIACION, DESCUENTO, FINANCIAMIENTO, GANANCIAS, IMPUESTOS_INGRESOS, IVA, OPEX, PRECIOS, RAMPUP, TIEMPO; gates físicos no confirmados: TERRENO, AGUA, POTENCIA, CAPACIDAD_LINEA, PRODUCCION_PRIMARIA_INTEGRADOS, POLLITO, ALIMENTO_COMPRA, RECEPTOR_SUBPRODUCTOS, TRANSPORTE_TERCERO",—,GRIS,PLANTA,ESCENARIO
C1|C1-10000-rural|10000|ESCALA_UNICA,0.117647,BAJA,"CAPEX, CT, DEMANDA, DEPRECIACION, DESCUENTO, FINANCIAMIENTO, GANANCIAS, IMPUESTOS_INGRESOS, IVA, OPEX, PRECIOS, RAMPUP, TIEMPO","CAPEX, CT, DEMANDA, DEPRECIACION, DESCUENTO, FINANCIAMIENTO, GANANCIAS, IMPUESTOS_INGRESOS, IVA, OPEX, PRECIOS, RAMPUP, TIEMPO",NO_CALCULABLE (sin VAN publicable),SIMULACION_HIPOTETICA_NO_VALIDADA,—,—,"faltan bloques económicos (VAN no publicable): CAPEX, CT, DEMANDA, DEPRECIACION, DESCUENTO, FINANCIAMIENTO, GANANCIAS, IMPUESTOS_INGRESOS, IVA, OPEX, PRECIOS, RAMPUP, TIEMPO; gates físicos no confirmados: TERRENO, AGUA, POTENCIA, CAPACIDAD_LINEA, PRODUCCION_PRIMARIA_INTEGRADOS, POLLITO, ALIMENTO_COMPRA, RECEPTOR_SUBPRODUCTOS, TRANSPORTE_TERCERO",—,GRIS,PLANTA,ESCENARIO
C1|C1-10000-reserva20000|10000|ESCALA_UNICA,0.117647,BAJA,"CAPEX, CT, DEMANDA, DEPRECIACION, DESCUENTO, FINANCIAMIENTO, GANANCIAS, IMPUESTOS_INGRESOS, IVA, OPEX, PRECIOS, RAMPUP, TIEMPO","CAPEX, CT, DEMANDA, DEPRECIACION, DESCUENTO, FINANCIAMIENTO, GANANCIAS, IMPUESTOS_INGRESOS, IVA, OPEX, PRECIOS, RAMPUP, TIEMPO",NO_CALCULABLE (sin VAN publicable),SIMULACION_HIPOTETICA_NO_VALIDADA,—,—,"faltan bloques económicos (VAN no publicable): CAPEX, CT, DEMANDA, DEPRECIACION, DESCUENTO, FINANCIAMIENTO, GANANCIAS, IMPUESTOS_INGRESOS, IVA, OPEX, PRECIOS, RAMPUP, TIEMPO; gates físicos no confirmados: TERRENO, AGUA, POTENCIA, CAPACIDAD_LINEA, PRODUCCION_PRIMARIA_INTEGRADOS, POLLITO, ALIMENTO_COMPRA, RECEPTOR_SUBPRODUCTOS, TRANSPORTE_TERCERO",—,GRIS,PLANTA,ESCENARIO
C1|C1-10000-GN-RED|10000|ESCALA_UNICA,0.117647,BAJA,"CAPEX, CT, DEMANDA, DEPRECIACION, DESCUENTO, FINANCIAMIENTO, GANANCIAS, IMPUESTOS_INGRESOS, IVA, OPEX, PRECIOS, RAMPUP, TIEMPO","CAPEX, CT, DEMANDA, DEPRECIACION, DESCUENTO, FINANCIAMIENTO, GANANCIAS, IMPUESTOS_INGRESOS, IVA, OPEX, PRECIOS, RAMPUP, TIEMPO",NO_CALCULABLE (sin VAN publicable),SIMULACION_HIPOTETICA_NO_VALIDADA,—,—,"faltan bloques económicos (VAN no publicable): CAPEX, CT, DEMANDA, DEPRECIACION, DESCUENTO, FINANCIAMIENTO, GANANCIAS, IMPUESTOS_INGRESOS, IVA, OPEX, PRECIOS, RAMPUP, TIEMPO; gates físicos no confirmados: TERRENO, AGUA, POTENCIA, CAPACIDAD_LINEA, PRODUCCION_PRIMARIA_INTEGRADOS, POLLITO, ALIMENTO_COMPRA, RECEPTOR_SUBPRODUCTOS, TRANSPORTE_TERCERO",—,GRIS,PLANTA,ESCENARIO
C1|C1-10000-LIMPIEZA-TERC|10000|ESCALA_UNICA,0.117647,BAJA,"CAPEX, CT, DEMANDA, DEPRECIACION, DESCUENTO, FINANCIAMIENTO, GANANCIAS, IMPUESTOS_INGRESOS, IVA, OPEX, PRECIOS, RAMPUP, TIEMPO","CAPEX, CT, DEMANDA, DEPRECIACION, DESCUENTO, FINANCIAMIENTO, GANANCIAS, IMPUESTOS_INGRESOS, IVA, OPEX, PRECIOS, RAMPUP, TIEMPO",NO_CALCULABLE (sin VAN publicable),SIMULACION_HIPOTETICA_NO_VALIDADA,—,—,"faltan bloques económicos (VAN no publicable): CAPEX, CT, DEMANDA, DEPRECIACION, DESCUENTO, FINANCIAMIENTO, GANANCIAS, IMPUESTOS_INGRESOS, IVA, OPEX, PRECIOS, RAMPUP, TIEMPO; gates físicos no confirmados: TERRENO, AGUA, POTENCIA, CAPACIDAD_LINEA, PRODUCCION_PRIMARIA_INTEGRADOS, POLLITO, ALIMENTO_COMPRA, RECEPTOR_SUBPRODUCTOS, TRANSPORTE_TERCERO",—,GRIS,PLANTA,ESCENARIO
C1|C1-10000-MANT-CONTRATO|10000|ESCALA_UNICA,0.117647,BAJA,"CAPEX, CT, DEMANDA, DEPRECIACION, DESCUENTO, FINANCIAMIENTO, GANANCIAS, IMPUESTOS_INGRESOS, IVA, OPEX, PRECIOS, RAMPUP, TIEMPO","CAPEX, CT, DEMANDA, DEPRECIACION, DESCUENTO, FINANCIAMIENTO, GANANCIAS, IMPUESTOS_INGRESOS, IVA, OPEX, PRECIOS, RAMPUP, TIEMPO",NO_CALCULABLE (sin VAN publicable),SIMULACION_HIPOTETICA_NO_VALIDADA,—,—,"faltan bloques económicos (VAN no publicable): CAPEX, CT, DEMANDA, DEPRECIACION, DESCUENTO, FINANCIAMIENTO, GANANCIAS, IMPUESTOS_INGRESOS, IVA, OPEX, PRECIOS, RAMPUP, TIEMPO; gates físicos no confirmados: TERRENO, AGUA, POTENCIA, CAPACIDAD_LINEA, PRODUCCION_PRIMARIA_INTEGRADOS, POLLITO, ALIMENTO_COMPRA, RECEPTOR_SUBPRODUCTOS, TRANSPORTE_TERCERO",—,GRIS,PLANTA,ESCENARIO
C1|C1-10000-FLETE-POR-UNIDAD|10000|ESCALA_UNICA,0.117647,BAJA,"CAPEX, CT, DEMANDA, DEPRECIACION, DESCUENTO, FINANCIAMIENTO, GANANCIAS, IMPUESTOS_INGRESOS, IVA, OPEX, PRECIOS, RAMPUP, TIEMPO","CAPEX, CT, DEMANDA, DEPRECIACION, DESCUENTO, FINANCIAMIENTO, GANANCIAS, IMPUESTOS_INGRESOS, IVA, OPEX, PRECIOS, RAMPUP, TIEMPO",NO_CALCULABLE (sin VAN publicable),SIMULACION_HIPOTETICA_NO_VALIDADA,—,—,"faltan bloques económicos (VAN no publicable): CAPEX, CT, DEMANDA, DEPRECIACION, DESCUENTO, FINANCIAMIENTO, GANANCIAS, IMPUESTOS_INGRESOS, IVA, OPEX, PRECIOS, RAMPUP, TIEMPO; gates físicos no confirmados: TERRENO, AGUA, POTENCIA, CAPACIDAD_LINEA, PRODUCCION_PRIMARIA_INTEGRADOS, POLLITO, ALIMENTO_COMPRA, RECEPTOR_SUBPRODUCTOS, TRANSPORTE_TERCERO",—,GRIS,PLANTA,ESCENARIO
C1|C1-10000-PAGO-KG-VIVO|10000|ESCALA_UNICA,0.117647,BAJA,"CAPEX, CT, DEMANDA, DEPRECIACION, DESCUENTO, FINANCIAMIENTO, GANANCIAS, IMPUESTOS_INGRESOS, IVA, OPEX, PRECIOS, RAMPUP, TIEMPO","CAPEX, CT, DEMANDA, DEPRECIACION, DESCUENTO, FINANCIAMIENTO, GANANCIAS, IMPUESTOS_INGRESOS, IVA, OPEX, PRECIOS, RAMPUP, TIEMPO",NO_CALCULABLE (sin VAN publicable),SIMULACION_HIPOTETICA_NO_VALIDADA,—,—,"faltan bloques económicos (VAN no publicable): CAPEX, CT, DEMANDA, DEPRECIACION, DESCUENTO, FINANCIAMIENTO, GANANCIAS, IMPUESTOS_INGRESOS, IVA, OPEX, PRECIOS, RAMPUP, TIEMPO; gates físicos no confirmados: TERRENO, AGUA, POTENCIA, CAPACIDAD_LINEA, PRODUCCION_PRIMARIA_INTEGRADOS, POLLITO, ALIMENTO_COMPRA, RECEPTOR_SUBPRODUCTOS, TRANSPORTE_TERCERO",—,GRIS,PLANTA,ESCENARIO
C1|C1-10000-HALAL|10000|ESCALA_UNICA,0.117647,BAJA,"CAPEX, CT, DEMANDA, DEPRECIACION, DESCUENTO, FINANCIAMIENTO, GANANCIAS, IMPUESTOS_INGRESOS, IVA, OPEX, PRECIOS, RAMPUP, TIEMPO","CAPEX, CT, DEMANDA, DEPRECIACION, DESCUENTO, FINANCIAMIENTO, GANANCIAS, IMPUESTOS_INGRESOS, IVA, OPEX, PRECIOS, RAMPUP, TIEMPO",NO_CALCULABLE (sin VAN publicable),SIMULACION_HIPOTETICA_NO_VALIDADA,—,—,"faltan bloques económicos (VAN no publicable): CAPEX, CT, DEMANDA, DEPRECIACION, DESCUENTO, FINANCIAMIENTO, GANANCIAS, IMPUESTOS_INGRESOS, IVA, OPEX, PRECIOS, RAMPUP, TIEMPO; gates físicos no confirmados: TERRENO, AGUA, POTENCIA, CAPACIDAD_LINEA, PRODUCCION_PRIMARIA_INTEGRADOS, POLLITO, ALIMENTO_COMPRA, RECEPTOR_SUBPRODUCTOS, TRANSPORTE_TERCERO",—,GRIS,PLANTA,ESCENARIO
NO_INVERTIR_AUN,,NO_APLICA,—,—,—,SIMULACION_HIPOTETICA_NO_VALIDADA,—,mejor en MAX_VAN; mejor en MAX_EBITDA,—,—,VERDE,NO_INVERTIR_AUN,ESCENARIO
