ID_RIESGO,CATEGORIA,RIESGO,PROBABILIDAD_INHERENTE,IMPACTO_INHERENTE,CELDA_INHERENTE,FRECUENCIA_SECTORIAL_REFERENCIA,NOTA_FRECUENCIA,CLASE_INHERENTE,ESTADO_MITIGACION,PROBABILIDAD_RESIDUAL,IMPACTO_RESIDUAL,CELDA_RESIDUAL,CLASE_RESIDUAL,RESIDUAL_IGUAL_INHERENTE,TIPO_MATRIZ,PROB_NUMERICA,IMPACTO_USD,EXPOSICION_USD,RIESGO_ESPERADO,RIESGO_ESPERADO_ESTADO,ESTADO_CUANTITATIVO,SWING_VAN_SIMULADO,DRIVERS
RG-01,COMERCIAL,Demanda real inferior a la supuesta: la red de ~90 supermercados no se convierte en clientes,PENDIENTE,ALTA,PENDIENTE×ALTA,,,PENDIENTE,PROPUESTA,PENDIENTE,ALTA,PENDIENTE×ALTA,PENDIENTE,SÍ (mitigación no implementada o sin evidencia),CUALITATIVA (BAJA/MEDIA/ALTA son etiquetas; sin producto numérico P×I),,,,,NO_CALCULADO: no existe probabilidad específica del proyecto,FUTURO: requiere distribución respaldada y escenario completo,,demanda | mix | canal
RG-02,COMERCIAL,Caída del precio del pollo / cortes,PENDIENTE,ALTA,PENDIENTE×ALTA,Sobrecapacidad: Media–alta; competencia e importaciones: Alta,frecuencia/antecedente SECTORIAL: no es probabilidad del proyecto,PENDIENTE,PROPUESTA,PENDIENTE,ALTA,PENDIENTE×ALTA,PENDIENTE,SÍ (mitigación no implementada o sin evidencia),CUALITATIVA (BAJA/MEDIA/ALTA son etiquetas; sin producto numérico P×I),,,,,NO_CALCULADO: no existe probabilidad específica del proyecto,FUTURO: requiere distribución respaldada y escenario completo,,precio_venta | precio_pollo_entero | precio_cortes
RG-03,COMERCIAL,Concentración en pocos clientes (dependencia de la red de supermercados),PENDIENTE,ALTA,PENDIENTE×ALTA,Dependencia de clientes: 'Según diseño',frecuencia/antecedente SECTORIAL: no es probabilidad del proyecto,PENDIENTE,PROPUESTA,PENDIENTE,ALTA,PENDIENTE×ALTA,PENDIENTE,SÍ (mitigación no implementada o sin evidencia),CUALITATIVA (BAJA/MEDIA/ALTA son etiquetas; sin producto numérico P×I),,,,,NO_CALCULADO: no existe probabilidad específica del proyecto,FUTURO: requiere distribución respaldada y escenario completo,,demanda | dias_cobro | descuentos
RG-04,COMERCIAL,"Plazos de cobro largos y condiciones del canal (descuentos, fees, devoluciones)",PENDIENTE,ALTA,PENDIENTE×ALTA,Capital de trabajo: Alta,frecuencia/antecedente SECTORIAL: no es probabilidad del proyecto,PENDIENTE,PROPUESTA,PENDIENTE,ALTA,PENDIENTE×ALTA,PENDIENTE,SÍ (mitigación no implementada o sin evidencia),CUALITATIVA (BAJA/MEDIA/ALTA son etiquetas; sin producto numérico P×I),,,,,NO_CALCULADO: no existe probabilidad específica del proyecto,FUTURO: requiere distribución respaldada y escenario completo,,dias_cobro | descuentos | devoluciones
RG-05,COMERCIAL,"Partes sin comprador (desbalance de partes: pata-muslo, alas, garras, menudencias)",PENDIENTE,MEDIA,PENDIENTE×MEDIA,,,PENDIENTE,PROPUESTA,PENDIENTE,MEDIA,PENDIENTE×MEDIA,PENDIENTE,SÍ (mitigación no implementada o sin evidencia),CUALITATIVA (BAJA/MEDIA/ALTA son etiquetas; sin producto numérico P×I),,,,,NO_CALCULADO: no existe probabilidad específica del proyecto,FUTURO: requiere distribución respaldada y escenario completo,,precio_menudencias | precio_patas_garras | precio_cortes | mix
RG-06,COMERCIAL,"Subproductos sin receptor o con costo de retiro (sangre, plumas, vísceras)",PENDIENTE,MEDIA,PENDIENTE×MEDIA,,,PENDIENTE,PROPUESTA,PENDIENTE,MEDIA,PENDIENTE×MEDIA,PENDIENTE,SÍ (mitigación no implementada o sin evidencia),CUALITATIVA (BAJA/MEDIA/ALTA son etiquetas; sin producto numérico P×I),,,,,NO_CALCULADO: no existe probabilidad específica del proyecto,FUTURO: requiere distribución respaldada y escenario completo,,precio_subproductos
RG-07,OPERATIVA,Ramp-up más lento que lo previsto,PENDIENTE,ALTA,PENDIENTE×ALTA,,,PENDIENTE,PROPUESTA,PENDIENTE,ALTA,PENDIENTE×ALTA,PENDIENTE,SÍ (mitigación no implementada o sin evidencia),CUALITATIVA (BAJA/MEDIA/ALTA son etiquetas; sin producto numérico P×I),,,,,NO_CALCULADO: no existe probabilidad específica del proyecto,FUTURO: requiere distribución respaldada y escenario completo,,rampup | utilizacion | merma | eficiencia_linea
RG-08,OPERATIVA,Mortalidad y FCR peores que el supuesto,PENDIENTE,PENDIENTE,PENDIENTE×PENDIENTE,,,PENDIENTE,PROPUESTA,PENDIENTE,PENDIENTE,PENDIENTE×PENDIENTE,PENDIENTE,SÍ (mitigación no implementada o sin evidencia),CUALITATIVA (BAJA/MEDIA/ALTA son etiquetas; sin producto numérico P×I),,,,,NO_CALCULADO: no existe probabilidad específica del proyecto,FUTURO: requiere distribución respaldada y escenario completo,,mortalidad | fcr
RG-09,OPERATIVA,Rendimiento de faena y condenas peores que el balance 04,PENDIENTE,PENDIENTE,PENDIENTE×PENDIENTE,,,PENDIENTE,PROPUESTA,PENDIENTE,PENDIENTE,PENDIENTE×PENDIENTE,PENDIENTE,SÍ (mitigación no implementada o sin evidencia),CUALITATIVA (BAJA/MEDIA/ALTA son etiquetas; sin producto numérico P×I),,,,,NO_CALCULADO: no existe probabilidad específica del proyecto,FUTURO: requiere distribución respaldada y escenario completo,,rendimiento_faena | condenas | peso_vivo
RG-10,OPERATIVA,Influenza aviar (IAAP) u otro evento sanitario en la zona o en la propia producción,PENDIENTE,ALTA,PENDIENTE×ALTA,IAAP: Alta,frecuencia/antecedente SECTORIAL: no es probabilidad del proyecto,PENDIENTE,PROPUESTA,PENDIENTE,ALTA,PENDIENTE×ALTA,PENDIENTE,SÍ (mitigación no implementada o sin evidencia),CUALITATIVA (BAJA/MEDIA/ALTA son etiquetas; sin producto numérico P×I),,,,,NO_CALCULADO: no existe probabilidad específica del proyecto,FUTURO: requiere distribución respaldada y escenario completo,,exportacion_disponible | utilizacion | demanda
RG-11,OPERATIVA,Disponibilidad de productores integrados insuficiente,PENDIENTE,ALTA,PENDIENTE×ALTA,,,PENDIENTE,PROPUESTA,PENDIENTE,ALTA,PENDIENTE×ALTA,PENDIENTE,SÍ (mitigación no implementada o sin evidencia),CUALITATIVA (BAJA/MEDIA/ALTA son etiquetas; sin producto numérico P×I),,,,,NO_CALCULADO: no existe probabilidad específica del proyecto,FUTURO: requiere distribución respaldada y escenario completo,,integrados_disponibles | utilizacion
RG-12,OPERATIVA,Disponibilidad de pollito BB,PENDIENTE,ALTA,PENDIENTE×ALTA,,,PENDIENTE,PROPUESTA,PENDIENTE,ALTA,PENDIENTE×ALTA,PENDIENTE,SÍ (mitigación no implementada o sin evidencia),CUALITATIVA (BAJA/MEDIA/ALTA son etiquetas; sin producto numérico P×I),,,,,NO_CALCULADO: no existe probabilidad específica del proyecto,FUTURO: requiere distribución respaldada y escenario completo,,pollito | utilizacion
RG-13,OPERATIVA,Interrupción de faena a façon (capacidad o voluntad del faenador),PENDIENTE,ALTA,PENDIENTE×ALTA,,,PENDIENTE,PROPUESTA,PENDIENTE,ALTA,PENDIENTE×ALTA,PENDIENTE,SÍ (mitigación no implementada o sin evidencia),CUALITATIVA (BAJA/MEDIA/ALTA son etiquetas; sin producto numérico P×I),,,,,NO_CALCULADO: no existe probabilidad específica del proyecto,FUTURO: requiere distribución respaldada y escenario completo,,faena_tercerizada | utilizacion
RG-14,OPERATIVA,Conflictividad laboral,PENDIENTE,ALTA,PENDIENTE×ALTA,Conflictividad laboral: Media,frecuencia/antecedente SECTORIAL: no es probabilidad del proyecto,PENDIENTE,PROPUESTA,PENDIENTE,ALTA,PENDIENTE×ALTA,PENDIENTE,SÍ (mitigación no implementada o sin evidencia),CUALITATIVA (BAJA/MEDIA/ALTA son etiquetas; sin producto numérico P×I),,,,,NO_CALCULADO: no existe probabilidad específica del proyecto,FUTURO: requiere distribución respaldada y escenario completo,,salarios | utilizacion
RG-15,COSTO,Suba del alimento balanceado (maíz y soja),PENDIENTE,ALTA,PENDIENTE×ALTA,Maíz y soja: Alta,frecuencia/antecedente SECTORIAL: no es probabilidad del proyecto,PENDIENTE,PROPUESTA,PENDIENTE,ALTA,PENDIENTE×ALTA,PENDIENTE,SÍ (mitigación no implementada o sin evidencia),CUALITATIVA (BAJA/MEDIA/ALTA son etiquetas; sin producto numérico P×I),,,,,NO_CALCULADO: no existe probabilidad específica del proyecto,FUTURO: requiere distribución respaldada y escenario completo,,alimento | maiz | soja | fcr
RG-16,COSTO,Suba de energía (electricidad y gas) o restricciones de suministro,PENDIENTE,MEDIA,PENDIENTE×MEDIA,Energía: Media,frecuencia/antecedente SECTORIAL: no es probabilidad del proyecto,PENDIENTE,PROPUESTA,PENDIENTE,MEDIA,PENDIENTE×MEDIA,PENDIENTE,SÍ (mitigación no implementada o sin evidencia),CUALITATIVA (BAJA/MEDIA/ALTA son etiquetas; sin producto numérico P×I),,,,,NO_CALCULADO: no existe probabilidad específica del proyecto,FUTURO: requiere distribución respaldada y escenario completo,,electricidad | gas
RG-17,COSTO,Suba de salarios en USD (inflación > devaluación),PENDIENTE,MEDIA,PENDIENTE×MEDIA,Inflación: Alta,frecuencia/antecedente SECTORIAL: no es probabilidad del proyecto,PENDIENTE,PROPUESTA,PENDIENTE,MEDIA,PENDIENTE×MEDIA,PENDIENTE,SÍ (mitigación no implementada o sin evidencia),CUALITATIVA (BAJA/MEDIA/ALTA son etiquetas; sin producto numérico P×I),,,,,NO_CALCULADO: no existe probabilidad específica del proyecto,FUTURO: requiere distribución respaldada y escenario completo,,salarios | fx
RG-18,COSTO,"Suba de packaging, logística o mantenimiento",PENDIENTE,PENDIENTE,PENDIENTE×PENDIENTE,,,PENDIENTE,PROPUESTA,PENDIENTE,PENDIENTE,PENDIENTE×PENDIENTE,PENDIENTE,SÍ (mitigación no implementada o sin evidencia),CUALITATIVA (BAJA/MEDIA/ALTA son etiquetas; sin producto numérico P×I),,,,,NO_CALCULADO: no existe probabilidad específica del proyecto,FUTURO: requiere distribución respaldada y escenario completo,,packaging | logistica | mantenimiento
RG-19,COSTO,Tarifas de façon superiores a las supuestas,PENDIENTE,PENDIENTE,PENDIENTE×PENDIENTE,,,PENDIENTE,PROPUESTA,PENDIENTE,PENDIENTE,PENDIENTE×PENDIENTE,PENDIENTE,SÍ (mitigación no implementada o sin evidencia),CUALITATIVA (BAJA/MEDIA/ALTA son etiquetas; sin producto numérico P×I),,,,,NO_CALCULADO: no existe probabilidad específica del proyecto,FUTURO: requiere distribución respaldada y escenario completo,,facon
RG-20,INVERSION,"Sobrecosto de CAPEX (equipos, obra, frío, efluentes) e importación",PENDIENTE,ALTA,PENDIENTE×ALTA,,,PENDIENTE,PROPUESTA,PENDIENTE,ALTA,PENDIENTE×ALTA,PENDIENTE,SÍ (mitigación no implementada o sin evidencia),CUALITATIVA (BAJA/MEDIA/ALTA son etiquetas; sin producto numérico P×I),,,,,NO_CALCULADO: no existe probabilidad específica del proyecto,FUTURO: requiere distribución respaldada y escenario completo,,capex | capex_equipos | capex_obra | capex_frio | capex_efluentes | capex_importacion
RG-21,INVERSION,"Demoras de obra, montaje o habilitación SENASA",PENDIENTE,ALTA,PENDIENTE×ALTA,,,PENDIENTE,PROPUESTA,PENDIENTE,ALTA,PENDIENTE×ALTA,PENDIENTE,SÍ (mitigación no implementada o sin evidencia),CUALITATIVA (BAJA/MEDIA/ALTA son etiquetas; sin producto numérico P×I),,,,,NO_CALCULADO: no existe probabilidad específica del proyecto,FUTURO: requiere distribución respaldada y escenario completo,,rampup | capex
RG-22,INVERSION,"Terreno o servicios (potencia, agua, vuelco) no disponibles en el sitio",PENDIENTE,ALTA,PENDIENTE×ALTA,,,PENDIENTE,PROPUESTA,PENDIENTE,ALTA,PENDIENTE×ALTA,PENDIENTE,SÍ (mitigación no implementada o sin evidencia),CUALITATIVA (BAJA/MEDIA/ALTA son etiquetas; sin producto numérico P×I),,,,,NO_CALCULADO: no existe probabilidad específica del proyecto,FUTURO: requiere distribución respaldada y escenario completo,,terreno_utilities | capex_terreno
RG-23,FINANCIERA,Devaluación / tipo de cambio (apreciación abarata importaciones; costos en ARS),PENDIENTE,ALTA,PENDIENTE×ALTA,Tipo de cambio: Media–alta,frecuencia/antecedente SECTORIAL: no es probabilidad del proyecto,PENDIENTE,PROPUESTA,PENDIENTE,ALTA,PENDIENTE×ALTA,PENDIENTE,SÍ (mitigación no implementada o sin evidencia),CUALITATIVA (BAJA/MEDIA/ALTA son etiquetas; sin producto numérico P×I),,,,,NO_CALCULADO: no existe probabilidad específica del proyecto,FUTURO: requiere distribución respaldada y escenario completo,,fx
RG-24,FINANCIERA,Costo del capital / tasa de descuento mayor,PENDIENTE,PENDIENTE,PENDIENTE×PENDIENTE,,,PENDIENTE,PROPUESTA,PENDIENTE,PENDIENTE,PENDIENTE×PENDIENTE,PENDIENTE,SÍ (mitigación no implementada o sin evidencia),CUALITATIVA (BAJA/MEDIA/ALTA son etiquetas; sin producto numérico P×I),,,,,NO_CALCULADO: no existe probabilidad específica del proyecto,FUTURO: requiere distribución respaldada y escenario completo,,tasa_descuento
RG-25,FINANCIERA,"Tasa, plazo o disponibilidad de deuda",PENDIENTE,PENDIENTE,PENDIENTE×PENDIENTE,,,PENDIENTE,PROPUESTA,PENDIENTE,PENDIENTE,PENDIENTE×PENDIENTE,PENDIENTE,SÍ (mitigación no implementada o sin evidencia),CUALITATIVA (BAJA/MEDIA/ALTA son etiquetas; sin producto numérico P×I),,,,,NO_CALCULADO: no existe probabilidad específica del proyecto,FUTURO: requiere distribución respaldada y escenario completo,,tasa_deuda | plazo_deuda | financiamiento
RG-26,FINANCIERA,Capital insuficiente para el pico de fondos (no solo el CAPEX),PENDIENTE,ALTA,PENDIENTE×ALTA,,,PENDIENTE,PROPUESTA,PENDIENTE,ALTA,PENDIENTE×ALTA,PENDIENTE,SÍ (mitigación no implementada o sin evidencia),CUALITATIVA (BAJA/MEDIA/ALTA son etiquetas; sin producto numérico P×I),,,,,NO_CALCULADO: no existe probabilidad específica del proyecto,FUTURO: requiere distribución respaldada y escenario completo,,capex | dias_cobro | rampup | financiamiento
RG-27,FINANCIERA,"Carga fiscal (IIBB, ganancias) y recupero de IVA",PENDIENTE,PENDIENTE,PENDIENTE×PENDIENTE,,,PENDIENTE,PROPUESTA,PENDIENTE,PENDIENTE,PENDIENTE×PENDIENTE,PENDIENTE,SÍ (mitigación no implementada o sin evidencia),CUALITATIVA (BAJA/MEDIA/ALTA son etiquetas; sin producto numérico P×I),,,,,NO_CALCULADO: no existe probabilidad específica del proyecto,FUTURO: requiere distribución respaldada y escenario completo,,iibb | tasa_ganancias | recuperacion_iva
RG-28,FINANCIERA,Días de pago a proveedores más cortos,PENDIENTE,PENDIENTE,PENDIENTE×PENDIENTE,,,PENDIENTE,PROPUESTA,PENDIENTE,PENDIENTE,PENDIENTE×PENDIENTE,PENDIENTE,SÍ (mitigación no implementada o sin evidencia),CUALITATIVA (BAJA/MEDIA/ALTA son etiquetas; sin producto numérico P×I),,,,,NO_CALCULADO: no existe probabilidad específica del proyecto,FUTURO: requiere distribución respaldada y escenario completo,,dias_pago
RG-29,ESTRATEGICA,"Exportación no disponible o suspendida (sanidad, listados, China)",PENDIENTE,ALTA,PENDIENTE×ALTA,Barreras sanitarias: Alta,frecuencia/antecedente SECTORIAL: no es probabilidad del proyecto,PENDIENTE,PROPUESTA,PENDIENTE,ALTA,PENDIENTE×ALTA,PENDIENTE,SÍ (mitigación no implementada o sin evidencia),CUALITATIVA (BAJA/MEDIA/ALTA son etiquetas; sin producto numérico P×I),,,,,NO_CALCULADO: no existe probabilidad específica del proyecto,FUTURO: requiere distribución respaldada y escenario completo,,exportacion_disponible | precio_patas_garras
RG-30,ESTRATEGICA,Certificación halal no obtenida o sin compradores,PENDIENTE,PENDIENTE,PENDIENTE×PENDIENTE,,,PENDIENTE,PROPUESTA,PENDIENTE,PENDIENTE,PENDIENTE×PENDIENTE,PENDIENTE,SÍ (mitigación no implementada o sin evidencia),CUALITATIVA (BAJA/MEDIA/ALTA son etiquetas; sin producto numérico P×I),,,,,NO_CALCULADO: no existe probabilidad específica del proyecto,FUTURO: requiere distribución respaldada y escenario completo,,halal
RG-31,ESTRATEGICA,Proveedor de alimento no disponible o concentrado,PENDIENTE,ALTA,PENDIENTE×ALTA,,,PENDIENTE,PROPUESTA,PENDIENTE,ALTA,PENDIENTE×ALTA,PENDIENTE,SÍ (mitigación no implementada o sin evidencia),CUALITATIVA (BAJA/MEDIA/ALTA son etiquetas; sin producto numérico P×I),,,,,NO_CALCULADO: no existe probabilidad específica del proyecto,FUTURO: requiere distribución respaldada y escenario completo,,proveedor_alimento | alimento
RG-32,ESTRATEGICA,"Competencia, importaciones y reactivación de plantas paralizadas (sobrecapacidad)",PENDIENTE,ALTA,PENDIENTE×ALTA,Competencia e importaciones: Alta; sobrecapacidad: Media–alta,frecuencia/antecedente SECTORIAL: no es probabilidad del proyecto,PENDIENTE,PROPUESTA,PENDIENTE,ALTA,PENDIENTE×ALTA,PENDIENTE,SÍ (mitigación no implementada o sin evidencia),CUALITATIVA (BAJA/MEDIA/ALTA son etiquetas; sin producto numérico P×I),,,,,NO_CALCULADO: no existe probabilidad específica del proyecto,FUTURO: requiere distribución respaldada y escenario completo,,precio_venta | demanda
RG-33,ESTRATEGICA,"Normativa y habilitaciones (SENASA, ambiental, municipal)",PENDIENTE,ALTA,PENDIENTE×ALTA,,,PENDIENTE,PROPUESTA,PENDIENTE,ALTA,PENDIENTE×ALTA,PENDIENTE,SÍ (mitigación no implementada o sin evidencia),CUALITATIVA (BAJA/MEDIA/ALTA son etiquetas; sin producto numérico P×I),,,,,NO_CALCULADO: no existe probabilidad específica del proyecto,FUTURO: requiere distribución respaldada y escenario completo,,rampup | capex
RG-34,ESTRATEGICA,Decisión tomada sobre datos incompletos (riesgo de modelo / información),PENDIENTE,ALTA,PENDIENTE×ALTA,,,PENDIENTE,EN_CURSO,PENDIENTE,ALTA,PENDIENTE×ALTA,PENDIENTE,SÍ (mitigación no implementada o sin evidencia),CUALITATIVA (BAJA/MEDIA/ALTA son etiquetas; sin producto numérico P×I),,,,,NO_CALCULADO: no existe probabilidad específica del proyecto,FUTURO: requiere distribución respaldada y escenario completo,,precio_venta | demanda | capex | alimento
