ALTERNATIVA,AMBITO,CRITERIO,C_DEMANDA_NO_RESPALDADA,C_EVIDENCIA_FALTANTE,C_FISICO_PENDIENTE,C_PICO_FONDOS_RELATIVO,C_SENSIBILIDAD_VAN,C_VAN_NEGATIVO_ESCENARIOS,ESTADO,MIN_ESCENARIOS,NOTA,N_ESCENARIOS,RIESGO_NOTA,ROBUSTEZ,SCORE_ORDINAL_RIESGO,UNIVERSO
C0|BASE|2500|ESCALA_UNICA,PROYECTO,PCT_VAN_NO_NEGATIVO,,0.882353,0.833333,,,,PENDIENTE,3,alternativa no evaluable,0,PENDIENTE: pesos del score de riesgo no definidos (inputs riesgo.peso.*),,,EVIDENCIA
C0|BASE|5000|ESCALA_UNICA,PROYECTO,PCT_VAN_NO_NEGATIVO,,0.882353,0.833333,,,,PENDIENTE,3,alternativa no evaluable,0,PENDIENTE: pesos del score de riesgo no definidos (inputs riesgo.peso.*),,,EVIDENCIA
C0|BASE|10000|ESCALA_UNICA,PROYECTO,PCT_VAN_NO_NEGATIVO,,0.882353,0.833333,,,,PENDIENTE,3,alternativa no evaluable,0,PENDIENTE: pesos del score de riesgo no definidos (inputs riesgo.peso.*),,,EVIDENCIA
C0|BASE|20000|ESCALA_UNICA,PROYECTO,PCT_VAN_NO_NEGATIVO,,0.882353,0.833333,,,,PENDIENTE,3,alternativa no evaluable,0,PENDIENTE: pesos del score de riesgo no definidos (inputs riesgo.peso.*),,,EVIDENCIA
C0|BASE|2500-5000-10000-20000|T1_2500_5000_10000_20000,PROYECTO,PCT_VAN_NO_NEGATIVO,,0.882353,0.833333,,,,PENDIENTE,3,alternativa no evaluable,0,PENDIENTE: pesos del score de riesgo no definidos (inputs riesgo.peso.*),,,EVIDENCIA
C0|BASE|5000-10000-20000|T2_5000_10000_20000,PROYECTO,PCT_VAN_NO_NEGATIVO,,0.882353,0.833333,,,,PENDIENTE,3,alternativa no evaluable,0,PENDIENTE: pesos del score de riesgo no definidos (inputs riesgo.peso.*),,,EVIDENCIA
C0|BASE|10000-20000|T3_10000_20000,PROYECTO,PCT_VAN_NO_NEGATIVO,,0.882353,0.833333,,,,PENDIENTE,3,alternativa no evaluable,0,PENDIENTE: pesos del score de riesgo no definidos (inputs riesgo.peso.*),,,EVIDENCIA
C1|BASE|2500|ESCALA_UNICA,PROYECTO,PCT_VAN_NO_NEGATIVO,,0.882353,0.818182,,,,PENDIENTE,3,alternativa no evaluable,0,PENDIENTE: pesos del score de riesgo no definidos (inputs riesgo.peso.*),,,EVIDENCIA
C1|BASE|5000|ESCALA_UNICA,PROYECTO,PCT_VAN_NO_NEGATIVO,,0.882353,0.818182,,,,PENDIENTE,3,alternativa no evaluable,0,PENDIENTE: pesos del score de riesgo no definidos (inputs riesgo.peso.*),,,EVIDENCIA
C1|BASE|10000|ESCALA_UNICA,PROYECTO,PCT_VAN_NO_NEGATIVO,,0.882353,0.818182,,,,PENDIENTE,3,alternativa no evaluable,0,PENDIENTE: pesos del score de riesgo no definidos (inputs riesgo.peso.*),,,EVIDENCIA
C1|BASE|20000|ESCALA_UNICA,PROYECTO,PCT_VAN_NO_NEGATIVO,,0.882353,0.818182,,,,PENDIENTE,3,alternativa no evaluable,0,PENDIENTE: pesos del score de riesgo no definidos (inputs riesgo.peso.*),,,EVIDENCIA
C1|BASE|2500-5000-10000-20000|T1_2500_5000_10000_20000,PROYECTO,PCT_VAN_NO_NEGATIVO,,0.882353,0.818182,,,,PENDIENTE,3,alternativa no evaluable,0,PENDIENTE: pesos del score de riesgo no definidos (inputs riesgo.peso.*),,,EVIDENCIA
C1|BASE|5000-10000-20000|T2_5000_10000_20000,PROYECTO,PCT_VAN_NO_NEGATIVO,,0.882353,0.818182,,,,PENDIENTE,3,alternativa no evaluable,0,PENDIENTE: pesos del score de riesgo no definidos (inputs riesgo.peso.*),,,EVIDENCIA
C1|BASE|10000-20000|T3_10000_20000,PROYECTO,PCT_VAN_NO_NEGATIVO,,0.882353,0.818182,,,,PENDIENTE,3,alternativa no evaluable,0,PENDIENTE: pesos del score de riesgo no definidos (inputs riesgo.peso.*),,,EVIDENCIA
C2|BASE|2500|ESCALA_UNICA,PROYECTO,PCT_VAN_NO_NEGATIVO,,0.882353,0.833333,,,,PENDIENTE,3,alternativa no evaluable,0,PENDIENTE: pesos del score de riesgo no definidos (inputs riesgo.peso.*),,,EVIDENCIA
C2|BASE|5000|ESCALA_UNICA,PROYECTO,PCT_VAN_NO_NEGATIVO,,0.882353,0.833333,,,,PENDIENTE,3,alternativa no evaluable,0,PENDIENTE: pesos del score de riesgo no definidos (inputs riesgo.peso.*),,,EVIDENCIA
C2|BASE|10000|ESCALA_UNICA,PROYECTO,PCT_VAN_NO_NEGATIVO,,0.882353,0.833333,,,,PENDIENTE,3,alternativa no evaluable,0,PENDIENTE: pesos del score de riesgo no definidos (inputs riesgo.peso.*),,,EVIDENCIA
C2|BASE|20000|ESCALA_UNICA,PROYECTO,PCT_VAN_NO_NEGATIVO,,0.882353,0.833333,,,,PENDIENTE,3,alternativa no evaluable,0,PENDIENTE: pesos del score de riesgo no definidos (inputs riesgo.peso.*),,,EVIDENCIA
C2|BASE|2500-5000-10000-20000|T1_2500_5000_10000_20000,PROYECTO,PCT_VAN_NO_NEGATIVO,,0.882353,0.833333,,,,PENDIENTE,3,alternativa no evaluable,0,PENDIENTE: pesos del score de riesgo no definidos (inputs riesgo.peso.*),,,EVIDENCIA
C2|BASE|5000-10000-20000|T2_5000_10000_20000,PROYECTO,PCT_VAN_NO_NEGATIVO,,0.882353,0.833333,,,,PENDIENTE,3,alternativa no evaluable,0,PENDIENTE: pesos del score de riesgo no definidos (inputs riesgo.peso.*),,,EVIDENCIA
C2|BASE|10000-20000|T3_10000_20000,PROYECTO,PCT_VAN_NO_NEGATIVO,,0.882353,0.833333,,,,PENDIENTE,3,alternativa no evaluable,0,PENDIENTE: pesos del score de riesgo no definidos (inputs riesgo.peso.*),,,EVIDENCIA
C3|BASE|2500|ESCALA_UNICA,PROYECTO,PCT_VAN_NO_NEGATIVO,,0.882353,0.8,,,,PENDIENTE,3,alternativa no evaluable,0,PENDIENTE: pesos del score de riesgo no definidos (inputs riesgo.peso.*),,,EVIDENCIA
C3|BASE|5000|ESCALA_UNICA,PROYECTO,PCT_VAN_NO_NEGATIVO,,0.882353,0.8,,,,PENDIENTE,3,alternativa no evaluable,0,PENDIENTE: pesos del score de riesgo no definidos (inputs riesgo.peso.*),,,EVIDENCIA
C3|BASE|10000|ESCALA_UNICA,PROYECTO,PCT_VAN_NO_NEGATIVO,,0.882353,0.8,,,,PENDIENTE,3,alternativa no evaluable,0,PENDIENTE: pesos del score de riesgo no definidos (inputs riesgo.peso.*),,,EVIDENCIA
C3|BASE|20000|ESCALA_UNICA,PROYECTO,PCT_VAN_NO_NEGATIVO,,0.882353,0.8,,,,PENDIENTE,3,alternativa no evaluable,0,PENDIENTE: pesos del score de riesgo no definidos (inputs riesgo.peso.*),,,EVIDENCIA
C3|BASE|2500-5000-10000-20000|T1_2500_5000_10000_20000,PROYECTO,PCT_VAN_NO_NEGATIVO,,0.882353,0.8,,,,PENDIENTE,3,alternativa no evaluable,0,PENDIENTE: pesos del score de riesgo no definidos (inputs riesgo.peso.*),,,EVIDENCIA
C3|BASE|5000-10000-20000|T2_5000_10000_20000,PROYECTO,PCT_VAN_NO_NEGATIVO,,0.882353,0.8,,,,PENDIENTE,3,alternativa no evaluable,0,PENDIENTE: pesos del score de riesgo no definidos (inputs riesgo.peso.*),,,EVIDENCIA
C3|BASE|10000-20000|T3_10000_20000,PROYECTO,PCT_VAN_NO_NEGATIVO,,0.882353,0.8,,,,PENDIENTE,3,alternativa no evaluable,0,PENDIENTE: pesos del score de riesgo no definidos (inputs riesgo.peso.*),,,EVIDENCIA
CF|BASE|2500|ESCALA_UNICA,PROYECTO,PCT_VAN_NO_NEGATIVO,,0.882353,0.8,,,,PENDIENTE,3,alternativa no evaluable,0,PENDIENTE: pesos del score de riesgo no definidos (inputs riesgo.peso.*),,,EVIDENCIA
CF|BASE|5000|ESCALA_UNICA,PROYECTO,PCT_VAN_NO_NEGATIVO,,0.882353,0.8,,,,PENDIENTE,3,alternativa no evaluable,0,PENDIENTE: pesos del score de riesgo no definidos (inputs riesgo.peso.*),,,EVIDENCIA
CF|BASE|10000|ESCALA_UNICA,PROYECTO,PCT_VAN_NO_NEGATIVO,,0.882353,0.8,,,,PENDIENTE,3,alternativa no evaluable,0,PENDIENTE: pesos del score de riesgo no definidos (inputs riesgo.peso.*),,,EVIDENCIA
CF|BASE|20000|ESCALA_UNICA,PROYECTO,PCT_VAN_NO_NEGATIVO,,0.882353,0.8,,,,PENDIENTE,3,alternativa no evaluable,0,PENDIENTE: pesos del score de riesgo no definidos (inputs riesgo.peso.*),,,EVIDENCIA
CF|BASE|2500-5000-10000-20000|T1_2500_5000_10000_20000,PROYECTO,PCT_VAN_NO_NEGATIVO,,0.882353,0.8,,,,PENDIENTE,3,alternativa no evaluable,0,PENDIENTE: pesos del score de riesgo no definidos (inputs riesgo.peso.*),,,EVIDENCIA
CF|BASE|5000-10000-20000|T2_5000_10000_20000,PROYECTO,PCT_VAN_NO_NEGATIVO,,0.882353,0.8,,,,PENDIENTE,3,alternativa no evaluable,0,PENDIENTE: pesos del score de riesgo no definidos (inputs riesgo.peso.*),,,EVIDENCIA
CF|BASE|10000-20000|T3_10000_20000,PROYECTO,PCT_VAN_NO_NEGATIVO,,0.882353,0.8,,,,PENDIENTE,3,alternativa no evaluable,0,PENDIENTE: pesos del score de riesgo no definidos (inputs riesgo.peso.*),,,EVIDENCIA
C0|C0-10000-FACON-MP-EMPRESA|10000|ESCALA_UNICA,PROYECTO,PCT_VAN_NO_NEGATIVO,,0.882353,0.833333,,,,PENDIENTE,3,alternativa no evaluable,0,PENDIENTE: pesos del score de riesgo no definidos (inputs riesgo.peso.*),,,EVIDENCIA
C0|C0-10000-FACON-MP-ELABORADOR|10000|ESCALA_UNICA,PROYECTO,PCT_VAN_NO_NEGATIVO,,0.882353,0.833333,,,,PENDIENTE,3,alternativa no evaluable,0,PENDIENTE: pesos del score de riesgo no definidos (inputs riesgo.peso.*),,,EVIDENCIA
C2|C2-10000-FACON-MP-EMPRESA|10000|ESCALA_UNICA,PROYECTO,PCT_VAN_NO_NEGATIVO,,0.882353,0.833333,,,,PENDIENTE,3,alternativa no evaluable,0,PENDIENTE: pesos del score de riesgo no definidos (inputs riesgo.peso.*),,,EVIDENCIA
C1|C1-10000-congelado_tercero|10000|ESCALA_UNICA,PROYECTO,PCT_VAN_NO_NEGATIVO,,0.882353,0.833333,,,,PENDIENTE,3,alternativa no evaluable,0,PENDIENTE: pesos del score de riesgo no definidos (inputs riesgo.peso.*),,,EVIDENCIA
C1|C1-10000-congelado_propio|10000|ESCALA_UNICA,PROYECTO,PCT_VAN_NO_NEGATIVO,,0.882353,0.818182,,,,PENDIENTE,3,alternativa no evaluable,0,PENDIENTE: pesos del score de riesgo no definidos (inputs riesgo.peso.*),,,EVIDENCIA
C1|C1-10000-subprod_basico|10000|ESCALA_UNICA,PROYECTO,PCT_VAN_NO_NEGATIVO,,0.882353,0.818182,,,,PENDIENTE,3,alternativa no evaluable,0,PENDIENTE: pesos del score de riesgo no definidos (inputs riesgo.peso.*),,,EVIDENCIA
C1|C1-10000-llave_en_mano|10000|ESCALA_UNICA,PROYECTO,PCT_VAN_NO_NEGATIVO,,0.882353,0.818182,,,,PENDIENTE,3,alternativa no evaluable,0,PENDIENTE: pesos del score de riesgo no definidos (inputs riesgo.peso.*),,,EVIDENCIA
C1|C1-10000-manual|10000|ESCALA_UNICA,PROYECTO,PCT_VAN_NO_NEGATIVO,,0.882353,0.818182,,,,PENDIENTE,3,alternativa no evaluable,0,PENDIENTE: pesos del score de riesgo no definidos (inputs riesgo.peso.*),,,EVIDENCIA
C1|C1-10000-auto|10000|ESCALA_UNICA,PROYECTO,PCT_VAN_NO_NEGATIVO,,0.882353,0.818182,,,,PENDIENTE,3,alternativa no evaluable,0,PENDIENTE: pesos del score de riesgo no definidos (inputs riesgo.peso.*),,,EVIDENCIA
C1|C1-10000-6dias|10000|ESCALA_UNICA,PROYECTO,PCT_VAN_NO_NEGATIVO,,0.882353,0.818182,,,,PENDIENTE,3,alternativa no evaluable,0,PENDIENTE: pesos del score de riesgo no definidos (inputs riesgo.peso.*),,,EVIDENCIA
C1|C1-10000-parque|10000|ESCALA_UNICA,PROYECTO,PCT_VAN_NO_NEGATIVO,,0.882353,0.818182,,,,PENDIENTE,3,alternativa no evaluable,0,PENDIENTE: pesos del score de riesgo no definidos (inputs riesgo.peso.*),,,EVIDENCIA
C1|C1-10000-rural|10000|ESCALA_UNICA,PROYECTO,PCT_VAN_NO_NEGATIVO,,0.882353,0.818182,,,,PENDIENTE,3,alternativa no evaluable,0,PENDIENTE: pesos del score de riesgo no definidos (inputs riesgo.peso.*),,,EVIDENCIA
C1|C1-10000-reserva20000|10000|ESCALA_UNICA,PROYECTO,PCT_VAN_NO_NEGATIVO,,0.882353,0.818182,,,,PENDIENTE,3,alternativa no evaluable,0,PENDIENTE: pesos del score de riesgo no definidos (inputs riesgo.peso.*),,,EVIDENCIA
C1|C1-10000-GN-RED|10000|ESCALA_UNICA,PROYECTO,PCT_VAN_NO_NEGATIVO,,0.882353,0.818182,,,,PENDIENTE,3,alternativa no evaluable,0,PENDIENTE: pesos del score de riesgo no definidos (inputs riesgo.peso.*),,,EVIDENCIA
C1|C1-10000-LIMPIEZA-TERC|10000|ESCALA_UNICA,PROYECTO,PCT_VAN_NO_NEGATIVO,,0.882353,0.818182,,,,PENDIENTE,3,alternativa no evaluable,0,PENDIENTE: pesos del score de riesgo no definidos (inputs riesgo.peso.*),,,EVIDENCIA
C1|C1-10000-MANT-CONTRATO|10000|ESCALA_UNICA,PROYECTO,PCT_VAN_NO_NEGATIVO,,0.882353,0.818182,,,,PENDIENTE,3,alternativa no evaluable,0,PENDIENTE: pesos del score de riesgo no definidos (inputs riesgo.peso.*),,,EVIDENCIA
C1|C1-10000-FLETE-POR-UNIDAD|10000|ESCALA_UNICA,PROYECTO,PCT_VAN_NO_NEGATIVO,,0.882353,0.818182,,,,PENDIENTE,3,alternativa no evaluable,0,PENDIENTE: pesos del score de riesgo no definidos (inputs riesgo.peso.*),,,EVIDENCIA
C1|C1-10000-PAGO-KG-VIVO|10000|ESCALA_UNICA,PROYECTO,PCT_VAN_NO_NEGATIVO,,0.882353,0.818182,,,,PENDIENTE,3,alternativa no evaluable,0,PENDIENTE: pesos del score de riesgo no definidos (inputs riesgo.peso.*),,,EVIDENCIA
C1|C1-10000-HALAL|10000|ESCALA_UNICA,PROYECTO,PCT_VAN_NO_NEGATIVO,,0.882353,0.818182,,,,PENDIENTE,3,alternativa no evaluable,0,PENDIENTE: pesos del score de riesgo no definidos (inputs riesgo.peso.*),,,EVIDENCIA
NO_INVERTIR_AUN,PROYECTO,PCT_VAN_NO_NEGATIVO,,,,,,,NO_APLICA_STATUS_QUO,3,alternativa de decisión: no se le mide robustez financiera,0,NO_APLICA (status quo; el riesgo de no actuar no se modela),,,EVIDENCIA
C0|BASE|2500|ESCALA_UNICA,PROYECTO,PCT_VAN_NO_NEGATIVO,,0.882353,0.833333,,,,PENDIENTE,3,alternativa no evaluable,0,PENDIENTE: pesos del score de riesgo no definidos (inputs riesgo.peso.*),,,ESCENARIO
C0|BASE|5000|ESCALA_UNICA,PROYECTO,PCT_VAN_NO_NEGATIVO,,0.882353,0.833333,,,,PENDIENTE,3,alternativa no evaluable,0,PENDIENTE: pesos del score de riesgo no definidos (inputs riesgo.peso.*),,,ESCENARIO
C0|BASE|10000|ESCALA_UNICA,PROYECTO,PCT_VAN_NO_NEGATIVO,,0.882353,0.833333,,,,PENDIENTE,3,alternativa no evaluable,0,PENDIENTE: pesos del score de riesgo no definidos (inputs riesgo.peso.*),,,ESCENARIO
C0|BASE|20000|ESCALA_UNICA,PROYECTO,PCT_VAN_NO_NEGATIVO,,0.882353,0.833333,,,,PENDIENTE,3,alternativa no evaluable,0,PENDIENTE: pesos del score de riesgo no definidos (inputs riesgo.peso.*),,,ESCENARIO
C0|BASE|2500-5000-10000-20000|T1_2500_5000_10000_20000,PROYECTO,PCT_VAN_NO_NEGATIVO,,0.882353,0.833333,,,,PENDIENTE,3,alternativa no evaluable,0,PENDIENTE: pesos del score de riesgo no definidos (inputs riesgo.peso.*),,,ESCENARIO
C0|BASE|5000-10000-20000|T2_5000_10000_20000,PROYECTO,PCT_VAN_NO_NEGATIVO,,0.882353,0.833333,,,,PENDIENTE,3,alternativa no evaluable,0,PENDIENTE: pesos del score de riesgo no definidos (inputs riesgo.peso.*),,,ESCENARIO
C0|BASE|10000-20000|T3_10000_20000,PROYECTO,PCT_VAN_NO_NEGATIVO,,0.882353,0.833333,,,,PENDIENTE,3,alternativa no evaluable,0,PENDIENTE: pesos del score de riesgo no definidos (inputs riesgo.peso.*),,,ESCENARIO
C1|BASE|2500|ESCALA_UNICA,PROYECTO,PCT_VAN_NO_NEGATIVO,,0.882353,0.818182,,,,PENDIENTE,3,alternativa no evaluable,0,PENDIENTE: pesos del score de riesgo no definidos (inputs riesgo.peso.*),,,ESCENARIO
C1|BASE|5000|ESCALA_UNICA,PROYECTO,PCT_VAN_NO_NEGATIVO,,0.882353,0.818182,,,,PENDIENTE,3,alternativa no evaluable,0,PENDIENTE: pesos del score de riesgo no definidos (inputs riesgo.peso.*),,,ESCENARIO
C1|BASE|10000|ESCALA_UNICA,PROYECTO,PCT_VAN_NO_NEGATIVO,,0.882353,0.818182,,,,PENDIENTE,3,alternativa no evaluable,0,PENDIENTE: pesos del score de riesgo no definidos (inputs riesgo.peso.*),,,ESCENARIO
C1|BASE|20000|ESCALA_UNICA,PROYECTO,PCT_VAN_NO_NEGATIVO,,0.882353,0.818182,,,,PENDIENTE,3,alternativa no evaluable,0,PENDIENTE: pesos del score de riesgo no definidos (inputs riesgo.peso.*),,,ESCENARIO
C1|BASE|2500-5000-10000-20000|T1_2500_5000_10000_20000,PROYECTO,PCT_VAN_NO_NEGATIVO,,0.882353,0.818182,,,,PENDIENTE,3,alternativa no evaluable,0,PENDIENTE: pesos del score de riesgo no definidos (inputs riesgo.peso.*),,,ESCENARIO
C1|BASE|5000-10000-20000|T2_5000_10000_20000,PROYECTO,PCT_VAN_NO_NEGATIVO,,0.882353,0.818182,,,,PENDIENTE,3,alternativa no evaluable,0,PENDIENTE: pesos del score de riesgo no definidos (inputs riesgo.peso.*),,,ESCENARIO
C1|BASE|10000-20000|T3_10000_20000,PROYECTO,PCT_VAN_NO_NEGATIVO,,0.882353,0.818182,,,,PENDIENTE,3,alternativa no evaluable,0,PENDIENTE: pesos del score de riesgo no definidos (inputs riesgo.peso.*),,,ESCENARIO
C2|BASE|2500|ESCALA_UNICA,PROYECTO,PCT_VAN_NO_NEGATIVO,,0.882353,0.833333,,,,PENDIENTE,3,alternativa no evaluable,0,PENDIENTE: pesos del score de riesgo no definidos (inputs riesgo.peso.*),,,ESCENARIO
C2|BASE|5000|ESCALA_UNICA,PROYECTO,PCT_VAN_NO_NEGATIVO,,0.882353,0.833333,,,,PENDIENTE,3,alternativa no evaluable,0,PENDIENTE: pesos del score de riesgo no definidos (inputs riesgo.peso.*),,,ESCENARIO
C2|BASE|10000|ESCALA_UNICA,PROYECTO,PCT_VAN_NO_NEGATIVO,,0.882353,0.833333,,,,PENDIENTE,3,alternativa no evaluable,0,PENDIENTE: pesos del score de riesgo no definidos (inputs riesgo.peso.*),,,ESCENARIO
C2|BASE|20000|ESCALA_UNICA,PROYECTO,PCT_VAN_NO_NEGATIVO,,0.882353,0.833333,,,,PENDIENTE,3,alternativa no evaluable,0,PENDIENTE: pesos del score de riesgo no definidos (inputs riesgo.peso.*),,,ESCENARIO
C2|BASE|2500-5000-10000-20000|T1_2500_5000_10000_20000,PROYECTO,PCT_VAN_NO_NEGATIVO,,0.882353,0.833333,,,,PENDIENTE,3,alternativa no evaluable,0,PENDIENTE: pesos del score de riesgo no definidos (inputs riesgo.peso.*),,,ESCENARIO
C2|BASE|5000-10000-20000|T2_5000_10000_20000,PROYECTO,PCT_VAN_NO_NEGATIVO,,0.882353,0.833333,,,,PENDIENTE,3,alternativa no evaluable,0,PENDIENTE: pesos del score de riesgo no definidos (inputs riesgo.peso.*),,,ESCENARIO
C2|BASE|10000-20000|T3_10000_20000,PROYECTO,PCT_VAN_NO_NEGATIVO,,0.882353,0.833333,,,,PENDIENTE,3,alternativa no evaluable,0,PENDIENTE: pesos del score de riesgo no definidos (inputs riesgo.peso.*),,,ESCENARIO
C3|BASE|2500|ESCALA_UNICA,PROYECTO,PCT_VAN_NO_NEGATIVO,,0.882353,0.8,,,,PENDIENTE,3,alternativa no evaluable,0,PENDIENTE: pesos del score de riesgo no definidos (inputs riesgo.peso.*),,,ESCENARIO
C3|BASE|5000|ESCALA_UNICA,PROYECTO,PCT_VAN_NO_NEGATIVO,,0.882353,0.8,,,,PENDIENTE,3,alternativa no evaluable,0,PENDIENTE: pesos del score de riesgo no definidos (inputs riesgo.peso.*),,,ESCENARIO
C3|BASE|10000|ESCALA_UNICA,PROYECTO,PCT_VAN_NO_NEGATIVO,,0.882353,0.8,,,,PENDIENTE,3,alternativa no evaluable,0,PENDIENTE: pesos del score de riesgo no definidos (inputs riesgo.peso.*),,,ESCENARIO
C3|BASE|20000|ESCALA_UNICA,PROYECTO,PCT_VAN_NO_NEGATIVO,,0.882353,0.8,,,,PENDIENTE,3,alternativa no evaluable,0,PENDIENTE: pesos del score de riesgo no definidos (inputs riesgo.peso.*),,,ESCENARIO
C3|BASE|2500-5000-10000-20000|T1_2500_5000_10000_20000,PROYECTO,PCT_VAN_NO_NEGATIVO,,0.882353,0.8,,,,PENDIENTE,3,alternativa no evaluable,0,PENDIENTE: pesos del score de riesgo no definidos (inputs riesgo.peso.*),,,ESCENARIO
C3|BASE|5000-10000-20000|T2_5000_10000_20000,PROYECTO,PCT_VAN_NO_NEGATIVO,,0.882353,0.8,,,,PENDIENTE,3,alternativa no evaluable,0,PENDIENTE: pesos del score de riesgo no definidos (inputs riesgo.peso.*),,,ESCENARIO
C3|BASE|10000-20000|T3_10000_20000,PROYECTO,PCT_VAN_NO_NEGATIVO,,0.882353,0.8,,,,PENDIENTE,3,alternativa no evaluable,0,PENDIENTE: pesos del score de riesgo no definidos (inputs riesgo.peso.*),,,ESCENARIO
CF|BASE|2500|ESCALA_UNICA,PROYECTO,PCT_VAN_NO_NEGATIVO,,0.882353,0.8,,,,PENDIENTE,3,alternativa no evaluable,0,PENDIENTE: pesos del score de riesgo no definidos (inputs riesgo.peso.*),,,ESCENARIO
CF|BASE|5000|ESCALA_UNICA,PROYECTO,PCT_VAN_NO_NEGATIVO,,0.882353,0.8,,,,PENDIENTE,3,alternativa no evaluable,0,PENDIENTE: pesos del score de riesgo no definidos (inputs riesgo.peso.*),,,ESCENARIO
CF|BASE|10000|ESCALA_UNICA,PROYECTO,PCT_VAN_NO_NEGATIVO,,0.882353,0.8,,,,PENDIENTE,3,alternativa no evaluable,0,PENDIENTE: pesos del score de riesgo no definidos (inputs riesgo.peso.*),,,ESCENARIO
CF|BASE|20000|ESCALA_UNICA,PROYECTO,PCT_VAN_NO_NEGATIVO,,0.882353,0.8,,,,PENDIENTE,3,alternativa no evaluable,0,PENDIENTE: pesos del score de riesgo no definidos (inputs riesgo.peso.*),,,ESCENARIO
CF|BASE|2500-5000-10000-20000|T1_2500_5000_10000_20000,PROYECTO,PCT_VAN_NO_NEGATIVO,,0.882353,0.8,,,,PENDIENTE,3,alternativa no evaluable,0,PENDIENTE: pesos del score de riesgo no definidos (inputs riesgo.peso.*),,,ESCENARIO
CF|BASE|5000-10000-20000|T2_5000_10000_20000,PROYECTO,PCT_VAN_NO_NEGATIVO,,0.882353,0.8,,,,PENDIENTE,3,alternativa no evaluable,0,PENDIENTE: pesos del score de riesgo no definidos (inputs riesgo.peso.*),,,ESCENARIO
CF|BASE|10000-20000|T3_10000_20000,PROYECTO,PCT_VAN_NO_NEGATIVO,,0.882353,0.8,,,,PENDIENTE,3,alternativa no evaluable,0,PENDIENTE: pesos del score de riesgo no definidos (inputs riesgo.peso.*),,,ESCENARIO
C0|C0-10000-FACON-MP-EMPRESA|10000|ESCALA_UNICA,PROYECTO,PCT_VAN_NO_NEGATIVO,,0.882353,0.833333,,,,PENDIENTE,3,alternativa no evaluable,0,PENDIENTE: pesos del score de riesgo no definidos (inputs riesgo.peso.*),,,ESCENARIO
C0|C0-10000-FACON-MP-ELABORADOR|10000|ESCALA_UNICA,PROYECTO,PCT_VAN_NO_NEGATIVO,,0.882353,0.833333,,,,PENDIENTE,3,alternativa no evaluable,0,PENDIENTE: pesos del score de riesgo no definidos (inputs riesgo.peso.*),,,ESCENARIO
C2|C2-10000-FACON-MP-EMPRESA|10000|ESCALA_UNICA,PROYECTO,PCT_VAN_NO_NEGATIVO,,0.882353,0.833333,,,,PENDIENTE,3,alternativa no evaluable,0,PENDIENTE: pesos del score de riesgo no definidos (inputs riesgo.peso.*),,,ESCENARIO
C1|C1-10000-congelado_tercero|10000|ESCALA_UNICA,PROYECTO,PCT_VAN_NO_NEGATIVO,,0.882353,0.833333,,,,PENDIENTE,3,alternativa no evaluable,0,PENDIENTE: pesos del score de riesgo no definidos (inputs riesgo.peso.*),,,ESCENARIO
C1|C1-10000-congelado_propio|10000|ESCALA_UNICA,PROYECTO,PCT_VAN_NO_NEGATIVO,,0.882353,0.818182,,,,PENDIENTE,3,alternativa no evaluable,0,PENDIENTE: pesos del score de riesgo no definidos (inputs riesgo.peso.*),,,ESCENARIO
C1|C1-10000-subprod_basico|10000|ESCALA_UNICA,PROYECTO,PCT_VAN_NO_NEGATIVO,,0.882353,0.818182,,,,PENDIENTE,3,alternativa no evaluable,0,PENDIENTE: pesos del score de riesgo no definidos (inputs riesgo.peso.*),,,ESCENARIO
C1|C1-10000-llave_en_mano|10000|ESCALA_UNICA,PROYECTO,PCT_VAN_NO_NEGATIVO,,0.882353,0.818182,,,,PENDIENTE,3,alternativa no evaluable,0,PENDIENTE: pesos del score de riesgo no definidos (inputs riesgo.peso.*),,,ESCENARIO
C1|C1-10000-manual|10000|ESCALA_UNICA,PROYECTO,PCT_VAN_NO_NEGATIVO,,0.882353,0.818182,,,,PENDIENTE,3,alternativa no evaluable,0,PENDIENTE: pesos del score de riesgo no definidos (inputs riesgo.peso.*),,,ESCENARIO
C1|C1-10000-auto|10000|ESCALA_UNICA,PROYECTO,PCT_VAN_NO_NEGATIVO,,0.882353,0.818182,,,,PENDIENTE,3,alternativa no evaluable,0,PENDIENTE: pesos del score de riesgo no definidos (inputs riesgo.peso.*),,,ESCENARIO
C1|C1-10000-6dias|10000|ESCALA_UNICA,PROYECTO,PCT_VAN_NO_NEGATIVO,,0.882353,0.818182,,,,PENDIENTE,3,alternativa no evaluable,0,PENDIENTE: pesos del score de riesgo no definidos (inputs riesgo.peso.*),,,ESCENARIO
C1|C1-10000-parque|10000|ESCALA_UNICA,PROYECTO,PCT_VAN_NO_NEGATIVO,,0.882353,0.818182,,,,PENDIENTE,3,alternativa no evaluable,0,PENDIENTE: pesos del score de riesgo no definidos (inputs riesgo.peso.*),,,ESCENARIO
C1|C1-10000-rural|10000|ESCALA_UNICA,PROYECTO,PCT_VAN_NO_NEGATIVO,,0.882353,0.818182,,,,PENDIENTE,3,alternativa no evaluable,0,PENDIENTE: pesos del score de riesgo no definidos (inputs riesgo.peso.*),,,ESCENARIO
C1|C1-10000-reserva20000|10000|ESCALA_UNICA,PROYECTO,PCT_VAN_NO_NEGATIVO,,0.882353,0.818182,,,,PENDIENTE,3,alternativa no evaluable,0,PENDIENTE: pesos del score de riesgo no definidos (inputs riesgo.peso.*),,,ESCENARIO
C1|C1-10000-GN-RED|10000|ESCALA_UNICA,PROYECTO,PCT_VAN_NO_NEGATIVO,,0.882353,0.818182,,,,PENDIENTE,3,alternativa no evaluable,0,PENDIENTE: pesos del score de riesgo no definidos (inputs riesgo.peso.*),,,ESCENARIO
C1|C1-10000-LIMPIEZA-TERC|10000|ESCALA_UNICA,PROYECTO,PCT_VAN_NO_NEGATIVO,,0.882353,0.818182,,,,PENDIENTE,3,alternativa no evaluable,0,PENDIENTE: pesos del score de riesgo no definidos (inputs riesgo.peso.*),,,ESCENARIO
C1|C1-10000-MANT-CONTRATO|10000|ESCALA_UNICA,PROYECTO,PCT_VAN_NO_NEGATIVO,,0.882353,0.818182,,,,PENDIENTE,3,alternativa no evaluable,0,PENDIENTE: pesos del score de riesgo no definidos (inputs riesgo.peso.*),,,ESCENARIO
C1|C1-10000-FLETE-POR-UNIDAD|10000|ESCALA_UNICA,PROYECTO,PCT_VAN_NO_NEGATIVO,,0.882353,0.818182,,,,PENDIENTE,3,alternativa no evaluable,0,PENDIENTE: pesos del score de riesgo no definidos (inputs riesgo.peso.*),,,ESCENARIO
C1|C1-10000-PAGO-KG-VIVO|10000|ESCALA_UNICA,PROYECTO,PCT_VAN_NO_NEGATIVO,,0.882353,0.818182,,,,PENDIENTE,3,alternativa no evaluable,0,PENDIENTE: pesos del score de riesgo no definidos (inputs riesgo.peso.*),,,ESCENARIO
C1|C1-10000-HALAL|10000|ESCALA_UNICA,PROYECTO,PCT_VAN_NO_NEGATIVO,,0.882353,0.818182,,,,PENDIENTE,3,alternativa no evaluable,0,PENDIENTE: pesos del score de riesgo no definidos (inputs riesgo.peso.*),,,ESCENARIO
NO_INVERTIR_AUN,PROYECTO,PCT_VAN_NO_NEGATIVO,,,,,,,NO_APLICA_STATUS_QUO,3,alternativa de decisión: no se le mide robustez financiera,0,NO_APLICA (status quo; el riesgo de no actuar no se modela),,,ESCENARIO
