id,titulo,autor_organismo,tipo_fuente,categoria_confiabilidad,anio_publicacion,url_o_ubicacion,fecha_consulta,carpetas_relacionadas,datos_extraidos,observaciones
FTE-09B-01,Resolución SENASA 592/2026 - actualización del Reglamento de Inspección (Decreto 4238/68): derogación de la obligatoriedad del Director Técnico,SENASA (noticia oficial); CIRA; La Nación 2026-07-08; iProfesional; Agroempresario,oficial_ar,A,2026,https://www.argentina.gob.ar/noticias/actualizacion-del-reglamento-de-inspeccion-de-productos-de-origen-animal,2026-09-30,16_normativa_senasa;17_exportacion;18_recursos_humanos,Deroga numerales 1.7 (cap. I) y 9.2 (cap. IX); vigencia desde el día siguiente a la publicación (jul-2026); Director Técnico pasa a ser voluntario,Extracto de buscador; acceso directo bloqueado (EGRESS_BLOCKED 2026-09-30) | PENDIENTE DE VERIFICACIÓN DOCUMENTAL PRIMARIA
FTE-09B-02,Habilitar y solicitar modificaciones en establecimientos de faena y elaboradores de productos de origen animal (ficha de trámite),SENASA / argentina.gob.ar,oficial_ar,A,s/f,https://www.argentina.gob.ar/servicio/productos-de-origen-animal-habilitacion-y-modificacion-de-establecimientos-elaboradores,2026-09-30,16_normativa_senasa,"Plantas de faena de animales terrestres Ciclo I; documentación: certificado de habilitación local, certificado de efluentes, DJ de capacidad anual máxima (kg por actividad); plazo 120 días hábiles, urgente hasta 30; SIGTrámites",Extracto de buscador; acceso directo bloqueado (EGRESS_BLOCKED 2026-09-30) | PENDIENTE DE VERIFICACIÓN DOCUMENTAL PRIMARIA | Posible desactualización frente a Res. 233/2026 (contradicción C1)
FTE-09B-03,Resolución SENASA 233/1998 - BPM y POES obligatorios,SENASA,oficial_ar,A,1998,https://www.argentina.gob.ar/normativa/nacional/resoluci%C3%B3n-233-1998-49663/texto,2026-09-30,16_normativa_senasa,"BPF obligatorias para establecimientos que faenen, elaboren, fraccionen o depositen alimentos; POES obligatorios, firmados por responsable y presentados ante SENASA",Extracto de buscador; acceso directo bloqueado (EGRESS_BLOCKED 2026-09-30) | PENDIENTE DE VERIFICACIÓN DOCUMENTAL PRIMARIA
FTE-09B-04,Resolución SENASA 553/2002 - modificación del capítulo XX (aves) del Decreto 4238/68,SENASA (Biblioteca SENASA; BO 2002-07-12 según extracto),oficial_ar,A,2002,https://biblioteca.senasa.gov.ar/items/show/3049,2026-09-30,16_normativa_senasa;05_proceso_industrial,"Modifica cap. XX; define matadero de aves (Gallus gallus, pavos, patos, gansos, faisanes, codornices, otras)",Extracto de buscador; acceso directo bloqueado (EGRESS_BLOCKED 2026-09-30) | PENDIENTE DE VERIFICACIÓN DOCUMENTAL PRIMARIA
FTE-09B-05,Resolución SENASA 593/2026 - procedimiento de habilitación de destinos de exportación (detalle de requisitos),SENASA (noticias oficiales); Tributum; Agrolex; Motivar; CRA,oficial_ar,A,2026,https://www.argentina.gob.ar/noticias/simplificacion-del-procedimiento-para-habilitar-destinos-de-exportacion-de-productos-de,2026-09-30,16_normativa_senasa;17_exportacion,"Procedimiento único digital; reemplaza sistema de 2010; requisitos: sin deuda con SENASA, cumplimiento higiénico-sanitario y del destino, trazabilidad documentada, sin incumplimientos CREHA, proveedores con habilitación equivalente; plantas ya autorizadas no re-solicitan; suspensión inmediata ante incumplimiento",Extracto de buscador; acceso directo bloqueado (EGRESS_BLOCKED 2026-09-30) | PENDIENTE DE VERIFICACIÓN DOCUMENTAL PRIMARIA | Complementa FTE-083
FTE-09B-06,Bienestar animal en industria aviar; Manual de bienestar animal en plantas de faena de aves y lagomorfos; Guía de buenas prácticas de bienestar en faena,SENASA,oficial_ar,A,s/f,https://www.argentina.gob.ar/senasa/programas-sanitarios/cadenaanimal/aves/aves-industria/bienestar-animal,2026-09-30,16_normativa_senasa;03_produccion_primaria;13_logistica,"Decreto 4238/68 cap. XXXII define bienestar animal; ayuno <=12 h captura-insensibilización (carácter normativo no confirmado); espera 30 min-3 h (manual); etapas recepción, pesaje, espera, colgado, insensibilización, degüello",Extracto de buscador; acceso directo bloqueado (EGRESS_BLOCKED 2026-09-30) | PENDIENTE DE VERIFICACIÓN DOCUMENTAL PRIMARIA
FTE-09B-07,Resolución SENASA 723/2025 - habilitación sanitaria de medios de transporte de animales y mercancías de origen animal; ficha de habilitación de transportes de animales vivos y subproductos,SENASA; Ámbito; Motivar; argentina.gob.ar,oficial_ar,A,2025,https://www.argentina.gob.ar/noticias/senasa-implementa-nuevo-marco-regulatorio-para-el-transporte-de-animales,2026-09-30,16_normativa_senasa;13_logistica,"BO 2025-09-19; habilitación obligatoria de vehículos; deroga Res. 503/2022, 735/2022 y 557/2024; programa de certificación de diseños 0 km (5 años); DT-e firmado por transportista como DJ; número pintado (letras >=8 cm según norma anterior)",Extracto de buscador; acceso directo bloqueado (EGRESS_BLOCKED 2026-09-30) | PENDIENTE DE VERIFICACIÓN DOCUMENTAL PRIMARIA
FTE-09B-08,Habilitar/Rehabilitar transportes de productos de origen animal y alimenticios (ficha de trámite),SENASA / argentina.gob.ar,oficial_ar,A,s/f,https://www.argentina.gob.ar/servicio/habilitarrehabilitar-transportes-de-productos-de-origen-animal-y-alimenticios,2026-09-30,16_normativa_senasa;13_logistica;12_energia_frio,"Categorías por caja; categoría A: isotermo con equipo mecánico de frío; termómetro, hermeticidad, bandejas colectoras",Extracto de buscador; acceso directo bloqueado (EGRESS_BLOCKED 2026-09-30) | PENDIENTE DE VERIFICACIÓN DOCUMENTAL PRIMARIA
FTE-09B-09,Código Alimentario Argentino art. 982 y ss. - agua potable,ANMAT / CAA; sitios de laboratorios (complemento débil),oficial_ar,A,s/f,https://www.argentina.gob.ar/anmat/codigoalimentario,2026-09-30,16_normativa_senasa;11_agua_efluentes,"Definición de agua potable; parámetros típicos (E. coli, coliformes, pH, turbiedad, nitratos, cloro); frecuencia semestral/anual solo en sitio comercial (débil, no adoptada)",Extracto de buscador; acceso directo bloqueado (EGRESS_BLOCKED 2026-09-30) | PENDIENTE DE VERIFICACIÓN DOCUMENTAL PRIMARIA
FTE-09B-10,"Ley 22.375 (Ley Federal de Carnes) y propuesta de derogación (proyecto de ley ómnibus, art. 240, dic-2023)",PEN / ASSAl (texto); Bichos de Campo; Infocampo,oficial_ar,A,1981-2023,https://www.assal.gov.ar/assa/documentacion/ley_federal_carnes.pdf,2026-09-30,16_normativa_senasa,Régimen de habilitación de establecimientos de faena; tránsito federal para establecimientos tipo B y C; propuesta de centralizar en SENASA; un extracto afirma derogación sin citar instrumento,Extracto de buscador; acceso directo bloqueado (EGRESS_BLOCKED 2026-09-30) | PENDIENTE DE VERIFICACIÓN DOCUMENTAL PRIMARIA | VIGENCIA NO VERIFICADA (contradicción C2)
FTE-09B-11,Resolución SENASA 233/2026 - elimina la presentación de habilitaciones municipales/provinciales en varios trámites,La Nación 2026-03-20; Agrolex; Mitrani Caballero; Primera Edición,comercial,C,2026,https://www.lanacion.com.ar/economia/campo/contundente-medida-el-gobierno-elimino-la-obligacion-de-presentar-habilitaciones-municipales-en-nid20032026/,2026-09-30,16_normativa_senasa,Vigente desde 2026-03-20; no elimina controles locales sino su presentación ante SENASA; alcance exacto de trámites no verificado,Extracto de buscador; acceso directo bloqueado (EGRESS_BLOCKED 2026-09-30) | PENDIENTE DE VERIFICACIÓN DOCUMENTAL PRIMARIA | Prensa y estudios jurídicos: norma original no leída
FTE-09B-12,"RENSPA, DT-e y registro del criador avícola (SIGSA); Res. SENASA 1699/2019",SENASA; Boletín Oficial; Consignatarias.com.ar,oficial_ar,A,2019-2026,https://www.boletinoficial.gob.ar/detalleAviso/primera/223674/20191211,2026-09-30,16_normativa_senasa;03_produccion_primaria,Sin RENSPA vigente no se emite DT-e; registro del criador para pollos de engorde; lote SIGSA con identificador único; mortandad cargada antes del primer DT-e a faena,Extracto de buscador; acceso directo bloqueado (EGRESS_BLOCKED 2026-09-30) | PENDIENTE DE VERIFICACIÓN DOCUMENTAL PRIMARIA | Complementa FTE-146
FTE-09B-13,Certificación electrónica para exportar productos aviares (SIGCER) y autorización de destino de exportación,SENASA / SAGyP (noticias y ficha de trámite); Infobae 2024-11-19,oficial_ar,A,2019-2024,https://www.argentina.gob.ar/noticias/certificacion-electronica-para-exportar-productos-aviares,2026-09-30,16_normativa_senasa;17_exportacion,"SIGCER para carne fresca aviar desde 2019-01-02; firma electrónica con QR; sin talón de exportación en papel; requisitos: tránsito federal, productos dentro de rubros, productos registrados en CAPA, Plan CREHA, requisitos del destino",Extracto de buscador; acceso directo bloqueado (EGRESS_BLOCKED 2026-09-30) | PENDIENTE DE VERIFICACIÓN DOCUMENTAL PRIMARIA
FTE-09B-14,"Aprobación/inscripción de materias primas y productos de origen animal (CAPA, TAD)",SENASA / argentina.gob.ar,oficial_ar,A,s/f,https://www.argentina.gob.ar/servicio/productos-de-origen-animal-aprobacion-inscripcion-de-productos-alimenticios,2026-09-30,16_normativa_senasa;06_productos,Toda empresa habilitada con productos rotulados inscribe cada producto en CAPA; evaluación de riesgo por monografía de proceso; número de registro por TAD,Extracto de buscador; acceso directo bloqueado (EGRESS_BLOCKED 2026-09-30) | PENDIENTE DE VERIFICACIÓN DOCUMENTAL PRIMARIA
FTE-09B-15,Rotulado de productos cárneos aviares (SENASA) y CAA cap. V; Res. GMC 26/03,SENASA / ANMAT,oficial_ar,A,s/f,https://www.argentina.gob.ar/senasa/programas-sanitarios/cadenaanimal/aves/aves-industria/rotulado,2026-09-30,16_normativa_senasa;06_productos,"Rótulo con número de establecimiento SENASA, producto y presentación; marco CAA cap. V y Res. GMC 26/03; referencia a Res. SENASA 215/95 no verificada",Extracto de buscador; acceso directo bloqueado (EGRESS_BLOCKED 2026-09-30) | PENDIENTE DE VERIFICACIÓN DOCUMENTAL PRIMARIA
FTE-09B-16,HACCP en la normativa argentina (extracto FAOLEX arg133688; Res. Conj. 87/2008 y 340/2008 del CAA),FAO FAOLEX; ANMAT/SAGyP,internacional,A,2008-s/f,https://faolex.fao.org/docs/pdf/arg133688.pdf,2026-09-30,16_normativa_senasa,HACCP obligatorio para carne picada y alimentos listos para consumo (180 días) y luego otros alimentos y piensos (365 días) según extracto sin norma identificada; CAA: obligatorio para productos que el Código indique,Extracto de buscador; acceso directo bloqueado (EGRESS_BLOCKED 2026-09-30) | PENDIENTE DE VERIFICACIÓN DOCUMENTAL PRIMARIA | Norma no identificada
FTE-09B-17,Temperaturas de conservación y enfriamiento de aves (extractos de buscador de origen dudoso),Resultados de búsqueda mezclados (Decreto 4238/68 cap. XX; normativa brasileña),comercial,C,s/f,https://www.argentina.gob.ar/sites/default/files/normativa_brasilera_para_carne_de_ave.pdf,2026-09-30,16_normativa_senasa;12_energia_frio,Refrigerado -2 a 2 °C (±2); congelado 'no superior a -4 °C'; enfriado por aire pechuga <=7 °C,Extracto de buscador; acceso directo bloqueado (EGRESS_BLOCKED 2026-09-30) | PENDIENTE DE VERIFICACIÓN DOCUMENTAL PRIMARIA | ORIGEN DUDOSO (posible norma brasileña): NO USAR (contradicción C5)
FTE-09B-18,"Certificación Halal en Argentina: convenio de Cancillería, capacitación oficial sobre nuevo sistema de acreditación Halal, OAA/IHAF, CIRA con acreditación GAC",Cancillería; SAGyP; Infocampo; halal.org.ar,oficial_ar,A,s/f,https://www.argentina.gob.ar/noticias/capacitacion-sobre-el-nuevo-sistema-de-acreditacion-halal-en-argentina,2026-09-30,16_normativa_senasa;17_exportacion,OAA como autoridad técnica reconocida por IHAF; >100 empresas certificadas (dato comercial); norma que crea el sistema no identificada,Extracto de buscador; acceso directo bloqueado (EGRESS_BLOCKED 2026-09-30) | PENDIENTE DE VERIFICACIÓN DOCUMENTAL PRIMARIA | Complementa FTE-082
FTE-09B-19,Registros Especiales Aduaneros - inscripción de importador/exportador,ARCA (ex AFIP) - Dirección General de Aduanas,oficial_ar,A,s/f,https://www.afip.gob.ar/registroAduanero/registro/inscripcion.asp,2026-09-30,16_normativa_senasa;17_exportacion,DJ 420/R motivo INICIO; SICNEA y SITA; solvencia o garantía (RG 2220); requisitos particulares en 30 días; antecedentes penales,Extracto de buscador; acceso directo bloqueado (EGRESS_BLOCKED 2026-09-30) | PENDIENTE DE VERIFICACIÓN DOCUMENTAL PRIMARIA
FTE-09B-20,"Productos no destinados al consumo humano (subproductos, harinas de carne y hueso)",SENASA / argentina.gob.ar,oficial_ar,A,s/f,https://www.argentina.gob.ar/senasa/programas-sanitarios/cadenaanimal/bovinos-y-bubalinos/bovinos-y-bubalinos-industria/no-destinados-al-consumo-humano,2026-09-30,16_normativa_senasa;07_subproductos,"Subproductos (huesos, vísceras, sangre, grasa) transformados en harinas para balanceados de no rumiantes, masticables para mascotas, zooterápicos o fertilizantes; prohibición de harinas bovinas/ovinas (EEB)",Extracto de buscador; acceso directo bloqueado (EGRESS_BLOCKED 2026-09-30) | PENDIENTE DE VERIFICACIÓN DOCUMENTAL PRIMARIA | Página de bovinos; aplicabilidad a aves por analogía a confirmar
FTE-09B-21,Faenador (aves - industria) y ficha de documentación de establecimiento avícola,SENASA / argentina.gob.ar,oficial_ar,A,s/f,https://www.argentina.gob.ar/senasa/programas-sanitarios/cadenaanimal/aves/aves-industria/faenador,2026-09-30,16_normativa_senasa,Solicitud de establecimiento avícola; certificado de habilitación provincial o municipal; permiso de radicación / uso de suelo / zonificación,Extracto de buscador; acceso directo bloqueado (EGRESS_BLOCKED 2026-09-30) | PENDIENTE DE VERIFICACIÓN DOCUMENTAL PRIMARIA | Posible desactualización frente a Res. 233/2026
FTE-09B-22,Resolución SENASA 591/2026 - derogación de 42-43 normas obsoletas,La Nación 2026-07-07; Infocampo,comercial,C,2026,https://www.lanacion.com.ar/economia/campo/menos-burocratico-mas-transparente-el-senasa-elimino-43-normas-obsoletas-para-simplificar-el-marco-nid07072026/,2026-09-30,16_normativa_senasa,Normas de 1964-2025 (mayormente protección vegetal y procedimientos); lista no leída,Extracto de buscador; acceso directo bloqueado (EGRESS_BLOCKED 2026-09-30) | PENDIENTE DE VERIFICACIÓN DOCUMENTAL PRIMARIA | Discrepancia 42 vs 43 normas entre fuentes
FTE-09B-23,Decreto 4238/1968 - texto actualizado y capítulo XX (recursos de argentina.gob.ar/normativa),PEN / SENASA,oficial_ar,A,1968 (act.),https://www.argentina.gob.ar/normativa/nacional/decreto-4238-1968-24788/actualizacion,2026-09-30,16_normativa_senasa,Existencia de texto actualizado y del recurso del cap. XX (https://www.argentina.gob.ar/normativa/recurso/24788/dn4238-1968cap20/htm); extracto: 'subdividido en 30 capítulos' vs cap. XXXII de bienestar (contradicción C3),Extracto de buscador; acceso directo bloqueado (EGRESS_BLOCKED 2026-09-30) | PENDIENTE DE VERIFICACIÓN DOCUMENTAL PRIMARIA | Complementa FTE-016 y FTE-192
FTE-09B-24,"Equiparación de frigoríficos provinciales con tránsito federal (Chaco, NOA; ASSAl-SENASA)",SENASA (noticias regionales); LT10; El Esquiu,oficial_ar,A,2024-2026,https://www.argentina.gob.ar/noticias/chaco-se-inicio-relevamiento-en-frigorificos-con-habilitacion-provincial,2026-09-30,16_normativa_senasa;10_localizacion,"Planes de trabajo SENASA-provincias (Tucumán, Salta, Corrientes, Catamarca, La Rioja, Chaco, Santa Fe) para equiparar requisitos",Extracto de buscador; acceso directo bloqueado (EGRESS_BLOCKED 2026-09-30) | PENDIENTE DE VERIFICACIÓN DOCUMENTAL PRIMARIA
