ID,TEMA,REQUISITO,AUTORIDAD,NORMA,JURISDICCION,ETAPA_DEL_PROYECTO,OBLIGATORIO_CONDICIONAL,FUENTE,ESTADO_VERIFICACION,IMPACTO,ACCION_PENDIENTE
REG-001,Marco legal,Régimen de habilitación de establecimientos de faena (convivencia provincial/municipal con tránsito federal); aplicación práctica actual,Congreso / PEN / SENASA,"Ley 22.375 (continúa figurando en el corpus normativo oficial, con normas modificatorias/complementarias)",Nacional,E0 terreno/zona,Obligatorio,FTE-237,POR CONSULTAR A SENASA,Define si existe la alternativa de planta provincial (DEC-009); interacción con reformas 2025-2026 y Decreto 697/2026 sin confirmar,P-42: aplicación concreta actual
REG-002,Nivel de habilitación,"Elegir nivel: provincial/municipal, SENASA tránsito federal o SENASA preparada para exportar",Promotor (decisión) / SENASA / provincia,Ley 22.375; Decreto 4238/68,Nacional + provincial,E0 terreno/zona,Obligatorio,FTE-016; FTE-237,DEPENDE DE JURISDICCIÓN,Venta al AMBA desde otra provincia exige tránsito federal; subir de nivel después implica reformas,Resolver DEC-009 con demanda por jurisdicción
REG-003,Uso de suelo,Certificado de uso de suelo / zonificación / permiso de radicación para frigorífico avícola,Municipio,Ordenanzas locales,Municipal,E0 terreno/zona,Obligatorio,FTE-248,DEPENDE DE JURISDICCIÓN,Terreno inapto = decisión irreversible,Completar plantilla jurisdiccional por candidata (R1)
REG-004,Ambiental,Categorización industrial y evaluación/certificado de aptitud ambiental,Autoridad ambiental provincial (a veces municipal),Ley provincial de radicación industrial (a identificar),Provincial,E2 documentación/aprobación,Obligatorio,—,DEPENDE DE JURISDICCIÓN,Plazo y condiciones de radicación; olores; distancias,Relevar por candidata
REG-005,Agua,Permiso de captación de agua subterránea/superficial o factibilidad de red,Autoridad hídrica provincial / prestadora,Código de aguas provincial (a identificar),Provincial,E0 terreno/zona,Obligatorio,—,DEPENDE DE JURISDICCIÓN,Disponibilidad y costo de agua condicionan la escala,Relevar por candidata; coordinar con 11_agua_efluentes
REG-006,Efluentes,Permiso de vuelco y autorización de funcionamiento de tratamiento de efluentes,Autoridad hídrica/ambiental provincial; prestadora,Normativa provincial de vuelcos (a identificar),Provincial,E2 documentación/aprobación,Obligatorio,FTE-230,DEPENDE DE JURISDICCIÓN,Define tecnología de tratamiento y CAPEX; la ficha SENASA lo pide como requisito documental (contradicción C1),Relevar límites de vuelco por candidata (R8); P-08
REG-007,Habilitación SENASA,Habilitación y registro de planta de faena de animales terrestres Ciclo I por SIGTrámites; plazo real = dato a consultar,SENASA,Decreto 4238/68; procedimiento SENASA,Nacional,E4 inspección/habilitación,Obligatorio (tránsito federal),FTE-230; FTE-248,PVDP,Condición para vender en todo el país y para exportar,P-06; P-44: plazo real con SENASA y plantas habilitadas recientemente (no adoptar plazos de fichas)
REG-008,Habilitación SENASA,"Presentación ante SENASA de documentación local (habilitación municipal/provincial, efluentes, uso de suelo); la obligación de obtenerla ante la autoridad local se mantiene",SENASA,Res. SENASA 233/2026 (elimina la exigencia de PRESENTAR habilitaciones locales en diversos trámites; no elimina competencias locales),Nacional,E2 documentación/aprobación,Condicional,FTE-230; FTE-238,POR CONSULTAR A SENASA,"Contradicción C1 sobre el trámite de faena; uso de suelo, habilitación municipal y requisitos ambientales siguen siendo obligatorios",P-41
REG-009,Habilitación SENASA,"Declaración jurada de capacidad anual máxima de faena, depósito y elaboración (kg por actividad)",SENASA,Procedimiento SENASA,Nacional,E2 documentación/aprobación,Obligatorio,FTE-230,PVDP,Vincula escala declarada con habilitación; ampliar puede requerir modificación,P-09
REG-010,Habilitación SENASA,"Revisión previa de anteproyecto y planos sanitarios (formato, escalas, firmas)",SENASA,Decreto 4238/68 (capítulos a identificar),Nacional,E1 proyecto,Condicional,—,POR CONSULTAR A SENASA,Evita rediseños de obra civil,"P-04, P-07"
REG-011,Habilitación SENASA,"Modificación de habilitación por nuevos rubros, líneas o cámaras",SENASA,Procedimiento SENASA,Nacional,E5 operación,Obligatorio,FTE-230,PVDP,Condiciona gates de expansión (DPV-086),P-10
REG-012,Habilitación SENASA,"Director Técnico ya no obligatorio reglamentariamente (derogación numerales 1.7 y 9.2); pueden requerirse profesionales responsables o de calidad/inocuidad por operación, otras normas o clientes",SENASA,Res. SENASA 592/2026,Nacional,E5 operación,No obligatorio (voluntario),FTE-229,PVDP,Reduce un requisito; responsabilidad recae en el operador,P-15; RR.HH. no se diseña todavía
REG-013,Decreto 4238/68,"Requisitos de mataderos de aves: ubicación, construcción, equipos, tecnología operativa, inspección",SENASA,Decreto 4238/68 cap. XX (mod. Res. SENASA 553/2002),Nacional,E1 proyecto,Obligatorio,FTE-016; FTE-232,PVDP,Núcleo del diseño sanitario del layout,Leer texto actualizado del cap. XX (DPV-090)
REG-014,Edilicio,"Pisos, paredes, techos, drenajes, iluminación de inspección, ventilación, lavamanos, esterilizadores, vestuarios",SENASA,Decreto 4238/68 (capítulos generales + cap. XX),Nacional,E1 proyecto,Obligatorio,FTE-016,PVDP,Materiales y obra civil; valores numéricos no leídos,Leer capítulos generales; P-05
REG-015,Edilicio,Separación física zona sucia / zona limpia y flujos sin cruce ni retroceso,SENASA,Decreto 4238/68 cap. XX (a confirmar numeral),Nacional,E1 proyecto,Obligatorio,FTE-016,PVDP,Condiciona todo el layout; irreversible,No cerrar layout sin validar (R3)
REG-016,Edilicio,Oficina y espacios del Servicio de Inspección Veterinaria; puestos de inspección en línea; sala de decomisos,SENASA,Decreto 4238/68,Nacional,E1 proyecto,Obligatorio,FTE-016,POR CONSULTAR A SENASA,Superficie y ubicación en layout,P-13
REG-017,Edilicio,"Control de plagas (MIP), cerramientos",SENASA,BPM (Res. 233/1998; CAA),Nacional,E3 construcción,Obligatorio,FTE-231,PVDP,Detalles constructivos,Incluir en especificación de obra
REG-018,Agua,Agua potable según CAA arts. 982 y ss. en todo contacto con producto y superficies,SENASA / autoridad bromatológica,CAA art. 982 y ss.; Decreto 4238/68,Nacional,E5 operación,Obligatorio,FTE-236,PVDP,Tratamiento de agua y controles,Leer CAA y reglamento; coordinar con 11_agua_efluentes
REG-019,Agua,Análisis microbiológico y fisicoquímico con frecuencia definida y registros,SENASA,Decreto 4238/68 / CAA (frecuencia no leída),Nacional,E5 operación,Obligatorio,FTE-236,POR CONSULTAR A SENASA,OPEX de laboratorio; puntos de muestreo,P-18
REG-020,Agua,Agua caliente a temperatura reglamentaria para lavamanos y esterilizadores,SENASA,Decreto 4238/68 (valor no leído),Nacional,E1 proyecto,Obligatorio,FTE-016,PVDP,Energía y red de agua caliente,P-18
REG-021,Agua,Uso de agua no potable o reúso (chiller a escaldado),SENASA,No identificada,Nacional,E1 proyecto,Condicional,—,POR CONSULTAR A SENASA,Puede reducir consumo de agua,P-18
REG-022,Inspección,"Inspección ante mortem por lote, post mortem en línea, dictamen y decomisos por el veterinario oficial",SENASA (SIV),Decreto 4238/68,Nacional,E5 operación,Obligatorio,FTE-016,PVDP,"Organización de la línea, ritmo e iluminación",P-12 a P-14
REG-023,Inspección,"Dotación, costos y tasas del servicio de inspección",SENASA,No identificada,Nacional,E5 operación,Obligatorio,—,POR CONSULTAR A SENASA,OPEX y turnos,"P-12, P-36"
REG-024,Programas,"BPM obligatorias para establecimientos que faenen, elaboren, fraccionen o depositen alimentos",SENASA,Res. SENASA 233/1998; CAA,Nacional,E5 operación,Obligatorio,FTE-231,PVDP,"Capacitación, procedimientos, registros",Leer texto de Res. 233/1998
REG-025,Programas,"POES escritos, firmados por responsable con autoridad y presentados ante SENASA",SENASA,Res. SENASA 233/1998,Nacional,E4 inspección/habilitación,Obligatorio,FTE-231,PVDP,Documento previo al inicio,P-17
REG-026,Programas,"Plan APPCC/HACCP obligatorio para establecimientos SENASA que faenen, elaboren, fraccionen o depositen alimentos (incluye mercado interno), salvo excepciones de SENASA",SENASA,"Res. SENASA 205/2014 (Decreto 4238/68 cap. XXXI: BPF, POES y APPCC)",Nacional,E4 inspección/habilitación,Obligatorio (salvo excepción),FTE-243,PVDP,Plan APPCC desde el inicio; puntos de control en enfriamiento y cámaras; no es un requisito exclusivamente exportador,Leer Res. 205/2014; P-43: excepciones aplicables
REG-027,Programas,Certificaciones privadas ISO 22000 / FSSC 22000 / BRCGS / IFS,Certificadoras privadas,Normas privadas,Privado,E6 exportación,Condicional (cliente),—,PVDP,Costo y sistema de gestión,Solo si un comprador lo exige
REG-028,Bienestar animal,"Bienestar en planta: sacrificio humanitario, manejo, insensibilización previa al degüello",SENASA,Decreto 4238/68 cap. XXXII; manual SENASA aves y lagomorfos,Nacional,E1 proyecto,Obligatorio,FTE-233,PVDP,"Diseño de recepción, colgado y aturdimiento",P-22
REG-029,Bienestar animal,Ayuno máximo 12 h captura-insensibilización; espera 30 min-3 h,SENASA,Manual/guía SENASA (carácter normativo no confirmado),Nacional,E5 operación,Condicional,FTE-233,POR CONSULTAR A SENASA,Programación de granjas y andén de espera,P-22
REG-030,Bienestar animal,Exigencias UE (Reg. CE 1099/2009) y de clientes; requisitos Halal sobre aturdimiento,Autoridades extranjeras / certificadoras,Reg. (CE) 1099/2009; normas de destinos,Extranjero,E6 exportación,Condicional (destino),FTE-116; FTE-113,PVDP,Posible adaptación de aturdimiento; no diseñar sin validar (DPV-034),Leer normas de destino
REG-031,Cadena de frío,Enfriamiento obligatorio de carcasas; límite de absorción de agua (~8 % según prensa) y control,SENASA,Decreto 4238/68 cap. XX,Nacional,E1 proyecto,Obligatorio,FTE-016; FTE-168,PVDP,"Método de enfriamiento, balance de masa, rótulo",P-19; DPV-061
REG-032,Cadena de frío,Temperaturas de conservación refrigerada y congelada y registros,SENASA,Decreto 4238/68 (capítulo a identificar),Nacional,E5 operación,Obligatorio,FTE-244,POR CONSULTAR A SENASA,Dimensionamiento de frío; valores contradictorios (C5),P-20
REG-033,Transporte,Habilitación sanitaria de vehículos de aves vivas (propios y de terceros); lavado y desinfección; número visible,SENASA,"Res. SENASA 723/2025 (derogó 503/2022, 735/2022, 557/2024)",Nacional,E5 operación,Obligatorio,FTE-234,PVDP,"Flota propia o exigencia a terceros; marco consolidado, requisitos distintos según tipo de unidad y carga","Revisar anexos y excepciones de la Res. 723/2025 en el módulo logístico (DPV-058, DPV-058)"
REG-034,Transporte,"Habilitación de vehículos de productos refrigerados/congelados por categoría (isotermo con frío, termómetro, hermeticidad)",SENASA,Res. SENASA 723/2025,Nacional,E5 operación,Obligatorio,FTE-235,PVDP,"Distribución AMBA y a puerto; marco consolidado, requisitos distintos según tipo de unidad y carga","Revisar anexos y excepciones de la Res. 723/2025 en el módulo logístico (DPV-058, DPV-058)"
REG-035,Transporte,Vehículos de subproductos no aptos para consumo humano y transportistas de residuos,SENASA / autoridad ambiental,Res. SENASA 723/2025; normativa provincial de residuos,Nacional + provincial,E5 operación,Obligatorio,FTE-234,DEPENDE DE JURISDICCIÓN,Contratos con receptores,Relevar por candidata
REG-036,Trazabilidad,RENSPA y DT-e para mover aves a faena; registro del criador y mortandad en SIGSA previo al DT-e,SENASA,Res. SENASA 1699/2019; sistema DT-e/SIGSA,Nacional,E5 operación,Obligatorio,FTE-239; FTE-146,PVDP,Recepción solo de lotes documentados,Integrar lote SIGSA al lote de faena
REG-037,Trazabilidad,Trazabilidad documentada granja-planta-despacho como requisito para autorizar destinos,SENASA,Res. SENASA 593/2026,Nacional,E6 exportación,Condicional (exportación),FTE-083; FTE-083,PVDP,Sistema de registros por lote,P-21
REG-038,Rotulado y productos,Registro de cada producto y rótulo ante CAPA por TAD (monografía de proceso),SENASA (CAPA),Procedimiento SENASA; Decreto 4238/68,Nacional,E4 inspección/habilitación,Obligatorio,FTE-241,PVDP,Cada producto nuevo = trámite,Planificar portafolio inicial
REG-039,Rotulado y productos,Rotulado general y nutricional de alimentos envasados,ANMAT / SENASA,CAA cap. V; Res. GMC 26/03,Nacional,E5 operación,Obligatorio,FTE-242,PVDP,Diseño de envases (no ahora),Leer CAA cap. V
REG-040,Rotulado y productos,CMS: solo chacinados cocidos y conservas; -2 a 2 °C y uso en 12 h o congelado -18 °C en <=6 h,SENASA,Res. SENASA 368/2003,Nacional,E5 operación,Obligatorio (si se produce CMS),FTE-185,PVDP,Mercado restringido de la carcasa; sala y frío específicos,P-33; DPV-074
REG-041,Rotulado y productos,"Rubros de elaborados (marinados, chacinados, cocidos) con separación crudo/cocido",SENASA,Decreto 4238/68 (capítulos a identificar),Nacional,E1 proyecto,Condicional,FTE-016,POR CONSULTAR A SENASA,Reserva de espacio en layout,P-03
REG-042,Subproductos,"Establecimiento elaborador de alimentos para animales (harinas, pet food) y registro de productos",SENASA,Res. SENASA 1416/2024 y 1415/2024,Nacional,E5 operación,Condicional (si se procesa),FTE-187,PVDP,Rendering propio o venta a pet food,"P-31, P-34"
REG-043,Subproductos,Prohibición de proteínas de origen animal en alimentación de rumiantes,SENASA / SAGyP,Res. SAGPyA 1389/2004,Nacional,E5 operación,Obligatorio,FTE-186,PVDP,Limita mercado de harinas,Verificar excepciones
REG-044,Subproductos,"Destino de decomisos (digestor, rendering, incineración, disposición)",SENASA / autoridad ambiental,Decreto 4238/68; normativa provincial,Nacional + provincial,E5 operación,Obligatorio,FTE-192,POR CONSULTAR A SENASA,Costo de disposición; clase D por prudencia,P-30; DPV-066
REG-045,Subproductos,Fertilizantes/enmiendas a partir de subproductos: registro de producto,SENASA,Ley 20.466; Res. SENASA 264/2011,Nacional,E5 operación,Condicional,FTE-188,PVDP,Ruta compost/harina como fertilizante,Leer normas
REG-046,Residuos,"Gestión de residuos no valorizables (lodos, contenido GI) con operadores habilitados y manifiestos",Autoridad ambiental provincial,Normativa provincial de residuos,Provincial,E5 operación,Obligatorio,—,DEPENDE DE JURISDICCIÓN,OPEX de disposición,Relevar por candidata; DPV-072
REG-047,Residuos veterinarios,Plan CREHA: muestreo oficial de residuos y contaminantes; sin incumplimientos para exportar,SENASA,Plan CREHA,Nacional,E5 operación,Obligatorio,FTE-110,PVDP,Control de proveedores de alimento y medicamentos,Leer plan vigente
REG-048,Residuos veterinarios,Prohibición de antimicrobianos promotores de crecimiento,SENASA,Res. SENASA 445/2024,Nacional,E5 operación,Obligatorio,FTE-109,PVDP,Control en granjas; atestación UE,—
REG-049,Exportación,"Autorización de destino de exportación: procedimiento único digital; la autorización ya no vence automáticamente a los dos años mientras se mantengan las condiciones; depende de requisitos del país o bloque importador; sin deuda, trazabilidad, sin incumplimientos CREHA, proveedores con habilitación equivalente; suspensión inmediata ante incumplimiento",SENASA,Res. SENASA 593/2026,Nacional,E6 exportación,Condicional (exportación),FTE-083; FTE-083,PVDP,Peldaño 4 de la escalera; no es habilitación automática de la futura planta,P-24
REG-050,Exportación,Listado de la planta y auditoría por el país importador,Autoridad del país importador,Normas de cada destino,Extranjero,E6 exportación,Condicional (destino),FTE-083,POR CONSULTAR A SENASA,Planta auditable; plazos,"P-25, P-27"
REG-051,Exportación,"Certificado sanitario de exportación por embarque (SIGCER, firma electrónica QR)",SENASA,Procedimiento SIGCER,Nacional,E6 exportación,Obligatorio (si exporta),FTE-240,PVDP,Operación de comercio exterior,—
REG-052,Exportación,"Inscripción como importador/exportador (DJ 420/R, SICNEA, SITA, garantía o solvencia)",ARCA - Aduana,Registros Especiales Aduaneros; RG 2220,Nacional,E6 exportación,Obligatorio (si exporta directamente),FTE-246,PVDP,Trámite societario previo al primer embarque,Verificar requisitos vigentes
REG-053,Exportación,Certificación Halal por organismo reconocido por el destino,Certificadoras; OAA; destino,Normas de destino (UAE.S 2055-1; SFDA),Extranjero,E6 exportación,Condicional (destino),FTE-082; FTE-116; FTE-245,PVDP,Preservar opción sin diseñar línea especial (DEC-012),P-28; DPV-034
REG-054,Exportación,Compartimento libre de IAAP y ENC para continuidad exportadora,SENASA,Res. SENASA 484/2017,Nacional,E6 exportación,Condicional,FTE-149,PVDP,Organización de granjas integradas,P-29
REG-055,Seguridad e higiene,"Condiciones de higiene y seguridad laboral (frío, ruido, amoníaco, iluminación), servicio de HyS",SRT / autoridad laboral provincial,Ley 19.587 y Dto. 351/79 (citadas de memoria),Nacional + provincial,E1 proyecto,Obligatorio,—,PVDP,Diseño de sala de máquinas y puestos,Relevar en fase de proyecto
REG-056,Bomberos,Certificado de protección contra incendio,Bomberos / defensa civil,Normativa provincial/municipal,Provincial/municipal,E4 inspección/habilitación,Obligatorio,—,DEPENDE DE JURISDICCIÓN,Reserva de agua contra incendio; salidas,Relevar por candidata
REG-057,Energía y gas,Factibilidad de potencia eléctrica y gas industrial; instalaciones de gas,Distribuidoras; ENARGAS,Normativa sectorial,Provincial/nacional,E0 terreno/zona,Obligatorio,—,DEPENDE DE JURISDICCIÓN,Puede limitar la escala o exigir obra,Relevar por candidata; 12_energia_frio
REG-058,Aparatos a presión,Habilitación de calderas y recipientes a presión; sala de máquinas de amoníaco,Autoridad provincial competente,Normativa provincial,Provincial,E4 inspección/habilitación,Obligatorio,—,DEPENDE DE JURISDICCIÓN,Frío y vapor,Relevar por candidata
REG-059,Comercial municipal,Habilitación comercial/industrial municipal y tasas,Municipio,Ordenanzas,Municipal,E4 inspección/habilitación,Obligatorio,—,DEPENDE DE JURISDICCIÓN,Plazos y costos locales,Relevar por candidata
REG-060,Actualización normativa,Verificar si Res. SENASA 591/2026 (derogación de 42-43 normas) afecta normas aplicables,SENASA,Res. SENASA 591/2026,Nacional,E1 proyecto,Condicional,FTE-249,POR CONSULTAR A SENASA,Evitar citar normas derogadas,P-05
REG-061,Sistema alimentario,"Reorganización del Sistema Nacional de Control de Alimentos: SENASA concentra registro, control y fiscalización; Secretaría de Gestión Sanitaria define criterios y actualiza el CAA; INAL sale del sistema",SENASA / Ministerio de Salud,Decreto 697/2026 (BO 2026-08-03),Nacional,E2 documentación/aprobación,Obligatorio,FTE-251,POR CONSULTAR A SENASA,No se concluye derogación ni reemplazo del régimen de frigoríficos del Decreto 4238/68 (convivencia C6),P-39
REG-062,Sistema alimentario,Registro único nacional de productos y establecimientos alimentarios y base única de datos administrada por SENASA; registros previos mantienen validez,SENASA,Decreto 697/2026,Nacional,E4 inspección/habilitación,Obligatorio,FTE-251,POR CONSULTAR A SENASA,Relación con inscripción del establecimiento y registro de productos en CAPA sin confirmar,P-39
REG-063,Sistema alimentario,Coordinación Nación/provincias/municipios: cada provincia designa su autoridad sanitaria; medidas municipales con efecto interjurisdiccional ratificadas por la provincia,Provincias / municipios / SENASA,Decreto 697/2026,Provincial/municipal,E0 terreno/zona,Obligatorio,FTE-251,DEPENDE DE JURISDICCIÓN,Competencias locales no desaparecen; reparto práctico con SENASA por confirmar,P-39; P-40; plantilla jurisdiccional
REG-064,Programas,"Exigencias adicionales de destinos de exportación sobre el APPCC (microbiología, Salmonella, verificación, auditorías)",Autoridades del país importador / SENASA,Normas de cada destino,Extranjero,E6 exportación,Condicional (destino),FTE-107,PVDP,Se suman al APPCC regulatorio de la Res. 205/2014,P-16; P-24
