ID_COSTO,MODULO,SUBMODULO,CONCEPTO,UNIDAD,PRECIO_UNITARIO,PRECIO_BAJO,PRECIO_ALTO,ORIGEN_RANGO,MONEDA_ORIGINAL,TC_MONEDA_POR_USD,TIPO_TC,FECHA_TC,FUENTE_TC,PRECIO_USD_EQUIVALENTE,FECHA_PRECIO,PAIS,TIPO_PRECIO,IVA_TRATAMIENTO,FLETE_INCLUIDO,NIVEL_EVIDENCIA,LECTURA_PRIMARIA,FUENTE,ESTADO,NATURALEZA,PCT_VARIABLE,ORIGEN_PCT_VARIABLE,CENTRO_COSTO,TIPO,GRUPO_PROVEEDOR,INDICE_ACTUALIZACION,FECHA_ACTUALIZACION,OBSERVACIONES
ALI-A-PT,ALIMENTO,compra,"Alimento balanceado terminado comprado (por fase, puesto en granja o en fábrica: PENDIENTE)",t,,,,,,,,,,,,AR,,,,PENDIENTE,,,PENDIENTE,variable,100,DEFINICION: cantidad proporcional al volumen,alimento,comprado,alimento,,,Driver: t de 14B (alimento_t_anio). DPV-050. Separar flete (LOG-ALI-*) y descarga
ALI-A-DES,ALIMENTO,compra,Descarga en granja (si se cobra aparte del flete),t,,,,,,,,,,,,AR,,,,PENDIENTE,,,PENDIENTE,variable,100,DEFINICION: cantidad proporcional al volumen,alimento,tercerizado,logistica,,,Puede estar incluida en el flete del granelero autodescargable: confirmar (DPV-17-01)
ALI-B-SRV,ALIMENTO,facon,Servicio de elaboración a façon (materias primas de la empresa),t,,,,,,,,,,,,AR,,,,PENDIENTE,,,PENDIENTE,variable,100,DEFINICION: cantidad proporcional al volumen,alimento,tercerizado,servicios,,,Variante B1: la empresa compra granos y núcleo; DPV-155
ALI-B-PTE,ALIMENTO,facon,Alimento elaborado con materias primas del elaborador (precio integral),t,,,,,,,,,,,,AR,,,,PENDIENTE,,,PENDIENTE,variable,100,DEFINICION: cantidad proporcional al volumen,alimento,comprado,alimento,,,Variante B2: económicamente similar a compra; el inventario de MP es del elaborador (14B)
ALI-B-ALM,ALIMENTO,facon,Almacenamiento de materias primas propias en elaborador o acopio,t·mes,,,,,,,,,,,,AR,,,,PENDIENTE,,,PENDIENTE,semivariable,,PENDIENTE (SUP-17-08): no se inventa el reparto,alimento,tercerizado,servicios,,,Solo variante B1; t·mes = stock propio × 12 (14B)
ALI-MP-MAIZ,ALIMENTO,materias_primas,Maíz (grano),t,295800,,,,ARS,1522,"oficial mayorista (Com. A 3500, BCRA)",2026-09-29,FTE-17-003,194.35,2026-09-29,AR,pizarra_camara_arbitral,PENDIENTE,No (sobre puerto),E4,No,FTE-17-001,CON_PRECIO,variable,100,DEFINICION: cantidad proporcional al volumen,alimento,comprado,granos,,,"[PVDP] pizarra Rosario (precio SOBRE PUERTO, no puesto en planta); el flete del grano va en LOG-GRA-*"
ALI-MP-SOJA,ALIMENTO,materias_primas,Harina / expeller de soja,t,,,,,,,,,,,,AR,,,,PENDIENTE,,,PENDIENTE,variable,100,DEFINICION: cantidad proporcional al volumen,alimento,comprado,granos,,,Sin precio de mercado interno leído; la referencia internacional (FTE-17-006) no es comparable
ALI-MP-ACEITE,ALIMENTO,materias_primas,Aceite (vegetal / desgomado),t,,,,,,,,,,,,AR,,,,PENDIENTE,,,PENDIENTE,variable,100,DEFINICION: cantidad proporcional al volumen,alimento,comprado,granos,,,Cantidad PENDIENTE: 14B solo da rango 1–5 % (sin punto)
ALI-MP-NUCLEO,ALIMENTO,materias_primas,"Núcleo / premezcla vitamínico-mineral y minerales (fosfatos, carbonato, sal)",t,,,,,,,,,,,,AR,,,,PENDIENTE,,,PENDIENTE,variable,100,DEFINICION: cantidad proporcional al volumen,alimento,comprado,granos,,,Cantidad PENDIENTE: rangos de 14B sin punto
ALI-MP-OTROS,ALIMENTO,materias_primas,"Otros ingredientes (aminoácidos, enzimas, aditivos)",t,,,,,,,,,,,,AR,,,,PENDIENTE,,,PENDIENTE,variable,100,DEFINICION: cantidad proporcional al volumen,alimento,comprado,granos,,,"Cantidad PENDIENTE: rango 0,2–1,3 % sin punto"
ALI-MP-RESTO,ALIMENTO,materias_primas,Resto agregado (aceite + minerales + vitaminas + otros) — solo si no se desagrega,t,,,,,,,,,,,,AR,,,,PENDIENTE,,,PENDIENTE,variable,100,DEFINICION: cantidad proporcional al volumen,alimento,comprado,granos,,,"Punto ilustrativo agregado de 14B (10 %, SUP-032); excluyente con ACEITE/NUCLEO/OTROS"
ALI-MERMA,ALIMENTO,mermas,"Mermas de materias primas (manipuleo, almacenamiento, proceso)",t,,,,,,,,,,,,AR,,,,PENDIENTE,,,PENDIENTE,variable,100,DEFINICION: cantidad proporcional al volumen,alimento,propio,granos,,,Cantidad PENDIENTE: % de merma no dimensionado (DPV-158)
ALI-C-ENE,ALIMENTO,planta_propia,Energía eléctrica de la planta de alimento,kWh,,,,,,,,,,,,AR,,,,PENDIENTE,,,PENDIENTE,variable,100,DEFINICION: cantidad proporcional al volumen,alimento,comprado,energia,,,Cantidad PENDIENTE: kWh/t no dimensionado (DPV-158)
ALI-C-TER,ALIMENTO,planta_propia,Energía térmica / vapor de peletizado,kWh_t,,,,,,,,,,,,AR,,,,PENDIENTE,,,PENDIENTE,variable,100,DEFINICION: cantidad proporcional al volumen,alimento,comprado,energia,,,Cantidad PENDIENTE (DPV-158)
ALI-C-ANA,ALIMENTO,planta_propia,"Análisis de materias primas y alimento (micotoxinas, proteína, humedad)",análisis,,,,,,,,,,,,AR,,,,PENDIENTE,,,PENDIENTE,semivariable,,PENDIENTE (SUP-17-08): no se inventa el reparto,calidad,tercerizado,servicios,,,Plan de muestreo PENDIENTE
ALI-C-ALM,ALIMENTO,planta_propia,"Almacenamiento propio de granos (aireación, fumigación, control de plagas)",t,,,,,,,,,,,,AR,,,,PENDIENTE,,,PENDIENTE,semivariable,,PENDIENTE (SUP-17-08): no se inventa el reparto,alimento,propio,servicios,,,Cantidad PENDIENTE
POL-COMPRA,POLLITOS,compra,Pollito BB parrillero comprado,pollito,1312.22,,,,ARS,1486.5,"oficial mayorista (Com. A 3500, BCRA)",2026-07-06,FTE-17-004,0.8828,2026-07-06,AR,precio_referencia_camara,sin_iva,PENDIENTE,E4,No,FTE-17-002,CON_PRECIO,variable,100,DEFINICION: cantidad proporcional al volumen,produccion_primaria,comprado,pollitos,,,"[PVDP] precio de referencia CAPIA sin IVA (semana 2026-07-06), leído como extracto. PRECIO_ANTERIOR_A_FECHA_BASE (no se indexa). Lugar de entrega y vacunas incluidas: PENDIENTE"
INC-OP-HUEVO,INCUBACION,insumos,Huevo fértil comprado,huevo,,,,,,,,,,,,AR,,,,PENDIENTE,,,PENDIENTE,variable,100,DEFINICION: cantidad proporcional al volumen,incubacion,comprado,pollitos,,,DPV-17-03; driver: huevos recibidos de 14B (incluye descartes de recepción)
INC-OP-ENE,INCUBACION,utilities,Energía eléctrica de la incubadora,kWh,,,,,,,,,,,,AR,,,,PENDIENTE,,,PENDIENTE,variable,100,DEFINICION: cantidad proporcional al volumen,incubacion,comprado,energia,,,Cantidad PENDIENTE: 09C no dimensiona la incubadora
INC-OP-AGUA,INCUBACION,utilities,"Agua de la incubadora (humidificación, lavado)",m³,,,,,,,,,,,,AR,,,,PENDIENTE,,,PENDIENTE,variable,100,DEFINICION: cantidad proporcional al volumen,incubacion,comprado,energia,,,Cantidad PENDIENTE
INC-OP-VAC,INCUBACION,sanidad,Vacunas y aplicación en planta de incubación (in ovo / día 1),pollito,,,,,,,,,,,,AR,,,,PENDIENTE,,,PENDIENTE,variable,100,DEFINICION: cantidad proporcional al volumen,incubacion,comprado,servicios,,,Programa sanitario PENDIENTE
INC-OP-INS,INCUBACION,insumos,"Insumos de expedición (cajas de pollito, bandejas, papel)",pollito,,,,,,,,,,,,AR,,,,PENDIENTE,,,PENDIENTE,variable,100,DEFINICION: cantidad proporcional al volumen,incubacion,comprado,packaging,,,
INC-OP-LIM,INCUBACION,limpieza,"Limpieza y desinfección de setters, hatchers y salas (por carga)",carga,,,,,,,,,,,,AR,,,,PENDIENTE,,,PENDIENTE,semivariable,,PENDIENTE (SUP-17-08): no se inventa el reparto,incubacion,propio,servicios,,,Químicos y elementos; agua y energía ya en INC-OP-AGUA / INC-OP-ENE
INC-OP-DES,INCUBACION,descartes,"Disposición de descartes (huevos no incubables, no nacidos, pollitos descarte)",unidad,,,,,,,,,,,,AR,,,,PENDIENTE,,,PENDIENTE,variable,100,DEFINICION: cantidad proporcional al volumen,incubacion,tercerizado,servicios,,,Unidades de 14B; masa por unidad PENDIENTE
REP-AVE,REPRODUCTORAS,futuro,Pollitas / reproductoras de reposición,reproductora,,,,,,,,,,,,AR,,,,PENDIENTE,,,FUTURO,variable,100,DEFINICION: cantidad proporcional al volumen,incubacion,propio,pollitos,,,FASE FUTURO: estructura sin completar (sin evidencia; DPV-045)
REP-ALI,REPRODUCTORAS,futuro,Alimento de reproductoras,t,,,,,,,,,,,,AR,,,,PENDIENTE,,,FUTURO,variable,100,DEFINICION: cantidad proporcional al volumen,incubacion,propio,pollitos,,,FASE FUTURO: estructura sin completar (sin evidencia; DPV-045)
REP-SAN,REPRODUCTORAS,futuro,Sanidad de reproductoras,reproductora,,,,,,,,,,,,AR,,,,PENDIENTE,,,FUTURO,variable,100,DEFINICION: cantidad proporcional al volumen,incubacion,propio,pollitos,,,FASE FUTURO: estructura sin completar (sin evidencia; DPV-045)
REP-ENE,REPRODUCTORAS,futuro,Energía de granjas de reproductoras,kWh,,,,,,,,,,,,AR,,,,PENDIENTE,,,FUTURO,variable,100,DEFINICION: cantidad proporcional al volumen,incubacion,propio,pollitos,,,FASE FUTURO: estructura sin completar (sin evidencia; DPV-045)
REP-OTR,REPRODUCTORAS,futuro,Otros costos de reproductoras,año,,,,,,,,,,,,AR,,,,PENDIENTE,,,FUTURO,fijo,0,DEFINICION: cantidad por período (escalón de capacidad si semifijo),incubacion,propio,pollitos,,,FASE FUTURO: estructura sin completar (sin evidencia; DPV-045)
PP-SAN,PRODUCCION_PRIMARIA,sanidad,Vacunas y medicamentos de crianza,pollito,,,,,,,,,,,,AR,,,,PENDIENTE,,,PENDIENTE,variable,100,DEFINICION: cantidad proporcional al volumen,produccion_primaria,comprado,servicios,,,Por pollito alojado (03)
PP-ATE,PRODUCCION_PRIMARIA,asistencia,Asistencia técnica EXTERNA complementaria (además del personal de 14A),mes,,,,,,,,,,,,AR,,,,PENDIENTE,,,PENDIENTE,fijo,0,DEFINICION: cantidad por período (escalón de capacidad si semifijo),produccion_primaria,tercerizado,servicios,,,El veterinario y los técnicos de campo de 14A van en costo laboral
PP-CAMA,PRODUCCION_PRIMARIA,cama,"Cama (viruta, cáscara de arroz u otra)",t,,,,,,,,,,,,AR,,,,PENDIENTE,,,PENDIENTE,variable,100,DEFINICION: cantidad proporcional al volumen,produccion_primaria,comprado,servicios,,,Cantidad PENDIENTE: kg de cama/m² no dimensionado (12B kg_cama_m2)
PP-PAGO-AVE,PRODUCCION_PRIMARIA,integracion,Pago al productor integrado (base: ave entregada),ave,,,,,,,,,,,,AR,,,,PENDIENTE,,,PENDIENTE,variable,100,DEFINICION: cantidad proporcional al volumen,terceros,tercerizado,servicios,,,Solo si el contrato paga por ave; ajustes por desempeño PENDIENTES
PP-PAGO-KG,PRODUCCION_PRIMARIA,integracion,Pago al productor integrado (base: kg vivo entregado),kg vivo,,,,,,,,,,,,AR,,,,PENDIENTE,,,PENDIENTE,variable,100,DEFINICION: cantidad proporcional al volumen,terceros,tercerizado,servicios,,,Solo si el contrato paga por kg; excluyente con PP-PAGO-AVE
PP-CAPT,PRODUCCION_PRIMARIA,captura,Captura y carga en granja (cuadrillas),ave,,,,,,,,,,,,AR,,,,PENDIENTE,,,PENDIENTE,variable,100,DEFINICION: cantidad proporcional al volumen,produccion_primaria,tercerizado,servicios,,,Aportante según contrato (03); DPV-054
PP-GAS,PRODUCCION_PRIMARIA,energia,Gas / combustible de calefacción de galpones,kWh_t,,,,,,,,,,,,AR,,,,PENDIENTE,,,PENDIENTE,variable,100,DEFINICION: cantidad proporcional al volumen,produccion_primaria,comprado,energia,,,Cantidad PENDIENTE (DPV-052); aportante variable según región (03)
PP-ENE,PRODUCCION_PRIMARIA,energia,"Electricidad de granja (ventilación, iluminación, bombeo)",kWh,,,,,,,,,,,,AR,,,,PENDIENTE,,,PENDIENTE,variable,100,DEFINICION: cantidad proporcional al volumen,produccion_primaria,comprado,energia,,,Cantidad PENDIENTE (DPV-052)
PP-AGUA,PRODUCCION_PRIMARIA,agua,Agua de bebida (extracción y tratamiento),m³,,,,,,,,,,,,AR,,,,PENDIENTE,,,PENDIENTE,variable,100,DEFINICION: cantidad proporcional al volumen,produccion_primaria,propio,energia,,,Driver: agua_bebida_m3_anio de 03; energía de bombeo ya en PP-ENE
PP-LIMP,PRODUCCION_PRIMARIA,limpieza,Limpieza y desinfección de galpones entre lotes,m²·ciclo,,,,,,,,,,,,AR,,,,PENDIENTE,,,PENDIENTE,variable,100,DEFINICION: cantidad proporcional al volumen,produccion_primaria,propio,servicios,,,m² × ciclos (03); agua y energía en PP-AGUA / PP-ENE
PP-BIO,PRODUCCION_PRIMARIA,bioseguridad,"Bioseguridad (insumos, pediluvios, control de plagas)",m²·año,,,,,,,,,,,,AR,,,,PENDIENTE,,,PENDIENTE,semifijo,0,DEFINICION: cantidad por período (escalón de capacidad si semifijo),produccion_primaria,propio,servicios,,,
PP-MORT,PRODUCCION_PRIMARIA,mortalidad,Retiro y disposición de mortalidad,ave,,,,,,,,,,,,AR,,,,PENDIENTE,,,PENDIENTE,variable,100,DEFINICION: cantidad proporcional al volumen,produccion_primaria,tercerizado,servicios,,,Aves muertas en granja (03)
PP-OTR,PRODUCCION_PRIMARIA,otros,Otros costos de granja propia,año,,,,,,,,,,,,AR,,,,PENDIENTE,,,PENDIENTE,fijo,0,DEFINICION: cantidad por período (escalón de capacidad si semifijo),produccion_primaria,propio,servicios,,,
FAE-FACON,FAENA,facon,Servicio de faena a façon,ave,,,,,,,,,,,,AR,,,,PENDIENTE,,,PENDIENTE,variable,100,DEFINICION: cantidad proporcional al volumen,terceros,tercerizado,servicios,,,"Tarifa NO asumida (DPV-006); alcance (empaque, frío, subproductos) PENDIENTE"
FAE-FACON-FRIO,FAENA,facon,Almacenamiento en frío en el faenador (si se cobra aparte),t·mes,,,,,,,,,,,,AR,,,,PENDIENTE,,,PENDIENTE,semivariable,,PENDIENTE (SUP-17-08): no se inventa el reparto,terceros,tercerizado,servicios,,,Alcance PENDIENTE
FAE-FACON-SUB,FAENA,facon,Subproductos en faena a façon (cargo de retiro si no lo absorbe el faenador),t,,,,,,,,,,,,AR,,,,PENDIENTE,,,PENDIENTE,variable,100,DEFINICION: cantidad proporcional al volumen,terceros,tercerizado,servicios,,,Alcance del contrato PENDIENTE (DPV-17-07); un eventual crédito es ingreso: no se netea
FAE-QUIM,FAENA,limpieza,Químicos de limpieza y sanitización de planta,ave,,,,,,,,,,,,AR,,,,PENDIENTE,,,PENDIENTE,variable,100,DEFINICION: cantidad proporcional al volumen,faena,comprado,servicios,,,Agua y energía de limpieza YA están en utilities (09C): no se cargan aquí
FAE-ELEM,FAENA,limpieza,"Elementos de limpieza (cepillos, mangueras, escurridores)",año,,,,,,,,,,,,AR,,,,PENDIENTE,,,PENDIENTE,semifijo,0,DEFINICION: cantidad por período (escalón de capacidad si semifijo),faena,comprado,servicios,,,
FAE-CUCH,FAENA,herramientas,"Cuchillería, chairas y herramientas de mano",FTE-año,,,,,,,,,,,,AR,,,,PENDIENTE,,,PENDIENTE,semivariable,,PENDIENTE (SUP-17-08): no se inventa el reparto,faena,comprado,servicios,,,Driver: FTE directos de 14A
FAE-SERV,FAENA,servicios,"Servicios de planta (control de plagas, lavandería externa, otros)",mes,,,,,,,,,,,,AR,,,,PENDIENTE,,,PENDIENTE,fijo,0,DEFINICION: cantidad por período (escalón de capacidad si semifijo),servicios_generales,tercerizado,servicios,,,
EMP-BOLSA,EMPAQUE,materiales,Bolsas,kg producto,,,,,,,,,,,,AR,,,,PENDIENTE,,,PENDIENTE,variable,100,DEFINICION: cantidad proporcional al volumen,faena,comprado,packaging,,,Precio por kg de producto comercial; depende del mix (config. A/B/C) y del formato: PENDIENTE
EMP-BANDEJA,EMPAQUE,materiales,Bandejas,kg producto,,,,,,,,,,,,AR,,,,PENDIENTE,,,PENDIENTE,variable,100,DEFINICION: cantidad proporcional al volumen,faena,comprado,packaging,,,Precio por kg de producto comercial; depende del mix (config. A/B/C) y del formato: PENDIENTE
EMP-FILM,EMPAQUE,materiales,Film,kg producto,,,,,,,,,,,,AR,,,,PENDIENTE,,,PENDIENTE,variable,100,DEFINICION: cantidad proporcional al volumen,faena,comprado,packaging,,,Precio por kg de producto comercial; depende del mix (config. A/B/C) y del formato: PENDIENTE
EMP-CAJA,EMPAQUE,materiales,Cajas,kg producto,,,,,,,,,,,,AR,,,,PENDIENTE,,,PENDIENTE,variable,100,DEFINICION: cantidad proporcional al volumen,faena,comprado,packaging,,,Precio por kg de producto comercial; depende del mix (config. A/B/C) y del formato: PENDIENTE
EMP-ETIQ,EMPAQUE,materiales,Etiquetas,kg producto,,,,,,,,,,,,AR,,,,PENDIENTE,,,PENDIENTE,variable,100,DEFINICION: cantidad proporcional al volumen,faena,comprado,packaging,,,Precio por kg de producto comercial; depende del mix (config. A/B/C) y del formato: PENDIENTE
EMP-SEP,EMPAQUE,materiales,Separadores / láminas,kg producto,,,,,,,,,,,,AR,,,,PENDIENTE,,,PENDIENTE,variable,100,DEFINICION: cantidad proporcional al volumen,faena,comprado,packaging,,,Precio por kg de producto comercial; depende del mix (config. A/B/C) y del formato: PENDIENTE
EMP-PALLET,EMPAQUE,materiales,Pallets,kg producto,,,,,,,,,,,,AR,,,,PENDIENTE,,,PENDIENTE,variable,100,DEFINICION: cantidad proporcional al volumen,faena,comprado,packaging,,,Precio por kg de producto comercial; depende del mix (config. A/B/C) y del formato: PENDIENTE
EMP-FLEJE,EMPAQUE,materiales,Flejes / stretch de pallet,kg producto,,,,,,,,,,,,AR,,,,PENDIENTE,,,PENDIENTE,variable,100,DEFINICION: cantidad proporcional al volumen,faena,comprado,packaging,,,Precio por kg de producto comercial; depende del mix (config. A/B/C) y del formato: PENDIENTE
EMP-OTROS,EMPAQUE,materiales,Otros materiales de empaque,kg producto,,,,,,,,,,,,AR,,,,PENDIENTE,,,PENDIENTE,variable,100,DEFINICION: cantidad proporcional al volumen,faena,comprado,packaging,,,Precio por kg de producto comercial; depende del mix (config. A/B/C) y del formato: PENDIENTE
UT-ELE-KWH,UTILITIES,electricidad,"Energía eléctrica activa (incluye frío, aire, bombeo, efluentes aerobios)",kWh,,,,,,,,,,,,AR,,,,PENDIENTE,,,PENDIENTE,variable,100,DEFINICION: cantidad proporcional al volumen,servicios_generales,comprado,energia,,,kWh de 09C; tarifa industrial NO asumida (DPV-17-05)
UT-ELE-POT,UTILITIES,electricidad,Cargo por potencia / demanda contratada,kW·mes,,,,,,,,,,,,AR,,,,PENDIENTE,,,PENDIENTE,fijo,0,DEFINICION: cantidad por período (escalón de capacidad si semifijo),servicios_generales,comprado,energia,,,Cantidad PENDIENTE: potencia pico no dimensionada (DPV-095). No se multiplica kW por tarifa de kWh
UT-ELE-FIJO,UTILITIES,electricidad,Cargo fijo comercial de electricidad,mes,,,,,,,,,,,,AR,,,,PENDIENTE,,,PENDIENTE,fijo,0,DEFINICION: cantidad por período (escalón de capacidad si semifijo),servicios_generales,comprado,energia,,,
UT-TER-GN,UTILITIES,termico,Gas natural,m³,,,,,,,,,,,,AR,,,,PENDIENTE,,,PENDIENTE,variable,100,DEFINICION: cantidad proporcional al volumen,servicios_generales,comprado,energia,,,Equivalente de 09C con PCI [SUPUESTO]
UT-TER-GLP,UTILITIES,termico,GLP,kg,,,,,,,,,,,,AR,,,,PENDIENTE,,,PENDIENTE,variable,100,DEFINICION: cantidad proporcional al volumen,servicios_generales,comprado,energia,,,
UT-TER-BIO,UTILITIES,termico,Biomasa (chip),kg,,,,,,,,,,,,AR,,,,PENDIENTE,,,PENDIENTE,variable,100,DEFINICION: cantidad proporcional al volumen,servicios_generales,comprado,energia,,,
UT-TER-NS,UTILITIES,termico,Combustible térmico (tipo NO seleccionado),kWh_t,,,,,,,,,,,,AR,,,,PENDIENTE,,,PENDIENTE,variable,100,DEFINICION: cantidad proporcional al volumen,servicios_generales,comprado,energia,,,Sin precio posible hasta elegir combustible (DEC-045)
UT-AGUA-RED,UTILITIES,agua,Agua de red (cargo variable),m³,,,,,,,,,,,,AR,,,,PENDIENTE,,,PENDIENTE,variable,100,DEFINICION: cantidad proporcional al volumen,servicios_generales,comprado,energia,,,
UT-AGUA-CANON,UTILITIES,agua,Canon / derecho de uso de agua subterránea,m³,,,,,,,,,,,,AR,,,,PENDIENTE,,,PENDIENTE,variable,100,DEFINICION: cantidad proporcional al volumen,servicios_generales,comprado,energia,,,Jurisdicción PENDIENTE
UT-AGUA-TRAT,UTILITIES,agua,Potabilización / tratamiento de agua de proceso (químicos),m³,,,,,,,,,,,,AR,,,,PENDIENTE,,,PENDIENTE,variable,100,DEFINICION: cantidad proporcional al volumen,servicios_generales,comprado,servicios,,,Energía de bombeo ya en UT-ELE-KWH
UT-AGUA-NS,UTILITIES,agua,Agua (fuente NO seleccionada),m³,,,,,,,,,,,,AR,,,,PENDIENTE,,,PENDIENTE,variable,100,DEFINICION: cantidad proporcional al volumen,servicios_generales,comprado,energia,,,Sin precio posible hasta elegir red / pozo
UT-FRIO-TER,UTILITIES,frio,Congelado / almacenamiento congelado en tercero,t,,,,,,,,,,,,AR,,,,PENDIENTE,,,PENDIENTE,variable,100,DEFINICION: cantidad proporcional al volumen,terceros,tercerizado,servicios,,,Arquitectura de frío C o faena a façon; tarifa PENDIENTE (DPV-17-06)
EF-QUIM,EFLUENTES,tratamiento,"Químicos de tratamiento (coagulante, floculante, pH)",m³,,,,,,,,,,,,AR,,,,PENDIENTE,,,PENDIENTE,variable,100,DEFINICION: cantidad proporcional al volumen,servicios_generales,comprado,servicios,,,Por m³ de efluente (09C); tecnología PENDIENTE (DEC-043)
EF-ANA,EFLUENTES,analisis,Análisis de vuelco / autocontrol,análisis,,,,,,,,,,,,AR,,,,PENDIENTE,,,PENDIENTE,semifijo,0,DEFINICION: cantidad por período (escalón de capacidad si semifijo),calidad,tercerizado,servicios,,,Frecuencia PENDIENTE (autoridad provincial)
EF-LODO,EFLUENTES,lodos,Retiro y disposición de lodos,t,,,,,,,,,,,,AR,,,,PENDIENTE,,,PENDIENTE,variable,100,DEFINICION: cantidad proporcional al volumen,servicios_generales,tercerizado,servicios,,,Cantidad PENDIENTE: lodos no dimensionados en 09C
EF-CANON,EFLUENTES,vuelco,Canon / tasa de vuelco,m³,,,,,,,,,,,,AR,,,,PENDIENTE,,,PENDIENTE,variable,100,DEFINICION: cantidad proporcional al volumen,servicios_generales,comprado,servicios,,,Jurisdicción PENDIENTE
SUB-RET-SANGRE,SUBPRODUCTOS,retiro,Retiro / disposición de sangre recuperada,t,,,,,,,,,,,,AR,,,,PENDIENTE,,,PENDIENTE,variable,100,DEFINICION: cantidad proporcional al volumen,servicios_generales,tercerizado,servicios,,,"Costo de retiro; si el receptor PAGA, es ingreso del modelo financiero: NO se netea (precio ≥ 0)"
SUB-RET-PLUMAS,SUBPRODUCTOS,retiro,Retiro / disposición de plumas,t,,,,,,,,,,,,AR,,,,PENDIENTE,,,PENDIENTE,variable,100,DEFINICION: cantidad proporcional al volumen,servicios_generales,tercerizado,servicios,,,"Costo de retiro; si el receptor PAGA, es ingreso del modelo financiero: NO se netea (precio ≥ 0)"
SUB-RET-VISCERAS,SUBPRODUCTOS,retiro,Retiro / disposición de vísceras no comestibles,t,,,,,,,,,,,,AR,,,,PENDIENTE,,,PENDIENTE,variable,100,DEFINICION: cantidad proporcional al volumen,servicios_generales,tercerizado,servicios,,,"Costo de retiro; si el receptor PAGA, es ingreso del modelo financiero: NO se netea (precio ≥ 0)"
SUB-RET-CABEZAS,SUBPRODUCTOS,retiro,Retiro / disposición de cabezas,t,,,,,,,,,,,,AR,,,,PENDIENTE,,,PENDIENTE,variable,100,DEFINICION: cantidad proporcional al volumen,servicios_generales,tercerizado,servicios,,,"Costo de retiro; si el receptor PAGA, es ingreso del modelo financiero: NO se netea (precio ≥ 0)"
SUB-RET-DECOMISOS,SUBPRODUCTOS,retiro,Retiro / disposición de decomisos,t,,,,,,,,,,,,AR,,,,PENDIENTE,,,PENDIENTE,variable,100,DEFINICION: cantidad proporcional al volumen,servicios_generales,tercerizado,servicios,,,"Costo de retiro; si el receptor PAGA, es ingreso del modelo financiero: NO se netea (precio ≥ 0)"
SUB-CONT,SUBPRODUCTOS,contenedores,"Contenedores (alquiler, lavado)",mes,,,,,,,,,,,,AR,,,,PENDIENTE,,,PENDIENTE,semifijo,0,DEFINICION: cantidad por período (escalón de capacidad si semifijo),servicios_generales,tercerizado,servicios,,,
SUB-TRAT-B,SUBPRODUCTOS,tratamiento_basico,Insumos y energía del tratamiento básico propio,t,,,,,,,,,,,,AR,,,,PENDIENTE,,,PENDIENTE,variable,100,DEFINICION: cantidad proporcional al volumen,servicios_generales,propio,servicios,,,Cantidad PENDIENTE: tecnología no definida (SUP-16-14)
SUB-REN-ENE,SUBPRODUCTOS,rendering_futuro,Energía de rendering,kWh,,,,,,,,,,,,AR,,,,PENDIENTE,,,FUTURO,variable,100,DEFINICION: cantidad proporcional al volumen,servicios_generales,propio,servicios,,,FASE FUTURO
SUB-REN-INS,SUBPRODUCTOS,rendering_futuro,Insumos de rendering,t,,,,,,,,,,,,AR,,,,PENDIENTE,,,FUTURO,variable,100,DEFINICION: cantidad proporcional al volumen,servicios_generales,propio,servicios,,,FASE FUTURO
SUB-REN-MAN,SUBPRODUCTOS,rendering_futuro,Mantenimiento de rendering,año,,,,,,,,,,,,AR,,,,PENDIENTE,,,FUTURO,semifijo,0,DEFINICION: cantidad por período (escalón de capacidad si semifijo),servicios_generales,propio,servicios,,,FASE FUTURO
LOG-COMB-GASOIL,LOGISTICA,flota_propia,Gasoil (flota propia),L,,,,,,,,,,,,AR,,,,PENDIENTE,,,PENDIENTE,variable,100,DEFINICION: cantidad proporcional al volumen,logistica,comprado,logistica,,,Litros = km × consumo L/km (PENDIENTE en 12B: CONSUMO_L_KM)
LOG-POL-MANT,LOGISTICA,flota_propia,Mantenimiento de vehículos (pollitos BB),km,,,,,,,,,,,,AR,,,,PENDIENTE,,,PENDIENTE,variable,100,DEFINICION: cantidad proporcional al volumen,logistica,propio,logistica,,,
LOG-POL-NEUM,LOGISTICA,flota_propia,Neumáticos (pollitos BB),km,,,,,,,,,,,,AR,,,,PENDIENTE,,,PENDIENTE,variable,100,DEFINICION: cantidad proporcional al volumen,logistica,comprado,logistica,,,
LOG-POL-PAT,LOGISTICA,flota_propia,Patente / tasas del vehículo (pollitos BB),vehículo-año,,,,,,,,,,,,AR,,,,PENDIENTE,,,PENDIENTE,semifijo,0,DEFINICION: cantidad por período (escalón de capacidad si semifijo),logistica,comprado,servicios,,,
LOG-POL-PEAJ,LOGISTICA,flota_propia,Peajes (pollitos BB),viaje,,,,,,,,,,,,AR,,,,PENDIENTE,,,PENDIENTE,variable,100,DEFINICION: cantidad proporcional al volumen,logistica,comprado,logistica,,,Ruta PENDIENTE
LOG-POL-LAV,LOGISTICA,flota_propia,Lavado y desinfección de vehículos (pollitos BB),viaje,,,,,,,,,,,,AR,,,,PENDIENTE,,,PENDIENTE,variable,100,DEFINICION: cantidad proporcional al volumen,logistica,propio,servicios,,,
LOG-POL-FRIO,LOGISTICA,flota_propia,Equipo de frío / climatización vehicular (pollitos BB),h-equipo,,,,,,,,,,,,AR,,,,PENDIENTE,,,PENDIENTE,variable,100,DEFINICION: cantidad proporcional al volumen,logistica,propio,logistica,,,Horas de equipo PENDIENTES; su combustible NO va en LOG-COMB-GASOIL si se mide aparte
LOG-POL-TEV,LOGISTICA,flota_propia,Terceros eventuales con flota propia (pollitos BB),año,,,,,,,,,,,,AR,,,,PENDIENTE,,,PENDIENTE,semifijo,0,DEFINICION: cantidad por período (escalón de capacidad si semifijo),logistica,tercerizado,logistica,,,
LOG-POL-TER-VIAJE,LOGISTICA,tercerizado,Flete tercerizado por viaje (pollitos BB),viaje,,,,,,,,,,,,AR,,,,PENDIENTE,,,PENDIENTE,variable,100,DEFINICION: cantidad proporcional al volumen,logistica,tercerizado,logistica,,,Excluyente con los otros modelos de tarifa del flujo
LOG-POL-TER-KM,LOGISTICA,tercerizado,Flete tercerizado por km (pollitos BB),km,,,,,,,,,,,,AR,,,,PENDIENTE,,,PENDIENTE,variable,100,DEFINICION: cantidad proporcional al volumen,logistica,tercerizado,logistica,,,Excluyente
LOG-POL-TER-UNI,LOGISTICA,tercerizado,Flete tercerizado por pollito (pollitos BB),pollito,,,,,,,,,,,,AR,,,,PENDIENTE,,,PENDIENTE,variable,100,DEFINICION: cantidad proporcional al volumen,logistica,tercerizado,logistica,,,Excluyente
LOG-POL-TER-CONT,LOGISTICA,tercerizado,Flete tercerizado por contrato anual (pollitos BB),contrato-año,,,,,,,,,,,,AR,,,,PENDIENTE,,,PENDIENTE,semifijo,0,DEFINICION: cantidad por período (escalón de capacidad si semifijo),logistica,tercerizado,logistica,,,Excluyente
LOG-HUE-MANT,LOGISTICA,flota_propia,Mantenimiento de vehículos (huevo fértil),km,,,,,,,,,,,,AR,,,,PENDIENTE,,,PENDIENTE,variable,100,DEFINICION: cantidad proporcional al volumen,logistica,propio,logistica,,,
LOG-HUE-NEUM,LOGISTICA,flota_propia,Neumáticos (huevo fértil),km,,,,,,,,,,,,AR,,,,PENDIENTE,,,PENDIENTE,variable,100,DEFINICION: cantidad proporcional al volumen,logistica,comprado,logistica,,,
LOG-HUE-PAT,LOGISTICA,flota_propia,Patente / tasas del vehículo (huevo fértil),vehículo-año,,,,,,,,,,,,AR,,,,PENDIENTE,,,PENDIENTE,semifijo,0,DEFINICION: cantidad por período (escalón de capacidad si semifijo),logistica,comprado,servicios,,,
LOG-HUE-PEAJ,LOGISTICA,flota_propia,Peajes (huevo fértil),viaje,,,,,,,,,,,,AR,,,,PENDIENTE,,,PENDIENTE,variable,100,DEFINICION: cantidad proporcional al volumen,logistica,comprado,logistica,,,Ruta PENDIENTE
LOG-HUE-LAV,LOGISTICA,flota_propia,Lavado y desinfección de vehículos (huevo fértil),viaje,,,,,,,,,,,,AR,,,,PENDIENTE,,,PENDIENTE,variable,100,DEFINICION: cantidad proporcional al volumen,logistica,propio,servicios,,,
LOG-HUE-FRIO,LOGISTICA,flota_propia,Equipo de frío / climatización vehicular (huevo fértil),h-equipo,,,,,,,,,,,,AR,,,,PENDIENTE,,,PENDIENTE,variable,100,DEFINICION: cantidad proporcional al volumen,logistica,propio,logistica,,,Horas de equipo PENDIENTES; su combustible NO va en LOG-COMB-GASOIL si se mide aparte
LOG-HUE-TEV,LOGISTICA,flota_propia,Terceros eventuales con flota propia (huevo fértil),año,,,,,,,,,,,,AR,,,,PENDIENTE,,,PENDIENTE,semifijo,0,DEFINICION: cantidad por período (escalón de capacidad si semifijo),logistica,tercerizado,logistica,,,
LOG-HUE-TER-VIAJE,LOGISTICA,tercerizado,Flete tercerizado por viaje (huevo fértil),viaje,,,,,,,,,,,,AR,,,,PENDIENTE,,,PENDIENTE,variable,100,DEFINICION: cantidad proporcional al volumen,logistica,tercerizado,logistica,,,Excluyente con los otros modelos de tarifa del flujo
LOG-HUE-TER-KM,LOGISTICA,tercerizado,Flete tercerizado por km (huevo fértil),km,,,,,,,,,,,,AR,,,,PENDIENTE,,,PENDIENTE,variable,100,DEFINICION: cantidad proporcional al volumen,logistica,tercerizado,logistica,,,Excluyente
LOG-HUE-TER-UNI,LOGISTICA,tercerizado,Flete tercerizado por huevo (huevo fértil),huevo,,,,,,,,,,,,AR,,,,PENDIENTE,,,PENDIENTE,variable,100,DEFINICION: cantidad proporcional al volumen,logistica,tercerizado,logistica,,,Excluyente
LOG-HUE-TER-CONT,LOGISTICA,tercerizado,Flete tercerizado por contrato anual (huevo fértil),contrato-año,,,,,,,,,,,,AR,,,,PENDIENTE,,,PENDIENTE,semifijo,0,DEFINICION: cantidad por período (escalón de capacidad si semifijo),logistica,tercerizado,logistica,,,Excluyente
LOG-ALI-MANT,LOGISTICA,flota_propia,Mantenimiento de vehículos (alimento),km,,,,,,,,,,,,AR,,,,PENDIENTE,,,PENDIENTE,variable,100,DEFINICION: cantidad proporcional al volumen,logistica,propio,logistica,,,
LOG-ALI-NEUM,LOGISTICA,flota_propia,Neumáticos (alimento),km,,,,,,,,,,,,AR,,,,PENDIENTE,,,PENDIENTE,variable,100,DEFINICION: cantidad proporcional al volumen,logistica,comprado,logistica,,,
LOG-ALI-PAT,LOGISTICA,flota_propia,Patente / tasas del vehículo (alimento),vehículo-año,,,,,,,,,,,,AR,,,,PENDIENTE,,,PENDIENTE,semifijo,0,DEFINICION: cantidad por período (escalón de capacidad si semifijo),logistica,comprado,servicios,,,
LOG-ALI-PEAJ,LOGISTICA,flota_propia,Peajes (alimento),viaje,,,,,,,,,,,,AR,,,,PENDIENTE,,,PENDIENTE,variable,100,DEFINICION: cantidad proporcional al volumen,logistica,comprado,logistica,,,Ruta PENDIENTE
LOG-ALI-LAV,LOGISTICA,flota_propia,Lavado y desinfección de vehículos (alimento),viaje,,,,,,,,,,,,AR,,,,PENDIENTE,,,PENDIENTE,variable,100,DEFINICION: cantidad proporcional al volumen,logistica,propio,servicios,,,
LOG-ALI-TEV,LOGISTICA,flota_propia,Terceros eventuales con flota propia (alimento),año,,,,,,,,,,,,AR,,,,PENDIENTE,,,PENDIENTE,semifijo,0,DEFINICION: cantidad por período (escalón de capacidad si semifijo),logistica,tercerizado,logistica,,,
LOG-ALI-TER-VIAJE,LOGISTICA,tercerizado,Flete tercerizado por viaje (alimento),viaje,,,,,,,,,,,,AR,,,,PENDIENTE,,,PENDIENTE,variable,100,DEFINICION: cantidad proporcional al volumen,logistica,tercerizado,logistica,,,Excluyente con los otros modelos de tarifa del flujo
LOG-ALI-TER-KM,LOGISTICA,tercerizado,Flete tercerizado por km (alimento),km,,,,,,,,,,,,AR,,,,PENDIENTE,,,PENDIENTE,variable,100,DEFINICION: cantidad proporcional al volumen,logistica,tercerizado,logistica,,,Excluyente
LOG-ALI-TER-UNI,LOGISTICA,tercerizado,Flete tercerizado por t (alimento),t,,,,,,,,,,,,AR,,,,PENDIENTE,,,PENDIENTE,variable,100,DEFINICION: cantidad proporcional al volumen,logistica,tercerizado,logistica,,,Excluyente
LOG-ALI-TER-CONT,LOGISTICA,tercerizado,Flete tercerizado por contrato anual (alimento),contrato-año,,,,,,,,,,,,AR,,,,PENDIENTE,,,PENDIENTE,semifijo,0,DEFINICION: cantidad por período (escalón de capacidad si semifijo),logistica,tercerizado,logistica,,,Excluyente
LOG-GRA-MANT,LOGISTICA,flota_propia,Mantenimiento de vehículos (grano),km,,,,,,,,,,,,AR,,,,PENDIENTE,,,PENDIENTE,variable,100,DEFINICION: cantidad proporcional al volumen,logistica,propio,logistica,,,
LOG-GRA-NEUM,LOGISTICA,flota_propia,Neumáticos (grano),km,,,,,,,,,,,,AR,,,,PENDIENTE,,,PENDIENTE,variable,100,DEFINICION: cantidad proporcional al volumen,logistica,comprado,logistica,,,
LOG-GRA-PAT,LOGISTICA,flota_propia,Patente / tasas del vehículo (grano),vehículo-año,,,,,,,,,,,,AR,,,,PENDIENTE,,,PENDIENTE,semifijo,0,DEFINICION: cantidad por período (escalón de capacidad si semifijo),logistica,comprado,servicios,,,
LOG-GRA-PEAJ,LOGISTICA,flota_propia,Peajes (grano),viaje,,,,,,,,,,,,AR,,,,PENDIENTE,,,PENDIENTE,variable,100,DEFINICION: cantidad proporcional al volumen,logistica,comprado,logistica,,,Ruta PENDIENTE
LOG-GRA-LAV,LOGISTICA,flota_propia,Lavado y desinfección de vehículos (grano),viaje,,,,,,,,,,,,AR,,,,PENDIENTE,,,PENDIENTE,variable,100,DEFINICION: cantidad proporcional al volumen,logistica,propio,servicios,,,
LOG-GRA-TEV,LOGISTICA,flota_propia,Terceros eventuales con flota propia (grano),año,,,,,,,,,,,,AR,,,,PENDIENTE,,,PENDIENTE,semifijo,0,DEFINICION: cantidad por período (escalón de capacidad si semifijo),logistica,tercerizado,logistica,,,
LOG-GRA-TER-VIAJE,LOGISTICA,tercerizado,Flete tercerizado por viaje (grano),viaje,,,,,,,,,,,,AR,,,,PENDIENTE,,,PENDIENTE,variable,100,DEFINICION: cantidad proporcional al volumen,logistica,tercerizado,logistica,,,Excluyente con los otros modelos de tarifa del flujo
LOG-GRA-TER-KM,LOGISTICA,tercerizado,Flete tercerizado por km (grano),km,,,,,,,,,,,,AR,,,,PENDIENTE,,,PENDIENTE,variable,100,DEFINICION: cantidad proporcional al volumen,logistica,tercerizado,logistica,,,Excluyente
LOG-GRA-TER-UNI,LOGISTICA,tercerizado,Flete tercerizado por t (grano),t,,,,,,,,,,,,AR,,,,PENDIENTE,,,PENDIENTE,variable,100,DEFINICION: cantidad proporcional al volumen,logistica,tercerizado,logistica,,,Excluyente
LOG-GRA-TER-CONT,LOGISTICA,tercerizado,Flete tercerizado por contrato anual (grano),contrato-año,,,,,,,,,,,,AR,,,,PENDIENTE,,,PENDIENTE,semifijo,0,DEFINICION: cantidad por período (escalón de capacidad si semifijo),logistica,tercerizado,logistica,,,Excluyente
LOG-VIV-MANT,LOGISTICA,flota_propia,Mantenimiento de vehículos (aves vivas),km,,,,,,,,,,,,AR,,,,PENDIENTE,,,PENDIENTE,variable,100,DEFINICION: cantidad proporcional al volumen,logistica,propio,logistica,,,
LOG-VIV-NEUM,LOGISTICA,flota_propia,Neumáticos (aves vivas),km,,,,,,,,,,,,AR,,,,PENDIENTE,,,PENDIENTE,variable,100,DEFINICION: cantidad proporcional al volumen,logistica,comprado,logistica,,,
LOG-VIV-PAT,LOGISTICA,flota_propia,Patente / tasas del vehículo (aves vivas),vehículo-año,,,,,,,,,,,,AR,,,,PENDIENTE,,,PENDIENTE,semifijo,0,DEFINICION: cantidad por período (escalón de capacidad si semifijo),logistica,comprado,servicios,,,
LOG-VIV-PEAJ,LOGISTICA,flota_propia,Peajes (aves vivas),viaje,,,,,,,,,,,,AR,,,,PENDIENTE,,,PENDIENTE,variable,100,DEFINICION: cantidad proporcional al volumen,logistica,comprado,logistica,,,Ruta PENDIENTE
LOG-VIV-LAV,LOGISTICA,flota_propia,Lavado y desinfección de vehículos (aves vivas),viaje,,,,,,,,,,,,AR,,,,PENDIENTE,,,PENDIENTE,variable,100,DEFINICION: cantidad proporcional al volumen,logistica,propio,servicios,,,
LOG-VIV-TEV,LOGISTICA,flota_propia,Terceros eventuales con flota propia (aves vivas),año,,,,,,,,,,,,AR,,,,PENDIENTE,,,PENDIENTE,semifijo,0,DEFINICION: cantidad por período (escalón de capacidad si semifijo),logistica,tercerizado,logistica,,,
LOG-VIV-TER-VIAJE,LOGISTICA,tercerizado,Flete tercerizado por viaje (aves vivas),viaje,,,,,,,,,,,,AR,,,,PENDIENTE,,,PENDIENTE,variable,100,DEFINICION: cantidad proporcional al volumen,logistica,tercerizado,logistica,,,Excluyente con los otros modelos de tarifa del flujo
LOG-VIV-TER-KM,LOGISTICA,tercerizado,Flete tercerizado por km (aves vivas),km,,,,,,,,,,,,AR,,,,PENDIENTE,,,PENDIENTE,variable,100,DEFINICION: cantidad proporcional al volumen,logistica,tercerizado,logistica,,,Excluyente
LOG-VIV-TER-UNI,LOGISTICA,tercerizado,Flete tercerizado por t (aves vivas),t,,,,,,,,,,,,AR,,,,PENDIENTE,,,PENDIENTE,variable,100,DEFINICION: cantidad proporcional al volumen,logistica,tercerizado,logistica,,,Excluyente
LOG-VIV-TER-CONT,LOGISTICA,tercerizado,Flete tercerizado por contrato anual (aves vivas),contrato-año,,,,,,,,,,,,AR,,,,PENDIENTE,,,PENDIENTE,semifijo,0,DEFINICION: cantidad por período (escalón de capacidad si semifijo),logistica,tercerizado,logistica,,,Excluyente
LOG-REF-MANT,LOGISTICA,flota_propia,Mantenimiento de vehículos (producto refrigerado),km,,,,,,,,,,,,AR,,,,PENDIENTE,,,PENDIENTE,variable,100,DEFINICION: cantidad proporcional al volumen,logistica,propio,logistica,,,
LOG-REF-NEUM,LOGISTICA,flota_propia,Neumáticos (producto refrigerado),km,,,,,,,,,,,,AR,,,,PENDIENTE,,,PENDIENTE,variable,100,DEFINICION: cantidad proporcional al volumen,logistica,comprado,logistica,,,
LOG-REF-PAT,LOGISTICA,flota_propia,Patente / tasas del vehículo (producto refrigerado),vehículo-año,,,,,,,,,,,,AR,,,,PENDIENTE,,,PENDIENTE,semifijo,0,DEFINICION: cantidad por período (escalón de capacidad si semifijo),logistica,comprado,servicios,,,
LOG-REF-PEAJ,LOGISTICA,flota_propia,Peajes (producto refrigerado),viaje,,,,,,,,,,,,AR,,,,PENDIENTE,,,PENDIENTE,variable,100,DEFINICION: cantidad proporcional al volumen,logistica,comprado,logistica,,,Ruta PENDIENTE
LOG-REF-LAV,LOGISTICA,flota_propia,Lavado y desinfección de vehículos (producto refrigerado),viaje,,,,,,,,,,,,AR,,,,PENDIENTE,,,PENDIENTE,variable,100,DEFINICION: cantidad proporcional al volumen,logistica,propio,servicios,,,
LOG-REF-FRIO,LOGISTICA,flota_propia,Equipo de frío / climatización vehicular (producto refrigerado),h-equipo,,,,,,,,,,,,AR,,,,PENDIENTE,,,PENDIENTE,variable,100,DEFINICION: cantidad proporcional al volumen,logistica,propio,logistica,,,Horas de equipo PENDIENTES; su combustible NO va en LOG-COMB-GASOIL si se mide aparte
LOG-REF-TEV,LOGISTICA,flota_propia,Terceros eventuales con flota propia (producto refrigerado),año,,,,,,,,,,,,AR,,,,PENDIENTE,,,PENDIENTE,semifijo,0,DEFINICION: cantidad por período (escalón de capacidad si semifijo),logistica,tercerizado,logistica,,,
LOG-REF-TER-VIAJE,LOGISTICA,tercerizado,Flete tercerizado por viaje (producto refrigerado),viaje,,,,,,,,,,,,AR,,,,PENDIENTE,,,PENDIENTE,variable,100,DEFINICION: cantidad proporcional al volumen,logistica,tercerizado,logistica,,,Excluyente con los otros modelos de tarifa del flujo
LOG-REF-TER-KM,LOGISTICA,tercerizado,Flete tercerizado por km (producto refrigerado),km,,,,,,,,,,,,AR,,,,PENDIENTE,,,PENDIENTE,variable,100,DEFINICION: cantidad proporcional al volumen,logistica,tercerizado,logistica,,,Excluyente
LOG-REF-TER-UNI,LOGISTICA,tercerizado,Flete tercerizado por t (producto refrigerado),t,,,,,,,,,,,,AR,,,,PENDIENTE,,,PENDIENTE,variable,100,DEFINICION: cantidad proporcional al volumen,logistica,tercerizado,logistica,,,Excluyente
LOG-REF-TER-CONT,LOGISTICA,tercerizado,Flete tercerizado por contrato anual (producto refrigerado),contrato-año,,,,,,,,,,,,AR,,,,PENDIENTE,,,PENDIENTE,semifijo,0,DEFINICION: cantidad por período (escalón de capacidad si semifijo),logistica,tercerizado,logistica,,,Excluyente
LOG-CON-MANT,LOGISTICA,flota_propia,Mantenimiento de vehículos (producto congelado),km,,,,,,,,,,,,AR,,,,PENDIENTE,,,PENDIENTE,variable,100,DEFINICION: cantidad proporcional al volumen,logistica,propio,logistica,,,
LOG-CON-NEUM,LOGISTICA,flota_propia,Neumáticos (producto congelado),km,,,,,,,,,,,,AR,,,,PENDIENTE,,,PENDIENTE,variable,100,DEFINICION: cantidad proporcional al volumen,logistica,comprado,logistica,,,
LOG-CON-PAT,LOGISTICA,flota_propia,Patente / tasas del vehículo (producto congelado),vehículo-año,,,,,,,,,,,,AR,,,,PENDIENTE,,,PENDIENTE,semifijo,0,DEFINICION: cantidad por período (escalón de capacidad si semifijo),logistica,comprado,servicios,,,
LOG-CON-PEAJ,LOGISTICA,flota_propia,Peajes (producto congelado),viaje,,,,,,,,,,,,AR,,,,PENDIENTE,,,PENDIENTE,variable,100,DEFINICION: cantidad proporcional al volumen,logistica,comprado,logistica,,,Ruta PENDIENTE
LOG-CON-LAV,LOGISTICA,flota_propia,Lavado y desinfección de vehículos (producto congelado),viaje,,,,,,,,,,,,AR,,,,PENDIENTE,,,PENDIENTE,variable,100,DEFINICION: cantidad proporcional al volumen,logistica,propio,servicios,,,
LOG-CON-FRIO,LOGISTICA,flota_propia,Equipo de frío / climatización vehicular (producto congelado),h-equipo,,,,,,,,,,,,AR,,,,PENDIENTE,,,PENDIENTE,variable,100,DEFINICION: cantidad proporcional al volumen,logistica,propio,logistica,,,Horas de equipo PENDIENTES; su combustible NO va en LOG-COMB-GASOIL si se mide aparte
LOG-CON-TEV,LOGISTICA,flota_propia,Terceros eventuales con flota propia (producto congelado),año,,,,,,,,,,,,AR,,,,PENDIENTE,,,PENDIENTE,semifijo,0,DEFINICION: cantidad por período (escalón de capacidad si semifijo),logistica,tercerizado,logistica,,,
LOG-CON-TER-VIAJE,LOGISTICA,tercerizado,Flete tercerizado por viaje (producto congelado),viaje,,,,,,,,,,,,AR,,,,PENDIENTE,,,PENDIENTE,variable,100,DEFINICION: cantidad proporcional al volumen,logistica,tercerizado,logistica,,,Excluyente con los otros modelos de tarifa del flujo
LOG-CON-TER-KM,LOGISTICA,tercerizado,Flete tercerizado por km (producto congelado),km,,,,,,,,,,,,AR,,,,PENDIENTE,,,PENDIENTE,variable,100,DEFINICION: cantidad proporcional al volumen,logistica,tercerizado,logistica,,,Excluyente
LOG-CON-TER-UNI,LOGISTICA,tercerizado,Flete tercerizado por t (producto congelado),t,,,,,,,,,,,,AR,,,,PENDIENTE,,,PENDIENTE,variable,100,DEFINICION: cantidad proporcional al volumen,logistica,tercerizado,logistica,,,Excluyente
LOG-CON-TER-CONT,LOGISTICA,tercerizado,Flete tercerizado por contrato anual (producto congelado),contrato-año,,,,,,,,,,,,AR,,,,PENDIENTE,,,PENDIENTE,semifijo,0,DEFINICION: cantidad por período (escalón de capacidad si semifijo),logistica,tercerizado,logistica,,,Excluyente
LOG-SUB-MANT,LOGISTICA,flota_propia,Mantenimiento de vehículos (subproductos),km,,,,,,,,,,,,AR,,,,PENDIENTE,,,PENDIENTE,variable,100,DEFINICION: cantidad proporcional al volumen,logistica,propio,logistica,,,
LOG-SUB-NEUM,LOGISTICA,flota_propia,Neumáticos (subproductos),km,,,,,,,,,,,,AR,,,,PENDIENTE,,,PENDIENTE,variable,100,DEFINICION: cantidad proporcional al volumen,logistica,comprado,logistica,,,
LOG-SUB-PAT,LOGISTICA,flota_propia,Patente / tasas del vehículo (subproductos),vehículo-año,,,,,,,,,,,,AR,,,,PENDIENTE,,,PENDIENTE,semifijo,0,DEFINICION: cantidad por período (escalón de capacidad si semifijo),logistica,comprado,servicios,,,
LOG-SUB-PEAJ,LOGISTICA,flota_propia,Peajes (subproductos),viaje,,,,,,,,,,,,AR,,,,PENDIENTE,,,PENDIENTE,variable,100,DEFINICION: cantidad proporcional al volumen,logistica,comprado,logistica,,,Ruta PENDIENTE
LOG-SUB-LAV,LOGISTICA,flota_propia,Lavado y desinfección de vehículos (subproductos),viaje,,,,,,,,,,,,AR,,,,PENDIENTE,,,PENDIENTE,variable,100,DEFINICION: cantidad proporcional al volumen,logistica,propio,servicios,,,
LOG-SUB-TEV,LOGISTICA,flota_propia,Terceros eventuales con flota propia (subproductos),año,,,,,,,,,,,,AR,,,,PENDIENTE,,,PENDIENTE,semifijo,0,DEFINICION: cantidad por período (escalón de capacidad si semifijo),logistica,tercerizado,logistica,,,
LOG-SUB-TER-VIAJE,LOGISTICA,tercerizado,Flete tercerizado por viaje (subproductos),viaje,,,,,,,,,,,,AR,,,,PENDIENTE,,,PENDIENTE,variable,100,DEFINICION: cantidad proporcional al volumen,logistica,tercerizado,logistica,,,Excluyente con los otros modelos de tarifa del flujo
LOG-SUB-TER-KM,LOGISTICA,tercerizado,Flete tercerizado por km (subproductos),km,,,,,,,,,,,,AR,,,,PENDIENTE,,,PENDIENTE,variable,100,DEFINICION: cantidad proporcional al volumen,logistica,tercerizado,logistica,,,Excluyente
LOG-SUB-TER-UNI,LOGISTICA,tercerizado,Flete tercerizado por t (subproductos),t,,,,,,,,,,,,AR,,,,PENDIENTE,,,PENDIENTE,variable,100,DEFINICION: cantidad proporcional al volumen,logistica,tercerizado,logistica,,,Excluyente
LOG-SUB-TER-CONT,LOGISTICA,tercerizado,Flete tercerizado por contrato anual (subproductos),contrato-año,,,,,,,,,,,,AR,,,,PENDIENTE,,,PENDIENTE,semifijo,0,DEFINICION: cantidad por período (escalón de capacidad si semifijo),logistica,tercerizado,logistica,,,Excluyente
MAN-PROC-PREV,MANTENIMIENTO,proc,Mantenimiento preventivo — proceso (línea),activo-año,,,,,,,,,,,,AR,,,,PENDIENTE,,,PENDIENTE,semivariable,,PENDIENTE (SUP-17-08): no se inventa el reparto,mantenimiento,propio,servicios,,,"Método 'por_activo' (activo-año), 'horas_tecnicas' (hora) o 'contrato' (contrato-año); mano de obra propia en costo laboral (14A)"
MAN-PROC-CORR,MANTENIMIENTO,proc,Mantenimiento correctivo — proceso (línea),activo-año,,,,,,,,,,,,AR,,,,PENDIENTE,,,PENDIENTE,semivariable,,PENDIENTE (SUP-17-08): no se inventa el reparto,mantenimiento,propio,servicios,,,"Método 'por_activo' (activo-año), 'horas_tecnicas' (hora) o 'contrato' (contrato-año); mano de obra propia en costo laboral (14A)"
MAN-PROC-REP,MANTENIMIENTO,proc,Mantenimiento repuestos — proceso (línea),activo-año,,,,,,,,,,,,AR,,,,PENDIENTE,,,PENDIENTE,semivariable,,PENDIENTE (SUP-17-08): no se inventa el reparto,mantenimiento,comprado,servicios,,,"Método 'por_activo' (activo-año), 'horas_tecnicas' (hora) o 'contrato' (contrato-año); mano de obra propia en costo laboral (14A)"
MAN-PROC-LUB,MANTENIMIENTO,proc,Mantenimiento lubricantes — proceso (línea),activo-año,,,,,,,,,,,,AR,,,,PENDIENTE,,,PENDIENTE,semivariable,,PENDIENTE (SUP-17-08): no se inventa el reparto,mantenimiento,comprado,servicios,,,"Método 'por_activo' (activo-año), 'horas_tecnicas' (hora) o 'contrato' (contrato-año); mano de obra propia en costo laboral (14A)"
MAN-PROC-STEC,MANTENIMIENTO,proc,Mantenimiento servicios técnicos externos — proceso (línea),hora,,,,,,,,,,,,AR,,,,PENDIENTE,,,PENDIENTE,semivariable,,PENDIENTE (SUP-17-08): no se inventa el reparto,mantenimiento,tercerizado,servicios,,,"Método 'por_activo' (activo-año), 'horas_tecnicas' (hora) o 'contrato' (contrato-año); mano de obra propia en costo laboral (14A)"
MAN-PROC-CONT,MANTENIMIENTO,proc,Mantenimiento contratos de mantenimiento — proceso (línea),contrato-año,,,,,,,,,,,,AR,,,,PENDIENTE,,,PENDIENTE,semivariable,,PENDIENTE (SUP-17-08): no se inventa el reparto,mantenimiento,tercerizado,servicios,,,"Método 'por_activo' (activo-año), 'horas_tecnicas' (hora) o 'contrato' (contrato-año); mano de obra propia en costo laboral (14A)"
MAN-PROC-PCT,MANTENIMIENTO,proc,Mantenimiento total como % del CAPEX — proceso (línea),%,,,,,,,,,,,,AR,,,,PENDIENTE,,,PENDIENTE,semivariable,,PENDIENTE (SUP-17-08): no se inventa el reparto,mantenimiento,propio,servicios,,,BENCHMARK: todo valor es [SUPUESTO]/[PVDP] (SUP-17-06); base = CAPEX del bloque (19_capex); sin CAPEX con precio → BASE_SIN_PRECIO
MAN-FRIO-PREV,MANTENIMIENTO,frio,Mantenimiento preventivo — frío,activo-año,,,,,,,,,,,,AR,,,,PENDIENTE,,,PENDIENTE,semivariable,,PENDIENTE (SUP-17-08): no se inventa el reparto,mantenimiento,propio,servicios,,,"Método 'por_activo' (activo-año), 'horas_tecnicas' (hora) o 'contrato' (contrato-año); mano de obra propia en costo laboral (14A)"
MAN-FRIO-CORR,MANTENIMIENTO,frio,Mantenimiento correctivo — frío,activo-año,,,,,,,,,,,,AR,,,,PENDIENTE,,,PENDIENTE,semivariable,,PENDIENTE (SUP-17-08): no se inventa el reparto,mantenimiento,propio,servicios,,,"Método 'por_activo' (activo-año), 'horas_tecnicas' (hora) o 'contrato' (contrato-año); mano de obra propia en costo laboral (14A)"
MAN-FRIO-REP,MANTENIMIENTO,frio,Mantenimiento repuestos — frío,activo-año,,,,,,,,,,,,AR,,,,PENDIENTE,,,PENDIENTE,semivariable,,PENDIENTE (SUP-17-08): no se inventa el reparto,mantenimiento,comprado,servicios,,,"Método 'por_activo' (activo-año), 'horas_tecnicas' (hora) o 'contrato' (contrato-año); mano de obra propia en costo laboral (14A)"
MAN-FRIO-LUB,MANTENIMIENTO,frio,Mantenimiento lubricantes — frío,activo-año,,,,,,,,,,,,AR,,,,PENDIENTE,,,PENDIENTE,semivariable,,PENDIENTE (SUP-17-08): no se inventa el reparto,mantenimiento,comprado,servicios,,,"Método 'por_activo' (activo-año), 'horas_tecnicas' (hora) o 'contrato' (contrato-año); mano de obra propia en costo laboral (14A)"
MAN-FRIO-STEC,MANTENIMIENTO,frio,Mantenimiento servicios técnicos externos — frío,hora,,,,,,,,,,,,AR,,,,PENDIENTE,,,PENDIENTE,semivariable,,PENDIENTE (SUP-17-08): no se inventa el reparto,mantenimiento,tercerizado,servicios,,,"Método 'por_activo' (activo-año), 'horas_tecnicas' (hora) o 'contrato' (contrato-año); mano de obra propia en costo laboral (14A)"
MAN-FRIO-CONT,MANTENIMIENTO,frio,Mantenimiento contratos de mantenimiento — frío,contrato-año,,,,,,,,,,,,AR,,,,PENDIENTE,,,PENDIENTE,semivariable,,PENDIENTE (SUP-17-08): no se inventa el reparto,mantenimiento,tercerizado,servicios,,,"Método 'por_activo' (activo-año), 'horas_tecnicas' (hora) o 'contrato' (contrato-año); mano de obra propia en costo laboral (14A)"
MAN-FRIO-PCT,MANTENIMIENTO,frio,Mantenimiento total como % del CAPEX — frío,%,,,,,,,,,,,,AR,,,,PENDIENTE,,,PENDIENTE,semivariable,,PENDIENTE (SUP-17-08): no se inventa el reparto,mantenimiento,propio,servicios,,,BENCHMARK: todo valor es [SUPUESTO]/[PVDP] (SUP-17-06); base = CAPEX del bloque (19_capex); sin CAPEX con precio → BASE_SIN_PRECIO
MAN-ELEC-PREV,MANTENIMIENTO,elec,Mantenimiento preventivo — electricidad y automatización,activo-año,,,,,,,,,,,,AR,,,,PENDIENTE,,,PENDIENTE,semivariable,,PENDIENTE (SUP-17-08): no se inventa el reparto,mantenimiento,propio,servicios,,,"Método 'por_activo' (activo-año), 'horas_tecnicas' (hora) o 'contrato' (contrato-año); mano de obra propia en costo laboral (14A)"
MAN-ELEC-CORR,MANTENIMIENTO,elec,Mantenimiento correctivo — electricidad y automatización,activo-año,,,,,,,,,,,,AR,,,,PENDIENTE,,,PENDIENTE,semivariable,,PENDIENTE (SUP-17-08): no se inventa el reparto,mantenimiento,propio,servicios,,,"Método 'por_activo' (activo-año), 'horas_tecnicas' (hora) o 'contrato' (contrato-año); mano de obra propia en costo laboral (14A)"
MAN-ELEC-REP,MANTENIMIENTO,elec,Mantenimiento repuestos — electricidad y automatización,activo-año,,,,,,,,,,,,AR,,,,PENDIENTE,,,PENDIENTE,semivariable,,PENDIENTE (SUP-17-08): no se inventa el reparto,mantenimiento,comprado,servicios,,,"Método 'por_activo' (activo-año), 'horas_tecnicas' (hora) o 'contrato' (contrato-año); mano de obra propia en costo laboral (14A)"
MAN-ELEC-LUB,MANTENIMIENTO,elec,Mantenimiento lubricantes — electricidad y automatización,activo-año,,,,,,,,,,,,AR,,,,PENDIENTE,,,PENDIENTE,semivariable,,PENDIENTE (SUP-17-08): no se inventa el reparto,mantenimiento,comprado,servicios,,,"Método 'por_activo' (activo-año), 'horas_tecnicas' (hora) o 'contrato' (contrato-año); mano de obra propia en costo laboral (14A)"
MAN-ELEC-STEC,MANTENIMIENTO,elec,Mantenimiento servicios técnicos externos — electricidad y automatización,hora,,,,,,,,,,,,AR,,,,PENDIENTE,,,PENDIENTE,semivariable,,PENDIENTE (SUP-17-08): no se inventa el reparto,mantenimiento,tercerizado,servicios,,,"Método 'por_activo' (activo-año), 'horas_tecnicas' (hora) o 'contrato' (contrato-año); mano de obra propia en costo laboral (14A)"
MAN-ELEC-CONT,MANTENIMIENTO,elec,Mantenimiento contratos de mantenimiento — electricidad y automatización,contrato-año,,,,,,,,,,,,AR,,,,PENDIENTE,,,PENDIENTE,semivariable,,PENDIENTE (SUP-17-08): no se inventa el reparto,mantenimiento,tercerizado,servicios,,,"Método 'por_activo' (activo-año), 'horas_tecnicas' (hora) o 'contrato' (contrato-año); mano de obra propia en costo laboral (14A)"
MAN-ELEC-PCT,MANTENIMIENTO,elec,Mantenimiento total como % del CAPEX — electricidad y automatización,%,,,,,,,,,,,,AR,,,,PENDIENTE,,,PENDIENTE,semivariable,,PENDIENTE (SUP-17-08): no se inventa el reparto,mantenimiento,propio,servicios,,,BENCHMARK: todo valor es [SUPUESTO]/[PVDP] (SUP-17-06); base = CAPEX del bloque (19_capex); sin CAPEX con precio → BASE_SIN_PRECIO
MAN-UTIL-PREV,MANTENIMIENTO,util,Mantenimiento preventivo — utilities y efluentes,activo-año,,,,,,,,,,,,AR,,,,PENDIENTE,,,PENDIENTE,semivariable,,PENDIENTE (SUP-17-08): no se inventa el reparto,mantenimiento,propio,servicios,,,"Método 'por_activo' (activo-año), 'horas_tecnicas' (hora) o 'contrato' (contrato-año); mano de obra propia en costo laboral (14A)"
MAN-UTIL-CORR,MANTENIMIENTO,util,Mantenimiento correctivo — utilities y efluentes,activo-año,,,,,,,,,,,,AR,,,,PENDIENTE,,,PENDIENTE,semivariable,,PENDIENTE (SUP-17-08): no se inventa el reparto,mantenimiento,propio,servicios,,,"Método 'por_activo' (activo-año), 'horas_tecnicas' (hora) o 'contrato' (contrato-año); mano de obra propia en costo laboral (14A)"
MAN-UTIL-REP,MANTENIMIENTO,util,Mantenimiento repuestos — utilities y efluentes,activo-año,,,,,,,,,,,,AR,,,,PENDIENTE,,,PENDIENTE,semivariable,,PENDIENTE (SUP-17-08): no se inventa el reparto,mantenimiento,comprado,servicios,,,"Método 'por_activo' (activo-año), 'horas_tecnicas' (hora) o 'contrato' (contrato-año); mano de obra propia en costo laboral (14A)"
MAN-UTIL-LUB,MANTENIMIENTO,util,Mantenimiento lubricantes — utilities y efluentes,activo-año,,,,,,,,,,,,AR,,,,PENDIENTE,,,PENDIENTE,semivariable,,PENDIENTE (SUP-17-08): no se inventa el reparto,mantenimiento,comprado,servicios,,,"Método 'por_activo' (activo-año), 'horas_tecnicas' (hora) o 'contrato' (contrato-año); mano de obra propia en costo laboral (14A)"
MAN-UTIL-STEC,MANTENIMIENTO,util,Mantenimiento servicios técnicos externos — utilities y efluentes,hora,,,,,,,,,,,,AR,,,,PENDIENTE,,,PENDIENTE,semivariable,,PENDIENTE (SUP-17-08): no se inventa el reparto,mantenimiento,tercerizado,servicios,,,"Método 'por_activo' (activo-año), 'horas_tecnicas' (hora) o 'contrato' (contrato-año); mano de obra propia en costo laboral (14A)"
MAN-UTIL-CONT,MANTENIMIENTO,util,Mantenimiento contratos de mantenimiento — utilities y efluentes,contrato-año,,,,,,,,,,,,AR,,,,PENDIENTE,,,PENDIENTE,semivariable,,PENDIENTE (SUP-17-08): no se inventa el reparto,mantenimiento,tercerizado,servicios,,,"Método 'por_activo' (activo-año), 'horas_tecnicas' (hora) o 'contrato' (contrato-año); mano de obra propia en costo laboral (14A)"
MAN-UTIL-PCT,MANTENIMIENTO,util,Mantenimiento total como % del CAPEX — utilities y efluentes,%,,,,,,,,,,,,AR,,,,PENDIENTE,,,PENDIENTE,semivariable,,PENDIENTE (SUP-17-08): no se inventa el reparto,mantenimiento,propio,servicios,,,BENCHMARK: todo valor es [SUPUESTO]/[PVDP] (SUP-17-06); base = CAPEX del bloque (19_capex); sin CAPEX con precio → BASE_SIN_PRECIO
MAN-EDIF-PREV,MANTENIMIENTO,edif,Mantenimiento preventivo — edificios y obra civil,activo-año,,,,,,,,,,,,AR,,,,PENDIENTE,,,PENDIENTE,semivariable,,PENDIENTE (SUP-17-08): no se inventa el reparto,mantenimiento,propio,servicios,,,"Método 'por_activo' (activo-año), 'horas_tecnicas' (hora) o 'contrato' (contrato-año); mano de obra propia en costo laboral (14A)"
MAN-EDIF-CORR,MANTENIMIENTO,edif,Mantenimiento correctivo — edificios y obra civil,activo-año,,,,,,,,,,,,AR,,,,PENDIENTE,,,PENDIENTE,semivariable,,PENDIENTE (SUP-17-08): no se inventa el reparto,mantenimiento,propio,servicios,,,"Método 'por_activo' (activo-año), 'horas_tecnicas' (hora) o 'contrato' (contrato-año); mano de obra propia en costo laboral (14A)"
MAN-EDIF-REP,MANTENIMIENTO,edif,Mantenimiento repuestos — edificios y obra civil,activo-año,,,,,,,,,,,,AR,,,,PENDIENTE,,,PENDIENTE,semivariable,,PENDIENTE (SUP-17-08): no se inventa el reparto,mantenimiento,comprado,servicios,,,"Método 'por_activo' (activo-año), 'horas_tecnicas' (hora) o 'contrato' (contrato-año); mano de obra propia en costo laboral (14A)"
MAN-EDIF-LUB,MANTENIMIENTO,edif,Mantenimiento lubricantes — edificios y obra civil,activo-año,,,,,,,,,,,,AR,,,,PENDIENTE,,,PENDIENTE,semivariable,,PENDIENTE (SUP-17-08): no se inventa el reparto,mantenimiento,comprado,servicios,,,"Método 'por_activo' (activo-año), 'horas_tecnicas' (hora) o 'contrato' (contrato-año); mano de obra propia en costo laboral (14A)"
MAN-EDIF-STEC,MANTENIMIENTO,edif,Mantenimiento servicios técnicos externos — edificios y obra civil,hora,,,,,,,,,,,,AR,,,,PENDIENTE,,,PENDIENTE,semivariable,,PENDIENTE (SUP-17-08): no se inventa el reparto,mantenimiento,tercerizado,servicios,,,"Método 'por_activo' (activo-año), 'horas_tecnicas' (hora) o 'contrato' (contrato-año); mano de obra propia en costo laboral (14A)"
MAN-EDIF-CONT,MANTENIMIENTO,edif,Mantenimiento contratos de mantenimiento — edificios y obra civil,contrato-año,,,,,,,,,,,,AR,,,,PENDIENTE,,,PENDIENTE,semivariable,,PENDIENTE (SUP-17-08): no se inventa el reparto,mantenimiento,tercerizado,servicios,,,"Método 'por_activo' (activo-año), 'horas_tecnicas' (hora) o 'contrato' (contrato-año); mano de obra propia en costo laboral (14A)"
MAN-EDIF-PCT,MANTENIMIENTO,edif,Mantenimiento total como % del CAPEX — edificios y obra civil,%,,,,,,,,,,,,AR,,,,PENDIENTE,,,PENDIENTE,semivariable,,PENDIENTE (SUP-17-08): no se inventa el reparto,mantenimiento,propio,servicios,,,BENCHMARK: todo valor es [SUPUESTO]/[PVDP] (SUP-17-06); base = CAPEX del bloque (19_capex); sin CAPEX con precio → BASE_SIN_PRECIO
MAN-INC-PREV,MANTENIMIENTO,inc,Mantenimiento preventivo — incubadora,activo-año,,,,,,,,,,,,AR,,,,PENDIENTE,,,PENDIENTE,semivariable,,PENDIENTE (SUP-17-08): no se inventa el reparto,mantenimiento,propio,servicios,,,"Método 'por_activo' (activo-año), 'horas_tecnicas' (hora) o 'contrato' (contrato-año); mano de obra propia en costo laboral (14A)"
MAN-INC-CORR,MANTENIMIENTO,inc,Mantenimiento correctivo — incubadora,activo-año,,,,,,,,,,,,AR,,,,PENDIENTE,,,PENDIENTE,semivariable,,PENDIENTE (SUP-17-08): no se inventa el reparto,mantenimiento,propio,servicios,,,"Método 'por_activo' (activo-año), 'horas_tecnicas' (hora) o 'contrato' (contrato-año); mano de obra propia en costo laboral (14A)"
MAN-INC-REP,MANTENIMIENTO,inc,Mantenimiento repuestos — incubadora,activo-año,,,,,,,,,,,,AR,,,,PENDIENTE,,,PENDIENTE,semivariable,,PENDIENTE (SUP-17-08): no se inventa el reparto,mantenimiento,comprado,servicios,,,"Método 'por_activo' (activo-año), 'horas_tecnicas' (hora) o 'contrato' (contrato-año); mano de obra propia en costo laboral (14A)"
MAN-INC-LUB,MANTENIMIENTO,inc,Mantenimiento lubricantes — incubadora,activo-año,,,,,,,,,,,,AR,,,,PENDIENTE,,,PENDIENTE,semivariable,,PENDIENTE (SUP-17-08): no se inventa el reparto,mantenimiento,comprado,servicios,,,"Método 'por_activo' (activo-año), 'horas_tecnicas' (hora) o 'contrato' (contrato-año); mano de obra propia en costo laboral (14A)"
MAN-INC-STEC,MANTENIMIENTO,inc,Mantenimiento servicios técnicos externos — incubadora,hora,,,,,,,,,,,,AR,,,,PENDIENTE,,,PENDIENTE,semivariable,,PENDIENTE (SUP-17-08): no se inventa el reparto,mantenimiento,tercerizado,servicios,,,"Método 'por_activo' (activo-año), 'horas_tecnicas' (hora) o 'contrato' (contrato-año); mano de obra propia en costo laboral (14A)"
MAN-INC-CONT,MANTENIMIENTO,inc,Mantenimiento contratos de mantenimiento — incubadora,contrato-año,,,,,,,,,,,,AR,,,,PENDIENTE,,,PENDIENTE,semivariable,,PENDIENTE (SUP-17-08): no se inventa el reparto,mantenimiento,tercerizado,servicios,,,"Método 'por_activo' (activo-año), 'horas_tecnicas' (hora) o 'contrato' (contrato-año); mano de obra propia en costo laboral (14A)"
MAN-INC-PCT,MANTENIMIENTO,inc,Mantenimiento total como % del CAPEX — incubadora,%,,,,,,,,,,,,AR,,,,PENDIENTE,,,PENDIENTE,semivariable,,PENDIENTE (SUP-17-08): no se inventa el reparto,mantenimiento,propio,servicios,,,BENCHMARK: todo valor es [SUPUESTO]/[PVDP] (SUP-17-06); base = CAPEX del bloque (19_capex); sin CAPEX con precio → BASE_SIN_PRECIO
MAN-ALI-PREV,MANTENIMIENTO,ali,Mantenimiento preventivo — planta de alimento,activo-año,,,,,,,,,,,,AR,,,,PENDIENTE,,,PENDIENTE,semivariable,,PENDIENTE (SUP-17-08): no se inventa el reparto,mantenimiento,propio,servicios,,,"Método 'por_activo' (activo-año), 'horas_tecnicas' (hora) o 'contrato' (contrato-año); mano de obra propia en costo laboral (14A)"
MAN-ALI-CORR,MANTENIMIENTO,ali,Mantenimiento correctivo — planta de alimento,activo-año,,,,,,,,,,,,AR,,,,PENDIENTE,,,PENDIENTE,semivariable,,PENDIENTE (SUP-17-08): no se inventa el reparto,mantenimiento,propio,servicios,,,"Método 'por_activo' (activo-año), 'horas_tecnicas' (hora) o 'contrato' (contrato-año); mano de obra propia en costo laboral (14A)"
MAN-ALI-REP,MANTENIMIENTO,ali,Mantenimiento repuestos — planta de alimento,activo-año,,,,,,,,,,,,AR,,,,PENDIENTE,,,PENDIENTE,semivariable,,PENDIENTE (SUP-17-08): no se inventa el reparto,mantenimiento,comprado,servicios,,,"Método 'por_activo' (activo-año), 'horas_tecnicas' (hora) o 'contrato' (contrato-año); mano de obra propia en costo laboral (14A)"
MAN-ALI-LUB,MANTENIMIENTO,ali,Mantenimiento lubricantes — planta de alimento,activo-año,,,,,,,,,,,,AR,,,,PENDIENTE,,,PENDIENTE,semivariable,,PENDIENTE (SUP-17-08): no se inventa el reparto,mantenimiento,comprado,servicios,,,"Método 'por_activo' (activo-año), 'horas_tecnicas' (hora) o 'contrato' (contrato-año); mano de obra propia en costo laboral (14A)"
MAN-ALI-STEC,MANTENIMIENTO,ali,Mantenimiento servicios técnicos externos — planta de alimento,hora,,,,,,,,,,,,AR,,,,PENDIENTE,,,PENDIENTE,semivariable,,PENDIENTE (SUP-17-08): no se inventa el reparto,mantenimiento,tercerizado,servicios,,,"Método 'por_activo' (activo-año), 'horas_tecnicas' (hora) o 'contrato' (contrato-año); mano de obra propia en costo laboral (14A)"
MAN-ALI-CONT,MANTENIMIENTO,ali,Mantenimiento contratos de mantenimiento — planta de alimento,contrato-año,,,,,,,,,,,,AR,,,,PENDIENTE,,,PENDIENTE,semivariable,,PENDIENTE (SUP-17-08): no se inventa el reparto,mantenimiento,tercerizado,servicios,,,"Método 'por_activo' (activo-año), 'horas_tecnicas' (hora) o 'contrato' (contrato-año); mano de obra propia en costo laboral (14A)"
MAN-ALI-PCT,MANTENIMIENTO,ali,Mantenimiento total como % del CAPEX — planta de alimento,%,,,,,,,,,,,,AR,,,,PENDIENTE,,,PENDIENTE,semivariable,,PENDIENTE (SUP-17-08): no se inventa el reparto,mantenimiento,propio,servicios,,,BENCHMARK: todo valor es [SUPUESTO]/[PVDP] (SUP-17-06); base = CAPEX del bloque (19_capex); sin CAPEX con precio → BASE_SIN_PRECIO
MAN-GRA-PREV,MANTENIMIENTO,gra,Mantenimiento preventivo — granjas propias,activo-año,,,,,,,,,,,,AR,,,,PENDIENTE,,,PENDIENTE,semivariable,,PENDIENTE (SUP-17-08): no se inventa el reparto,mantenimiento,propio,servicios,,,"Método 'por_activo' (activo-año), 'horas_tecnicas' (hora) o 'contrato' (contrato-año); mano de obra propia en costo laboral (14A)"
MAN-GRA-CORR,MANTENIMIENTO,gra,Mantenimiento correctivo — granjas propias,activo-año,,,,,,,,,,,,AR,,,,PENDIENTE,,,PENDIENTE,semivariable,,PENDIENTE (SUP-17-08): no se inventa el reparto,mantenimiento,propio,servicios,,,"Método 'por_activo' (activo-año), 'horas_tecnicas' (hora) o 'contrato' (contrato-año); mano de obra propia en costo laboral (14A)"
MAN-GRA-REP,MANTENIMIENTO,gra,Mantenimiento repuestos — granjas propias,activo-año,,,,,,,,,,,,AR,,,,PENDIENTE,,,PENDIENTE,semivariable,,PENDIENTE (SUP-17-08): no se inventa el reparto,mantenimiento,comprado,servicios,,,"Método 'por_activo' (activo-año), 'horas_tecnicas' (hora) o 'contrato' (contrato-año); mano de obra propia en costo laboral (14A)"
MAN-GRA-LUB,MANTENIMIENTO,gra,Mantenimiento lubricantes — granjas propias,activo-año,,,,,,,,,,,,AR,,,,PENDIENTE,,,PENDIENTE,semivariable,,PENDIENTE (SUP-17-08): no se inventa el reparto,mantenimiento,comprado,servicios,,,"Método 'por_activo' (activo-año), 'horas_tecnicas' (hora) o 'contrato' (contrato-año); mano de obra propia en costo laboral (14A)"
MAN-GRA-STEC,MANTENIMIENTO,gra,Mantenimiento servicios técnicos externos — granjas propias,hora,,,,,,,,,,,,AR,,,,PENDIENTE,,,PENDIENTE,semivariable,,PENDIENTE (SUP-17-08): no se inventa el reparto,mantenimiento,tercerizado,servicios,,,"Método 'por_activo' (activo-año), 'horas_tecnicas' (hora) o 'contrato' (contrato-año); mano de obra propia en costo laboral (14A)"
MAN-GRA-CONT,MANTENIMIENTO,gra,Mantenimiento contratos de mantenimiento — granjas propias,contrato-año,,,,,,,,,,,,AR,,,,PENDIENTE,,,PENDIENTE,semivariable,,PENDIENTE (SUP-17-08): no se inventa el reparto,mantenimiento,tercerizado,servicios,,,"Método 'por_activo' (activo-año), 'horas_tecnicas' (hora) o 'contrato' (contrato-año); mano de obra propia en costo laboral (14A)"
MAN-GRA-PCT,MANTENIMIENTO,gra,Mantenimiento total como % del CAPEX — granjas propias,%,,,,,,,,,,,,AR,,,,PENDIENTE,,,PENDIENTE,semivariable,,PENDIENTE (SUP-17-08): no se inventa el reparto,mantenimiento,propio,servicios,,,BENCHMARK: todo valor es [SUPUESTO]/[PVDP] (SUP-17-06); base = CAPEX del bloque (19_capex); sin CAPEX con precio → BASE_SIN_PRECIO
CAL-ANA-MICRO,CALIDAD,analisis,Análisis microbiológicos de producto y superficies (laboratorio externo),análisis,,,,,,,,,,,,AR,,,,PENDIENTE,,,PENDIENTE,semivariable,,PENDIENTE (SUP-17-08): no se inventa el reparto,calidad,tercerizado,servicios,,,Plan de muestreo PENDIENTE
CAL-ANA-AGUA,CALIDAD,analisis,Análisis de agua de proceso,análisis,,,,,,,,,,,,AR,,,,PENDIENTE,,,PENDIENTE,semifijo,0,DEFINICION: cantidad por período (escalón de capacidad si semifijo),calidad,tercerizado,servicios,,,Frecuencia PENDIENTE
CAL-LAB-INS,CALIDAD,laboratorio,"Insumos de laboratorio propio (medios, reactivos, descartables)",año,,,,,,,,,,,,AR,,,,PENDIENTE,,,PENDIENTE,semifijo,0,DEFINICION: cantidad por período (escalón de capacidad si semifijo),calidad,comprado,servicios,,,Solo con laboratorio propio
CAL-CERT,CALIDAD,certificaciones,Certificaciones (BPM/HACCP/ISO u otras) — mantenimiento anual,año,,,,,,,,,,,,AR,,,,PENDIENTE,,,PENDIENTE,fijo,0,DEFINICION: cantidad por período (escalón de capacidad si semifijo),calidad,tercerizado,servicios,,,
CAL-AUD,CALIDAD,auditorias,Auditorías de clientes / segunda y tercera parte,año,,,,,,,,,,,,AR,,,,PENDIENTE,,,PENDIENTE,fijo,0,DEFINICION: cantidad por período (escalón de capacidad si semifijo),calidad,tercerizado,servicios,,,
CAL-DOC,CALIDAD,documentacion,Documentación y gestión documental,año,,,,,,,,,,,,AR,,,,PENDIENTE,,,PENDIENTE,fijo,0,DEFINICION: cantidad por período (escalón de capacidad si semifijo),calidad,comprado,servicios,,,
CAL-TRAZ,CALIDAD,trazabilidad,"Trazabilidad (software, licencias)",mes,,,,,,,,,,,,AR,,,,PENDIENTE,,,PENDIENTE,fijo,0,DEFINICION: cantidad por período (escalón de capacidad si semifijo),calidad,comprado,servicios,,,
CAL-SENASA,CALIDAD,senasa,"Tasas y aranceles SENASA (inspección, habilitación, certificación)",año,,,,,,,,,,,,AR,,,,PENDIENTE,,,PENDIENTE,semifijo,0,DEFINICION: cantidad por período (escalón de capacidad si semifijo),calidad,comprado,servicios,,,NO se inventa el costo de inspección: estructura y base PENDIENTES (DPV-101)
HAL-CERT,HALAL,opcional_mercado,Certificación halal,año,,,,,,,,,,,,AR,,,,PENDIENTE,,,OPCIONAL,semifijo,0,DEFINICION: cantidad por período (escalón de capacidad si semifijo),calidad,tercerizado,servicios,,,MÓDULO OPCIONAL DE MERCADO: sin costos asignados (sin evidencia)
HAL-AUD,HALAL,opcional_mercado,Auditoría halal,año,,,,,,,,,,,,AR,,,,PENDIENTE,,,OPCIONAL,semifijo,0,DEFINICION: cantidad por período (escalón de capacidad si semifijo),calidad,tercerizado,servicios,,,MÓDULO OPCIONAL DE MERCADO: sin costos asignados (sin evidencia)
HAL-SUP,HALAL,opcional_mercado,Supervisión / degolladores halal,año,,,,,,,,,,,,AR,,,,PENDIENTE,,,OPCIONAL,semifijo,0,DEFINICION: cantidad por período (escalón de capacidad si semifijo),calidad,tercerizado,servicios,,,MÓDULO OPCIONAL DE MERCADO: sin costos asignados (sin evidencia)
HAL-SEG,HALAL,opcional_mercado,Segregación,año,,,,,,,,,,,,AR,,,,PENDIENTE,,,OPCIONAL,semifijo,0,DEFINICION: cantidad por período (escalón de capacidad si semifijo),calidad,tercerizado,servicios,,,MÓDULO OPCIONAL DE MERCADO: sin costos asignados (sin evidencia)
HAL-DOC,HALAL,opcional_mercado,Documentación halal,año,,,,,,,,,,,,AR,,,,PENDIENTE,,,OPCIONAL,semifijo,0,DEFINICION: cantidad por período (escalón de capacidad si semifijo),calidad,tercerizado,servicios,,,MÓDULO OPCIONAL DE MERCADO: sin costos asignados (sin evidencia)
HAL-ETQ,HALAL,opcional_mercado,Etiquetado halal,año,,,,,,,,,,,,AR,,,,PENDIENTE,,,OPCIONAL,semifijo,0,DEFINICION: cantidad por período (escalón de capacidad si semifijo),calidad,tercerizado,servicios,,,MÓDULO OPCIONAL DE MERCADO: sin costos asignados (sin evidencia)
HAL-LOG,HALAL,opcional_mercado,Logística halal,año,,,,,,,,,,,,AR,,,,PENDIENTE,,,OPCIONAL,semifijo,0,DEFINICION: cantidad por período (escalón de capacidad si semifijo),calidad,tercerizado,servicios,,,MÓDULO OPCIONAL DE MERCADO: sin costos asignados (sin evidencia)
HAL-ANA,HALAL,opcional_mercado,Análisis para mercado halal,año,,,,,,,,,,,,AR,,,,PENDIENTE,,,OPCIONAL,semifijo,0,DEFINICION: cantidad por período (escalón de capacidad si semifijo),calidad,tercerizado,servicios,,,MÓDULO OPCIONAL DE MERCADO: sin costos asignados (sin evidencia)
ADM-CONT,ADMINISTRACION,estructura,Contabilidad / auditoría contable externa,mes,,,,,,,,,,,,AR,,,,PENDIENTE,,,PENDIENTE,fijo,0,DEFINICION: cantidad por período (escalón de capacidad si semifijo),administracion,tercerizado,servicios,,,Personal de estas áreas: costo laboral (14A)
ADM-LEG,ADMINISTRACION,estructura,Legales,mes,,,,,,,,,,,,AR,,,,PENDIENTE,,,PENDIENTE,fijo,0,DEFINICION: cantidad por período (escalón de capacidad si semifijo),administracion,tercerizado,servicios,,,Personal de estas áreas: costo laboral (14A)
ADM-SIS,ADMINISTRACION,estructura,"Sistemas (software de gestión, licencias)",mes,,,,,,,,,,,,AR,,,,PENDIENTE,,,PENDIENTE,fijo,0,DEFINICION: cantidad por período (escalón de capacidad si semifijo),administracion,tercerizado,servicios,,,Personal de estas áreas: costo laboral (14A)
ADM-COM,ADMINISTRACION,estructura,"Comunicaciones (telefonía, internet)",mes,,,,,,,,,,,,AR,,,,PENDIENTE,,,PENDIENTE,fijo,0,DEFINICION: cantidad por período (escalón de capacidad si semifijo),administracion,tercerizado,servicios,,,Personal de estas áreas: costo laboral (14A)
ADM-SEGUR,ADMINISTRACION,estructura,Seguridad / vigilancia,mes,,,,,,,,,,,,AR,,,,PENDIENTE,,,PENDIENTE,fijo,0,DEFINICION: cantidad por período (escalón de capacidad si semifijo),servicios_generales,tercerizado,servicios,,,Personal de estas áreas: costo laboral (14A)
ADM-LIMP,ADMINISTRACION,estructura,Limpieza administrativa,mes,,,,,,,,,,,,AR,,,,PENDIENTE,,,PENDIENTE,fijo,0,DEFINICION: cantidad por período (escalón de capacidad si semifijo),servicios_generales,tercerizado,servicios,,,Personal de estas áreas: costo laboral (14A)
ADM-HYS,ADMINISTRACION,estructura,Higiene y seguridad laboral (servicio externo),mes,,,,,,,,,,,,AR,,,,PENDIENTE,,,PENDIENTE,fijo,0,DEFINICION: cantidad por período (escalón de capacidad si semifijo),administracion,tercerizado,servicios,,,Personal de estas áreas: costo laboral (14A)
ADM-OTR,ADMINISTRACION,estructura,Otros gastos administrativos,mes,,,,,,,,,,,,AR,,,,PENDIENTE,,,PENDIENTE,fijo,0,DEFINICION: cantidad por período (escalón de capacidad si semifijo),administracion,tercerizado,servicios,,,Personal de estas áreas: costo laboral (14A)
COM-MKT,COMERCIAL,estructura,Marketing y promoción,mes,,,,,,,,,,,,AR,,,,PENDIENTE,,,PENDIENTE,fijo,0,DEFINICION: cantidad por período (escalón de capacidad si semifijo),comercial,tercerizado,servicios,,,Personal de estas áreas: costo laboral (14A)
COM-VIAJ,COMERCIAL,estructura,Viajes y viáticos comerciales,mes,,,,,,,,,,,,AR,,,,PENDIENTE,,,PENDIENTE,fijo,0,DEFINICION: cantidad por período (escalón de capacidad si semifijo),comercial,tercerizado,servicios,,,Personal de estas áreas: costo laboral (14A)
SEG-PLANTA,SEGUROS,polizas,Planta (todo riesgo operativo / edificio y equipos),año,,,,,,,,,,,,AR,,,,PENDIENTE,,,PENDIENTE,fijo,0,DEFINICION: cantidad por período (escalón de capacidad si semifijo),administracion,comprado,servicios,,,Prima anual por póliza; no se usa % global sin evidencia. ART: en costo laboral
SEG-INC,SEGUROS,polizas,Incendio,año,,,,,,,,,,,,AR,,,,PENDIENTE,,,PENDIENTE,fijo,0,DEFINICION: cantidad por período (escalón de capacidad si semifijo),administracion,comprado,servicios,,,Prima anual por póliza; no se usa % global sin evidencia. ART: en costo laboral
SEG-RC,SEGUROS,polizas,Responsabilidad civil (incluye producto),año,,,,,,,,,,,,AR,,,,PENDIENTE,,,PENDIENTE,fijo,0,DEFINICION: cantidad por período (escalón de capacidad si semifijo),administracion,comprado,servicios,,,Prima anual por póliza; no se usa % global sin evidencia. ART: en costo laboral
SEG-MERC,SEGUROS,polizas,Mercadería en stock y en tránsito,año,,,,,,,,,,,,AR,,,,PENDIENTE,,,PENDIENTE,fijo,0,DEFINICION: cantidad por período (escalón de capacidad si semifijo),administracion,comprado,servicios,,,Prima anual por póliza; no se usa % global sin evidencia. ART: en costo laboral
SEG-INT,SEGUROS,polizas,Interrupción de negocio,año,,,,,,,,,,,,AR,,,,PENDIENTE,,,PENDIENTE,fijo,0,DEFINICION: cantidad por período (escalón de capacidad si semifijo),administracion,comprado,servicios,,,Prima anual por póliza; no se usa % global sin evidencia. ART: en costo laboral
SEG-GRA,SEGUROS,polizas,Granjas propias,año,,,,,,,,,,,,AR,,,,PENDIENTE,,,PENDIENTE,fijo,0,DEFINICION: cantidad por período (escalón de capacidad si semifijo),administracion,comprado,servicios,,,Prima anual por póliza; no se usa % global sin evidencia. ART: en costo laboral
SEG-OTR,SEGUROS,polizas,Otros seguros,año,,,,,,,,,,,,AR,,,,PENDIENTE,,,PENDIENTE,fijo,0,DEFINICION: cantidad por período (escalón de capacidad si semifijo),administracion,comprado,servicios,,,Prima anual por póliza; no se usa % global sin evidencia. ART: en costo laboral
SEG-FLOTA-POL,SEGUROS,flota,Seguro de vehículos propios (pollitos BB),vehículo-año,,,,,,,,,,,,AR,,,,PENDIENTE,,,PENDIENTE,semifijo,0,DEFINICION: cantidad por período (escalón de capacidad si semifijo),logistica,comprado,servicios,,,
SEG-FLOTA-HUE,SEGUROS,flota,Seguro de vehículos propios (huevo fértil),vehículo-año,,,,,,,,,,,,AR,,,,PENDIENTE,,,PENDIENTE,semifijo,0,DEFINICION: cantidad por período (escalón de capacidad si semifijo),logistica,comprado,servicios,,,
SEG-FLOTA-ALI,SEGUROS,flota,Seguro de vehículos propios (alimento),vehículo-año,,,,,,,,,,,,AR,,,,PENDIENTE,,,PENDIENTE,semifijo,0,DEFINICION: cantidad por período (escalón de capacidad si semifijo),logistica,comprado,servicios,,,
SEG-FLOTA-GRA,SEGUROS,flota,Seguro de vehículos propios (grano),vehículo-año,,,,,,,,,,,,AR,,,,PENDIENTE,,,PENDIENTE,semifijo,0,DEFINICION: cantidad por período (escalón de capacidad si semifijo),logistica,comprado,servicios,,,
SEG-FLOTA-VIV,SEGUROS,flota,Seguro de vehículos propios (aves vivas),vehículo-año,,,,,,,,,,,,AR,,,,PENDIENTE,,,PENDIENTE,semifijo,0,DEFINICION: cantidad por período (escalón de capacidad si semifijo),logistica,comprado,servicios,,,
SEG-FLOTA-REF,SEGUROS,flota,Seguro de vehículos propios (producto refrigerado),vehículo-año,,,,,,,,,,,,AR,,,,PENDIENTE,,,PENDIENTE,semifijo,0,DEFINICION: cantidad por período (escalón de capacidad si semifijo),logistica,comprado,servicios,,,
SEG-FLOTA-CON,SEGUROS,flota,Seguro de vehículos propios (producto congelado),vehículo-año,,,,,,,,,,,,AR,,,,PENDIENTE,,,PENDIENTE,semifijo,0,DEFINICION: cantidad por período (escalón de capacidad si semifijo),logistica,comprado,servicios,,,
SEG-FLOTA-SUB,SEGUROS,flota,Seguro de vehículos propios (subproductos),vehículo-año,,,,,,,,,,,,AR,,,,PENDIENTE,,,PENDIENTE,semifijo,0,DEFINICION: cantidad por período (escalón de capacidad si semifijo),logistica,comprado,servicios,,,
LAB-CONV_DIR-SAL,COSTO_LABORAL,conv_dir,Salario básico mensual — personal directo de convenio,mes,,,,,,,,,,,,AR,,,,PENDIENTE,,,PENDIENTE,semifijo,0,DEFINICION: cantidad por período (escalón de capacidad si semifijo),administracion,interno,personal,,,Componente del costo empresa por FTE; NO cargar sin fuente (DPV-148)
LAB-CONV_DIR-CAR,COSTO_LABORAL,conv_dir,Cargas sociales (contribuciones patronales) — personal directo de convenio,%,,,,,,,,,,,,AR,,,,PENDIENTE,,,PENDIENTE,semifijo,0,DEFINICION: cantidad por período (escalón de capacidad si semifijo),administracion,interno,personal,,,Componente del costo empresa por FTE; NO cargar sin fuente (DPV-148)
LAB-CONV_DIR-ADI,COSTO_LABORAL,conv_dir,"Adicionales (presentismo, antigüedad, nocturnidad, otros) — personal directo de convenio",%,,,,,,,,,,,,AR,,,,PENDIENTE,,,PENDIENTE,semifijo,0,DEFINICION: cantidad por período (escalón de capacidad si semifijo),administracion,interno,personal,,,Componente del costo empresa por FTE; NO cargar sin fuente (DPV-148)
LAB-CONV_DIR-ART,COSTO_LABORAL,conv_dir,ART (alícuota) — personal directo de convenio,%,,,,,,,,,,,,AR,,,,PENDIENTE,,,PENDIENTE,semifijo,0,DEFINICION: cantidad por período (escalón de capacidad si semifijo),administracion,interno,personal,,,Componente del costo empresa por FTE; NO cargar sin fuente (DPV-148)
LAB-CONV_DIR-BEN,COSTO_LABORAL,conv_dir,"Beneficios (comedor, transporte, otros) — personal directo de convenio",mes,,,,,,,,,,,,AR,,,,PENDIENTE,,,PENDIENTE,semifijo,0,DEFINICION: cantidad por período (escalón de capacidad si semifijo),administracion,interno,personal,,,Componente del costo empresa por FTE; NO cargar sin fuente (DPV-148)
LAB-CONV_DIR-EPP,COSTO_LABORAL,conv_dir,Uniforme y EPP — personal directo de convenio,FTE-año,,,,,,,,,,,,AR,,,,PENDIENTE,,,PENDIENTE,semifijo,0,DEFINICION: cantidad por período (escalón de capacidad si semifijo),administracion,interno,personal,,,Componente del costo empresa por FTE; NO cargar sin fuente (DPV-148)
LAB-CONV_DIR-CAP,COSTO_LABORAL,conv_dir,Capacitación — personal directo de convenio,FTE-año,,,,,,,,,,,,AR,,,,PENDIENTE,,,PENDIENTE,semifijo,0,DEFINICION: cantidad por período (escalón de capacidad si semifijo),administracion,interno,personal,,,Componente del costo empresa por FTE; NO cargar sin fuente (DPV-148)
LAB-CONV_SOP-SAL,COSTO_LABORAL,conv_sop,"Salario básico mensual — soporte de convenio (limpieza, mantenimiento, depósito)",mes,,,,,,,,,,,,AR,,,,PENDIENTE,,,PENDIENTE,semifijo,0,DEFINICION: cantidad por período (escalón de capacidad si semifijo),administracion,interno,personal,,,Componente del costo empresa por FTE; NO cargar sin fuente (DPV-148)
LAB-CONV_SOP-CAR,COSTO_LABORAL,conv_sop,"Cargas sociales (contribuciones patronales) — soporte de convenio (limpieza, mantenimiento, depósito)",%,,,,,,,,,,,,AR,,,,PENDIENTE,,,PENDIENTE,semifijo,0,DEFINICION: cantidad por período (escalón de capacidad si semifijo),administracion,interno,personal,,,Componente del costo empresa por FTE; NO cargar sin fuente (DPV-148)
LAB-CONV_SOP-ADI,COSTO_LABORAL,conv_sop,"Adicionales (presentismo, antigüedad, nocturnidad, otros) — soporte de convenio (limpieza, mantenimiento, depósito)",%,,,,,,,,,,,,AR,,,,PENDIENTE,,,PENDIENTE,semifijo,0,DEFINICION: cantidad por período (escalón de capacidad si semifijo),administracion,interno,personal,,,Componente del costo empresa por FTE; NO cargar sin fuente (DPV-148)
LAB-CONV_SOP-ART,COSTO_LABORAL,conv_sop,"ART (alícuota) — soporte de convenio (limpieza, mantenimiento, depósito)",%,,,,,,,,,,,,AR,,,,PENDIENTE,,,PENDIENTE,semifijo,0,DEFINICION: cantidad por período (escalón de capacidad si semifijo),administracion,interno,personal,,,Componente del costo empresa por FTE; NO cargar sin fuente (DPV-148)
LAB-CONV_SOP-BEN,COSTO_LABORAL,conv_sop,"Beneficios (comedor, transporte, otros) — soporte de convenio (limpieza, mantenimiento, depósito)",mes,,,,,,,,,,,,AR,,,,PENDIENTE,,,PENDIENTE,semifijo,0,DEFINICION: cantidad por período (escalón de capacidad si semifijo),administracion,interno,personal,,,Componente del costo empresa por FTE; NO cargar sin fuente (DPV-148)
LAB-CONV_SOP-EPP,COSTO_LABORAL,conv_sop,"Uniforme y EPP — soporte de convenio (limpieza, mantenimiento, depósito)",FTE-año,,,,,,,,,,,,AR,,,,PENDIENTE,,,PENDIENTE,semifijo,0,DEFINICION: cantidad por período (escalón de capacidad si semifijo),administracion,interno,personal,,,Componente del costo empresa por FTE; NO cargar sin fuente (DPV-148)
LAB-CONV_SOP-CAP,COSTO_LABORAL,conv_sop,"Capacitación — soporte de convenio (limpieza, mantenimiento, depósito)",FTE-año,,,,,,,,,,,,AR,,,,PENDIENTE,,,PENDIENTE,semifijo,0,DEFINICION: cantidad por período (escalón de capacidad si semifijo),administracion,interno,personal,,,Componente del costo empresa por FTE; NO cargar sin fuente (DPV-148)
LAB-FC_SUP-SAL,COSTO_LABORAL,fc_sup,Salario básico mensual — supervisión fuera de convenio,mes,,,,,,,,,,,,AR,,,,PENDIENTE,,,PENDIENTE,semifijo,0,DEFINICION: cantidad por período (escalón de capacidad si semifijo),administracion,interno,personal,,,Componente del costo empresa por FTE; NO cargar sin fuente (DPV-148)
LAB-FC_SUP-CAR,COSTO_LABORAL,fc_sup,Cargas sociales (contribuciones patronales) — supervisión fuera de convenio,%,,,,,,,,,,,,AR,,,,PENDIENTE,,,PENDIENTE,semifijo,0,DEFINICION: cantidad por período (escalón de capacidad si semifijo),administracion,interno,personal,,,Componente del costo empresa por FTE; NO cargar sin fuente (DPV-148)
LAB-FC_SUP-ADI,COSTO_LABORAL,fc_sup,"Adicionales (presentismo, antigüedad, nocturnidad, otros) — supervisión fuera de convenio",%,,,,,,,,,,,,AR,,,,PENDIENTE,,,PENDIENTE,semifijo,0,DEFINICION: cantidad por período (escalón de capacidad si semifijo),administracion,interno,personal,,,Componente del costo empresa por FTE; NO cargar sin fuente (DPV-148)
LAB-FC_SUP-ART,COSTO_LABORAL,fc_sup,ART (alícuota) — supervisión fuera de convenio,%,,,,,,,,,,,,AR,,,,PENDIENTE,,,PENDIENTE,semifijo,0,DEFINICION: cantidad por período (escalón de capacidad si semifijo),administracion,interno,personal,,,Componente del costo empresa por FTE; NO cargar sin fuente (DPV-148)
LAB-FC_SUP-BEN,COSTO_LABORAL,fc_sup,"Beneficios (comedor, transporte, otros) — supervisión fuera de convenio",mes,,,,,,,,,,,,AR,,,,PENDIENTE,,,PENDIENTE,semifijo,0,DEFINICION: cantidad por período (escalón de capacidad si semifijo),administracion,interno,personal,,,Componente del costo empresa por FTE; NO cargar sin fuente (DPV-148)
LAB-FC_SUP-EPP,COSTO_LABORAL,fc_sup,Uniforme y EPP — supervisión fuera de convenio,FTE-año,,,,,,,,,,,,AR,,,,PENDIENTE,,,PENDIENTE,semifijo,0,DEFINICION: cantidad por período (escalón de capacidad si semifijo),administracion,interno,personal,,,Componente del costo empresa por FTE; NO cargar sin fuente (DPV-148)
LAB-FC_SUP-CAP,COSTO_LABORAL,fc_sup,Capacitación — supervisión fuera de convenio,FTE-año,,,,,,,,,,,,AR,,,,PENDIENTE,,,PENDIENTE,semifijo,0,DEFINICION: cantidad por período (escalón de capacidad si semifijo),administracion,interno,personal,,,Componente del costo empresa por FTE; NO cargar sin fuente (DPV-148)
LAB-FC_PRO-SAL,COSTO_LABORAL,fc_pro,Salario básico mensual — profesionales / técnicos fuera de convenio,mes,,,,,,,,,,,,AR,,,,PENDIENTE,,,PENDIENTE,semifijo,0,DEFINICION: cantidad por período (escalón de capacidad si semifijo),administracion,interno,personal,,,Componente del costo empresa por FTE; NO cargar sin fuente (DPV-148)
LAB-FC_PRO-CAR,COSTO_LABORAL,fc_pro,Cargas sociales (contribuciones patronales) — profesionales / técnicos fuera de convenio,%,,,,,,,,,,,,AR,,,,PENDIENTE,,,PENDIENTE,semifijo,0,DEFINICION: cantidad por período (escalón de capacidad si semifijo),administracion,interno,personal,,,Componente del costo empresa por FTE; NO cargar sin fuente (DPV-148)
LAB-FC_PRO-ADI,COSTO_LABORAL,fc_pro,"Adicionales (presentismo, antigüedad, nocturnidad, otros) — profesionales / técnicos fuera de convenio",%,,,,,,,,,,,,AR,,,,PENDIENTE,,,PENDIENTE,semifijo,0,DEFINICION: cantidad por período (escalón de capacidad si semifijo),administracion,interno,personal,,,Componente del costo empresa por FTE; NO cargar sin fuente (DPV-148)
LAB-FC_PRO-ART,COSTO_LABORAL,fc_pro,ART (alícuota) — profesionales / técnicos fuera de convenio,%,,,,,,,,,,,,AR,,,,PENDIENTE,,,PENDIENTE,semifijo,0,DEFINICION: cantidad por período (escalón de capacidad si semifijo),administracion,interno,personal,,,Componente del costo empresa por FTE; NO cargar sin fuente (DPV-148)
LAB-FC_PRO-BEN,COSTO_LABORAL,fc_pro,"Beneficios (comedor, transporte, otros) — profesionales / técnicos fuera de convenio",mes,,,,,,,,,,,,AR,,,,PENDIENTE,,,PENDIENTE,semifijo,0,DEFINICION: cantidad por período (escalón de capacidad si semifijo),administracion,interno,personal,,,Componente del costo empresa por FTE; NO cargar sin fuente (DPV-148)
LAB-FC_PRO-EPP,COSTO_LABORAL,fc_pro,Uniforme y EPP — profesionales / técnicos fuera de convenio,FTE-año,,,,,,,,,,,,AR,,,,PENDIENTE,,,PENDIENTE,semifijo,0,DEFINICION: cantidad por período (escalón de capacidad si semifijo),administracion,interno,personal,,,Componente del costo empresa por FTE; NO cargar sin fuente (DPV-148)
LAB-FC_PRO-CAP,COSTO_LABORAL,fc_pro,Capacitación — profesionales / técnicos fuera de convenio,FTE-año,,,,,,,,,,,,AR,,,,PENDIENTE,,,PENDIENTE,semifijo,0,DEFINICION: cantidad por período (escalón de capacidad si semifijo),administracion,interno,personal,,,Componente del costo empresa por FTE; NO cargar sin fuente (DPV-148)
LAB-FC_ADM-SAL,COSTO_LABORAL,fc_adm,Salario básico mensual — administración y comercial fuera de convenio,mes,,,,,,,,,,,,AR,,,,PENDIENTE,,,PENDIENTE,semifijo,0,DEFINICION: cantidad por período (escalón de capacidad si semifijo),administracion,interno,personal,,,Componente del costo empresa por FTE; NO cargar sin fuente (DPV-148)
LAB-FC_ADM-CAR,COSTO_LABORAL,fc_adm,Cargas sociales (contribuciones patronales) — administración y comercial fuera de convenio,%,,,,,,,,,,,,AR,,,,PENDIENTE,,,PENDIENTE,semifijo,0,DEFINICION: cantidad por período (escalón de capacidad si semifijo),administracion,interno,personal,,,Componente del costo empresa por FTE; NO cargar sin fuente (DPV-148)
LAB-FC_ADM-ADI,COSTO_LABORAL,fc_adm,"Adicionales (presentismo, antigüedad, nocturnidad, otros) — administración y comercial fuera de convenio",%,,,,,,,,,,,,AR,,,,PENDIENTE,,,PENDIENTE,semifijo,0,DEFINICION: cantidad por período (escalón de capacidad si semifijo),administracion,interno,personal,,,Componente del costo empresa por FTE; NO cargar sin fuente (DPV-148)
LAB-FC_ADM-ART,COSTO_LABORAL,fc_adm,ART (alícuota) — administración y comercial fuera de convenio,%,,,,,,,,,,,,AR,,,,PENDIENTE,,,PENDIENTE,semifijo,0,DEFINICION: cantidad por período (escalón de capacidad si semifijo),administracion,interno,personal,,,Componente del costo empresa por FTE; NO cargar sin fuente (DPV-148)
LAB-FC_ADM-BEN,COSTO_LABORAL,fc_adm,"Beneficios (comedor, transporte, otros) — administración y comercial fuera de convenio",mes,,,,,,,,,,,,AR,,,,PENDIENTE,,,PENDIENTE,semifijo,0,DEFINICION: cantidad por período (escalón de capacidad si semifijo),administracion,interno,personal,,,Componente del costo empresa por FTE; NO cargar sin fuente (DPV-148)
LAB-FC_ADM-EPP,COSTO_LABORAL,fc_adm,Uniforme y EPP — administración y comercial fuera de convenio,FTE-año,,,,,,,,,,,,AR,,,,PENDIENTE,,,PENDIENTE,semifijo,0,DEFINICION: cantidad por período (escalón de capacidad si semifijo),administracion,interno,personal,,,Componente del costo empresa por FTE; NO cargar sin fuente (DPV-148)
LAB-FC_ADM-CAP,COSTO_LABORAL,fc_adm,Capacitación — administración y comercial fuera de convenio,FTE-año,,,,,,,,,,,,AR,,,,PENDIENTE,,,PENDIENTE,semifijo,0,DEFINICION: cantidad por período (escalón de capacidad si semifijo),administracion,interno,personal,,,Componente del costo empresa por FTE; NO cargar sin fuente (DPV-148)
LAB-DIR-SAL,COSTO_LABORAL,dir,Salario básico mensual — dirección,mes,,,,,,,,,,,,AR,,,,PENDIENTE,,,PENDIENTE,semifijo,0,DEFINICION: cantidad por período (escalón de capacidad si semifijo),administracion,interno,personal,,,Componente del costo empresa por FTE; NO cargar sin fuente (DPV-148)
LAB-DIR-CAR,COSTO_LABORAL,dir,Cargas sociales (contribuciones patronales) — dirección,%,,,,,,,,,,,,AR,,,,PENDIENTE,,,PENDIENTE,semifijo,0,DEFINICION: cantidad por período (escalón de capacidad si semifijo),administracion,interno,personal,,,Componente del costo empresa por FTE; NO cargar sin fuente (DPV-148)
LAB-DIR-ADI,COSTO_LABORAL,dir,"Adicionales (presentismo, antigüedad, nocturnidad, otros) — dirección",%,,,,,,,,,,,,AR,,,,PENDIENTE,,,PENDIENTE,semifijo,0,DEFINICION: cantidad por período (escalón de capacidad si semifijo),administracion,interno,personal,,,Componente del costo empresa por FTE; NO cargar sin fuente (DPV-148)
LAB-DIR-ART,COSTO_LABORAL,dir,ART (alícuota) — dirección,%,,,,,,,,,,,,AR,,,,PENDIENTE,,,PENDIENTE,semifijo,0,DEFINICION: cantidad por período (escalón de capacidad si semifijo),administracion,interno,personal,,,Componente del costo empresa por FTE; NO cargar sin fuente (DPV-148)
LAB-DIR-BEN,COSTO_LABORAL,dir,"Beneficios (comedor, transporte, otros) — dirección",mes,,,,,,,,,,,,AR,,,,PENDIENTE,,,PENDIENTE,semifijo,0,DEFINICION: cantidad por período (escalón de capacidad si semifijo),administracion,interno,personal,,,Componente del costo empresa por FTE; NO cargar sin fuente (DPV-148)
LAB-DIR-EPP,COSTO_LABORAL,dir,Uniforme y EPP — dirección,FTE-año,,,,,,,,,,,,AR,,,,PENDIENTE,,,PENDIENTE,semifijo,0,DEFINICION: cantidad por período (escalón de capacidad si semifijo),administracion,interno,personal,,,Componente del costo empresa por FTE; NO cargar sin fuente (DPV-148)
LAB-DIR-CAP,COSTO_LABORAL,dir,Capacitación — dirección,FTE-año,,,,,,,,,,,,AR,,,,PENDIENTE,,,PENDIENTE,semifijo,0,DEFINICION: cantidad por período (escalón de capacidad si semifijo),administracion,interno,personal,,,Componente del costo empresa por FTE; NO cargar sin fuente (DPV-148)
LAB-CHOF-SAL,COSTO_LABORAL,chof,Salario básico mensual — choferes (CCT 40/89 [PVDP]),mes,,,,,,,,,,,,AR,,,,PENDIENTE,,,PENDIENTE,semifijo,0,DEFINICION: cantidad por período (escalón de capacidad si semifijo),administracion,interno,personal,,,Componente del costo empresa por FTE; NO cargar sin fuente (DPV-148)
LAB-CHOF-CAR,COSTO_LABORAL,chof,Cargas sociales (contribuciones patronales) — choferes (CCT 40/89 [PVDP]),%,,,,,,,,,,,,AR,,,,PENDIENTE,,,PENDIENTE,semifijo,0,DEFINICION: cantidad por período (escalón de capacidad si semifijo),administracion,interno,personal,,,Componente del costo empresa por FTE; NO cargar sin fuente (DPV-148)
LAB-CHOF-ADI,COSTO_LABORAL,chof,"Adicionales (presentismo, antigüedad, nocturnidad, otros) — choferes (CCT 40/89 [PVDP])",%,,,,,,,,,,,,AR,,,,PENDIENTE,,,PENDIENTE,semifijo,0,DEFINICION: cantidad por período (escalón de capacidad si semifijo),administracion,interno,personal,,,Componente del costo empresa por FTE; NO cargar sin fuente (DPV-148)
LAB-CHOF-ART,COSTO_LABORAL,chof,ART (alícuota) — choferes (CCT 40/89 [PVDP]),%,,,,,,,,,,,,AR,,,,PENDIENTE,,,PENDIENTE,semifijo,0,DEFINICION: cantidad por período (escalón de capacidad si semifijo),administracion,interno,personal,,,Componente del costo empresa por FTE; NO cargar sin fuente (DPV-148)
LAB-CHOF-BEN,COSTO_LABORAL,chof,"Beneficios (comedor, transporte, otros) — choferes (CCT 40/89 [PVDP])",mes,,,,,,,,,,,,AR,,,,PENDIENTE,,,PENDIENTE,semifijo,0,DEFINICION: cantidad por período (escalón de capacidad si semifijo),administracion,interno,personal,,,Componente del costo empresa por FTE; NO cargar sin fuente (DPV-148)
LAB-CHOF-EPP,COSTO_LABORAL,chof,Uniforme y EPP — choferes (CCT 40/89 [PVDP]),FTE-año,,,,,,,,,,,,AR,,,,PENDIENTE,,,PENDIENTE,semifijo,0,DEFINICION: cantidad por período (escalón de capacidad si semifijo),administracion,interno,personal,,,Componente del costo empresa por FTE; NO cargar sin fuente (DPV-148)
LAB-CHOF-CAP,COSTO_LABORAL,chof,Capacitación — choferes (CCT 40/89 [PVDP]),FTE-año,,,,,,,,,,,,AR,,,,PENDIENTE,,,PENDIENTE,semifijo,0,DEFINICION: cantidad por período (escalón de capacidad si semifijo),administracion,interno,personal,,,Componente del costo empresa por FTE; NO cargar sin fuente (DPV-148)
LAB-PARAM-MESES,COSTO_LABORAL,parametro,Meses remunerados por año (12 + SAC),meses,13,,,,NA,,,,,,,AR,parametro_legal,,,E4,No,FTE-17-008,CON_PRECIO,fijo,0,DEFINICION: cantidad por período (escalón de capacidad si semifijo),administracion,interno,personal,,,[PVDP] SAC = Ley 20.744 arts. 121–122 (no leído en original); equivale a 13 sueldos/año
LAB-TER-LIMP,COSTO_LABORAL,tercerizado,Hora contratada de servicio tercerizado — limpieza,hora,,,,,,,,,,,,AR,,,,PENDIENTE,,,PENDIENTE,variable,100,DEFINICION: cantidad proporcional al volumen,faena,tercerizado,servicios,,,Las horas NO desaparecen al tercerizar (14A); tarifa PENDIENTE
LAB-TER-MANT,COSTO_LABORAL,tercerizado,Hora contratada de servicio tercerizado — mantenimiento,hora,,,,,,,,,,,,AR,,,,PENDIENTE,,,PENDIENTE,variable,100,DEFINICION: cantidad proporcional al volumen,mantenimiento,tercerizado,servicios,,,Las horas NO desaparecen al tercerizar (14A); tarifa PENDIENTE
LAB-TER-LOG,COSTO_LABORAL,tercerizado,Hora contratada de servicio tercerizado — logística (choferes con flota propia de tercero),hora,,,,,,,,,,,,AR,,,,PENDIENTE,,,PENDIENTE,variable,100,DEFINICION: cantidad proporcional al volumen,logistica,tercerizado,servicios,,,Las horas NO desaparecen al tercerizar (14A); tarifa PENDIENTE
LAB-TER-OTR,COSTO_LABORAL,tercerizado,Hora contratada de servicio tercerizado — otros servicios,hora,,,,,,,,,,,,AR,,,,PENDIENTE,,,PENDIENTE,variable,100,DEFINICION: cantidad proporcional al volumen,servicios_generales,tercerizado,servicios,,,Las horas NO desaparecen al tercerizar (14A); tarifa PENDIENTE
REF-SOJA-POROTO,REFERENCIA,granos,Soja poroto (pizarra Rosario),t,560000,,,,ARS,,,,,,2026-09-01,AR,pizarra_camara_arbitral,,,E4,No,FTE-17-005,REFERENCIA,variable,100,DEFINICION: cantidad proporcional al volumen,alimento,comprado,granos,,,[PVDP] ARS 560.000/t (2026-09-01): NO es harina de soja; no se usa
REF-HSOJA-INT,REFERENCIA,granos,Harina de soja — futuros internacionales (sep-2026),t,461.95,,,,USD,1,,,,461.95,2026-09,INT,futuro_internacional,,,E4,No,FTE-17-006,REFERENCIA,variable,100,DEFINICION: cantidad proporcional al volumen,alimento,comprado,granos,,,"[PVDP] USD 461,95/t: mercado y punto de entrega distintos del interno; no se usa"
REF-POL-CONTRA,REFERENCIA,pollitos,"Pollito BB parrillero: extracto contradictorio ('$ 16/unidad', 2026-09-13)",pollito,16,,,,ARS,,,,,,2026-09-13,AR,precio_referencia_camara,,,E4,No,FTE-17-007,DESCARTADO,variable,100,DEFINICION: cantidad proporcional al volumen,produccion_primaria,comprado,pollitos,,,DESCARTADO: incompatible con ARS 1.312 (jul-2026) de la misma cámara; probable página antigua mal fechada. Regla 16
