AMBITO,DPV_EXISTEN,DPV_VINCULADOS,EMPATE,ITEM,NUEVA,ORIGEN_RANKING,QUE_HACER_AHORA,RANK_COMPARTIDO,RAZON,UNIVERSO
ARTIFICIAL_TEST,SÍ,"DPV-013, DPV-039, DPV-070","EMPATE entre 2 ítems por capacidad de cambiar la decisión y amplitud del VAN: sin desempate (pendiente de sensibilidad, magnitud económica, impacto en la decisión y costo del dato)",PRECIOS,NO,PRIORIDAD_ESCENARIO (sensibilidad),"Relevar precios por producto × canal × mercado (lista, descuentos, plazos) y cargarlos en 21_modelo_financiero/base_precios_venta.csv",1,"amplitud VAN 39,158; puede cambiar la decisión: SÍ",ARTIFICIAL_TEST
ARTIFICIAL_TEST,SÍ,DEC-090,,RAMPUP,NO,PRIORIDAD_ESCENARIO (sensibilidad),Definir curva de ramp-up con referencias de arranque,3,"amplitud VAN 20,166; puede cambiar la decisión: SÍ",ARTIFICIAL_TEST
ARTIFICIAL_TEST,SÍ,"DPV-002, DPV-020, DPV-037, DPV-040",,DEMANDA,NO,PRIORIDAD_ESCENARIO (sensibilidad),Conseguir cartas de intención / volúmenes por producto (demanda A/B); empezar por la red de supermercados,4,"amplitud VAN 18,800; puede cambiar la decisión: SÍ",ARTIFICIAL_TEST
ARTIFICIAL_TEST,SÍ,"DPV-060, DEC-028",,PRODUCCION,NO,PRIORIDAD_ESCENARIO (sensibilidad),Ensayo de rendimientos en planta o decisión de aceptar el balance 04,5,"amplitud VAN 14,674; puede cambiar la decisión: SÍ",ARTIFICIAL_TEST
ARTIFICIAL_TEST,SÍ,DPV-050,"EMPATE entre 2 ítems por capacidad de cambiar la decisión y amplitud del VAN: sin desempate (pendiente de sensibilidad, magnitud económica, impacto en la decisión y costo del dato)",OPEX:ALIMENTO_COMPRADO,NO,PRIORIDAD_ESCENARIO (sensibilidad),Cotizar alimento balanceado puesto en granja,6,"amplitud VAN 11,583; puede cambiar la decisión: SÍ",ARTIFICIAL_TEST
ARTIFICIAL_TEST,SÍ,"DEC-007, DPV-001",,DESCUENTO,NO,PRIORIDAD_ESCENARIO (sensibilidad),Decidir horizonte de evaluación y tasa de descuento del inversor,9,"amplitud VAN 7,720; puede cambiar la decisión: SÍ",ARTIFICIAL_TEST
ARTIFICIAL_TEST,SÍ,"DPV-097, DPV-095, DPV-161",,CAPEX:TOTAL,NO,PRIORIDAD_ESCENARIO (sensibilidad),"Cotizar CAPEX: línea de faena, frío, obra y utilities (RFQ de 19_capex/matriz_rfq_capex.csv)",10,"amplitud VAN 7,089; puede cambiar la decisión: SÍ",ARTIFICIAL_TEST
ARTIFICIAL_TEST,SÍ,"DPV-148, DPV-146",,OPEX:ESTRUCTURA,NO,PRIORIDAD_ESCENARIO (sensibilidad),"Validar salarios, cargas y estructura",11,"amplitud VAN 6,058; puede cambiar la decisión: SÍ",ARTIFICIAL_TEST
ARTIFICIAL_TEST,SÍ,"DPV-006, DPV-047",,OPEX:POLLITO_COMPRADO,NO,PRIORIDAD_ESCENARIO (sensibilidad),Cotizar pollito BB,15,"amplitud VAN 5,792; puede cambiar la decisión: NO",ARTIFICIAL_TEST
ARTIFICIAL_TEST,SÍ,"DPV-169, DPV-043",,GANANCIAS,NO,PRIORIDAD_ESCENARIO (sensibilidad),"Definir tratamiento fiscal (ganancias, quebrantos, IVA)",16,"amplitud VAN 4,266; puede cambiar la decisión: NO",ARTIFICIAL_TEST
