ID_CORRIDA,UNIVERSO,AMBITO,ALTERNATIVA,TIPO,CONFIGURACION,ESCALA,VARIANTE,TRAYECTORIA,OBJETIVO,ESTADO_OPTIMIZACION,FACTIBILIDAD_FISICA,FACTIBILIDAD_ECONOMICA,FACTIBILIDAD_FINANCIERA,RESPALDO_COMERCIAL,COMPARABILIDAD,CAPEX,FONDOS_INICIALES,PICO_FONDOS,EBITDA,VAN,TIR,PAYBACK,DSCR,RIESGO,RIESGO_TIPO,ROBUSTEZ,SCORE,DOMINADA,RANK,MOTIVO,LIMITACION_PRINCIPAL,DATOS_FALTANTES,COBERTURA_EVIDENCIA,SEMAFORO,ETIQUETA_EVIDENCIA
ARTIFICIAL_TEST|ART-ASSET-LIGHT|MAX_VAN,ARTIFICIAL_TEST,ARTIFICIAL_TEST,ART-ASSET-LIGHT,OPERAR_ASSET_LIGHT,ART-ASSET-LIGHT,100,ARTIFICIAL,ESCALA_UNICA,MAX_VAN,MEJOR_EN_ESCENARIO,FACTIBLE,COSTEABLE,SÍ,NO_RESPALDADO (0 % de la capacidad con demanda DOCUMENTADA/ASEGURADA),TRUE,500,1091.780822,764.608508,2400,7923.425702,1.746506,1.057314,,0.269345,SCORE_ORDINAL_RIESGO (orden interno; NO ES PROBABILIDAD),0.894737,0.417018,NO,2,,EVIDENCIA_INSUFICIENTE: ARTIFICIAL_TEST: ningún bloque tiene evidencia,,0,AMARILLO,CASO_PRUEBA_ARTIFICIAL_NO_ES_PROYECTO
ARTIFICIAL_TEST|ART-PLANTA-CHICA|MAX_VAN,ARTIFICIAL_TEST,ARTIFICIAL_TEST,ART-PLANTA-CHICA,PLANTA,ART-PLANTA-CHICA,100,ARTIFICIAL,ESCALA_UNICA,MAX_VAN,MEJOR_EN_ESCENARIO,FACTIBILIDAD_PENDIENTE,COSTEABLE,SÍ,NO_RESPALDADO (0 % de la capacidad con demanda DOCUMENTADA/ASEGURADA),TRUE,8000,8665.753425,8215.738204,4200,7159.93916,0.278307,3.510289,,0.364945,SCORE_ORDINAL_RIESGO (orden interno; NO ES PROBABILIDAD),0.894737,0,DOMINADA_POR: ART-ASSET-LIGHT,3,,FACTIBILIDAD_FISICA_PENDIENTE: POTENCIA,,0,AMARILLO,CASO_PRUEBA_ARTIFICIAL_NO_ES_PROYECTO
ARTIFICIAL_TEST|ART-PLANTA-GRANDE|MAX_VAN,ARTIFICIAL_TEST,ARTIFICIAL_TEST,ART-PLANTA-GRANDE,PLANTA,ART-PLANTA-GRANDE,200,ARTIFICIAL,ESCALA_UNICA,MAX_VAN,MEJOR_EN_ESCENARIO,FACTIBLE,COSTEABLE,SÍ,NO_RESPALDADO (0 % de la capacidad con demanda DOCUMENTADA/ASEGURADA),TRUE,14000,15262.695018,14393.462709,6150,8990.762306,0.240987,3.842055,1.39818,0.412852,SCORE_ORDINAL_RIESGO (orden interno; NO ES PROBABILIDAD),0.789474,1,NO,1,,EVIDENCIA_INSUFICIENTE: ARTIFICIAL_TEST: ningún bloque tiene evidencia,,0,AMARILLO,CASO_PRUEBA_ARTIFICIAL_NO_ES_PROYECTO
ARTIFICIAL_TEST|ART-INTEGRADA|MAX_VAN,ARTIFICIAL_TEST,ARTIFICIAL_TEST,ART-INTEGRADA,PLANTA,ART-INTEGRADA,150,ARTIFICIAL,ESCALA_UNICA,MAX_VAN,MEJOR_EN_ESCENARIO,NO_FACTIBLE,COSTEABLE,NO (CAPITAL_DISPONIBLE),NO_RESPALDADO (0 % de la capacidad con demanda DOCUMENTADA/ASEGURADA),TRUE,22000,23531.845696,22334.635972,6750,2995.832977,0.147445,5.224926,-0.320982,0.655742,SCORE_ORDINAL_RIESGO (orden interno; NO ES PROBABILIDAD),0.421053,,"DOMINADA_POR: ART-ASSET-LIGHT, ART-PLANTA-CHICA, ART-PLANTA-GRANDE",,"FISICAMENTE_NO_FACTIBLE; INCUMPLE_HARD: CAPITAL_DISPONIBLE, AGUA",GATE_FISICO: AGUA,,0,ROJO,CASO_PRUEBA_ARTIFICIAL_NO_ES_PROYECTO
ARTIFICIAL_TEST|ART-INCOMPLETA|MAX_VAN,ARTIFICIAL_TEST,ARTIFICIAL_TEST,ART-INCOMPLETA,PLANTA,ART-INCOMPLETA,100,ARTIFICIAL,ESCALA_UNICA,MAX_VAN,MEJOR_EN_ESCENARIO,FACTIBLE,NO_COSTEABLE (OPEX),NO_EVALUABLE (flujo no publicable),NO_RESPALDADO (0 % de la capacidad con demanda DOCUMENTADA/ASEGURADA),FALSE,6000,,,,,,,,"PENDIENTE: componentes sin dato (separados): VAN_NEGATIVO_ESCENARIOS, SENSIBILIDAD_VAN, PICO_FONDOS_RELATIVO",SCORE_ORDINAL_RIESGO (orden interno; NO ES PROBABILIDAD),PENDIENTE,,NO_EVALUABLE (COMPARABILIDAD FALSE),,"NO_COMPARABLE: faltan bloques económicos (VAN no publicable): OPEX; HARD_NO_EVALUABLE: CAPITAL_DISPONIBLE, AGUA",DATOS_FALTANTES: OPEX,OPEX,0,GRIS,CASO_PRUEBA_ARTIFICIAL_NO_ES_PROYECTO
ARTIFICIAL_TEST|NO_INVERTIR_AUN|MAX_VAN,ARTIFICIAL_TEST,ARTIFICIAL_TEST,NO_INVERTIR_AUN,NO_INVERTIR_AUN,NO_INVERTIR_AUN,—,—,—,MAX_VAN,MEJOR_EN_ESCENARIO,NO_APLICA,NO_APLICA_STATUS_QUO,NO_APLICA_STATUS_QUO,NO_APLICA_STATUS_QUO,NO_APLICA,,,,,,,,,NO_APLICA (status quo; el riesgo de no actuar no se modela),SCORE_ORDINAL_RIESGO (orden interno; NO ES PROBABILIDAD),NO_APLICA_STATUS_QUO,,NO_APLICA_STATUS_QUO,,"STATUS_QUO: alternativa de decisión, no proyecto productivo (ver DECISION_ESCENARIO / REGLAS_STATUS_QUO)",—,,,GRIS,CASO_PRUEBA_ARTIFICIAL_NO_ES_PROYECTO
ARTIFICIAL_TEST|ART-ASSET-LIGHT|MAX_TIR,ARTIFICIAL_TEST,ARTIFICIAL_TEST,ART-ASSET-LIGHT,OPERAR_ASSET_LIGHT,ART-ASSET-LIGHT,100,ARTIFICIAL,ESCALA_UNICA,MAX_TIR,MEJOR_EN_ESCENARIO,FACTIBLE,COSTEABLE,SÍ,NO_RESPALDADO (0 % de la capacidad con demanda DOCUMENTADA/ASEGURADA),TRUE,500,1091.780822,764.608508,2400,7923.425702,1.746506,1.057314,,0.269345,SCORE_ORDINAL_RIESGO (orden interno; NO ES PROBABILIDAD),0.894737,1,NO,1,,EVIDENCIA_INSUFICIENTE: ARTIFICIAL_TEST: ningún bloque tiene evidencia,,0,AMARILLO,CASO_PRUEBA_ARTIFICIAL_NO_ES_PROYECTO
ARTIFICIAL_TEST|ART-PLANTA-CHICA|MAX_TIR,ARTIFICIAL_TEST,ARTIFICIAL_TEST,ART-PLANTA-CHICA,PLANTA,ART-PLANTA-CHICA,100,ARTIFICIAL,ESCALA_UNICA,MAX_TIR,MEJOR_EN_ESCENARIO,FACTIBILIDAD_PENDIENTE,COSTEABLE,SÍ,NO_RESPALDADO (0 % de la capacidad con demanda DOCUMENTADA/ASEGURADA),TRUE,8000,8665.753425,8215.738204,4200,7159.93916,0.278307,3.510289,,0.364945,SCORE_ORDINAL_RIESGO (orden interno; NO ES PROBABILIDAD),0.894737,0.024789,DOMINADA_POR: ART-ASSET-LIGHT,2,,FACTIBILIDAD_FISICA_PENDIENTE: POTENCIA,,0,AMARILLO,CASO_PRUEBA_ARTIFICIAL_NO_ES_PROYECTO
ARTIFICIAL_TEST|ART-PLANTA-GRANDE|MAX_TIR,ARTIFICIAL_TEST,ARTIFICIAL_TEST,ART-PLANTA-GRANDE,PLANTA,ART-PLANTA-GRANDE,200,ARTIFICIAL,ESCALA_UNICA,MAX_TIR,MEJOR_EN_ESCENARIO,FACTIBLE,COSTEABLE,SÍ,NO_RESPALDADO (0 % de la capacidad con demanda DOCUMENTADA/ASEGURADA),TRUE,14000,15262.695018,14393.462709,6150,8990.762306,0.240987,3.842055,1.39818,0.412852,SCORE_ORDINAL_RIESGO (orden interno; NO ES PROBABILIDAD),0.789474,0,NO,3,,EVIDENCIA_INSUFICIENTE: ARTIFICIAL_TEST: ningún bloque tiene evidencia,,0,AMARILLO,CASO_PRUEBA_ARTIFICIAL_NO_ES_PROYECTO
ARTIFICIAL_TEST|ART-INTEGRADA|MAX_TIR,ARTIFICIAL_TEST,ARTIFICIAL_TEST,ART-INTEGRADA,PLANTA,ART-INTEGRADA,150,ARTIFICIAL,ESCALA_UNICA,MAX_TIR,MEJOR_EN_ESCENARIO,NO_FACTIBLE,COSTEABLE,NO (CAPITAL_DISPONIBLE),NO_RESPALDADO (0 % de la capacidad con demanda DOCUMENTADA/ASEGURADA),TRUE,22000,23531.845696,22334.635972,6750,2995.832977,0.147445,5.224926,-0.320982,0.655742,SCORE_ORDINAL_RIESGO (orden interno; NO ES PROBABILIDAD),0.421053,,"DOMINADA_POR: ART-ASSET-LIGHT, ART-PLANTA-CHICA, ART-PLANTA-GRANDE",,"FISICAMENTE_NO_FACTIBLE; INCUMPLE_HARD: CAPITAL_DISPONIBLE, AGUA",GATE_FISICO: AGUA,,0,ROJO,CASO_PRUEBA_ARTIFICIAL_NO_ES_PROYECTO
ARTIFICIAL_TEST|ART-INCOMPLETA|MAX_TIR,ARTIFICIAL_TEST,ARTIFICIAL_TEST,ART-INCOMPLETA,PLANTA,ART-INCOMPLETA,100,ARTIFICIAL,ESCALA_UNICA,MAX_TIR,MEJOR_EN_ESCENARIO,FACTIBLE,NO_COSTEABLE (OPEX),NO_EVALUABLE (flujo no publicable),NO_RESPALDADO (0 % de la capacidad con demanda DOCUMENTADA/ASEGURADA),FALSE,6000,,,,,,,,"PENDIENTE: componentes sin dato (separados): VAN_NEGATIVO_ESCENARIOS, SENSIBILIDAD_VAN, PICO_FONDOS_RELATIVO",SCORE_ORDINAL_RIESGO (orden interno; NO ES PROBABILIDAD),PENDIENTE,,NO_EVALUABLE (COMPARABILIDAD FALSE),,"NO_COMPARABLE: faltan bloques económicos (VAN no publicable): OPEX; HARD_NO_EVALUABLE: CAPITAL_DISPONIBLE, AGUA",DATOS_FALTANTES: OPEX,OPEX,0,GRIS,CASO_PRUEBA_ARTIFICIAL_NO_ES_PROYECTO
ARTIFICIAL_TEST|NO_INVERTIR_AUN|MAX_TIR,ARTIFICIAL_TEST,ARTIFICIAL_TEST,NO_INVERTIR_AUN,NO_INVERTIR_AUN,NO_INVERTIR_AUN,—,—,—,MAX_TIR,MEJOR_EN_ESCENARIO,NO_APLICA,NO_APLICA_STATUS_QUO,NO_APLICA_STATUS_QUO,NO_APLICA_STATUS_QUO,NO_APLICA,,,,,,,,,NO_APLICA (status quo; el riesgo de no actuar no se modela),SCORE_ORDINAL_RIESGO (orden interno; NO ES PROBABILIDAD),NO_APLICA_STATUS_QUO,,NO_APLICA_STATUS_QUO,,"STATUS_QUO: alternativa de decisión, no proyecto productivo (ver DECISION_ESCENARIO / REGLAS_STATUS_QUO)",—,,,GRIS,CASO_PRUEBA_ARTIFICIAL_NO_ES_PROYECTO
ARTIFICIAL_TEST|ART-ASSET-LIGHT|MIN_PAYBACK,ARTIFICIAL_TEST,ARTIFICIAL_TEST,ART-ASSET-LIGHT,OPERAR_ASSET_LIGHT,ART-ASSET-LIGHT,100,ARTIFICIAL,ESCALA_UNICA,MIN_PAYBACK,MEJOR_EN_ESCENARIO,FACTIBLE,COSTEABLE,SÍ,NO_RESPALDADO (0 % de la capacidad con demanda DOCUMENTADA/ASEGURADA),TRUE,500,1091.780822,764.608508,2400,7923.425702,1.746506,1.057314,,0.269345,SCORE_ORDINAL_RIESGO (orden interno; NO ES PROBABILIDAD),0.894737,1,NO,1,,EVIDENCIA_INSUFICIENTE: ARTIFICIAL_TEST: ningún bloque tiene evidencia,,0,AMARILLO,CASO_PRUEBA_ARTIFICIAL_NO_ES_PROYECTO
ARTIFICIAL_TEST|ART-PLANTA-CHICA|MIN_PAYBACK,ARTIFICIAL_TEST,ARTIFICIAL_TEST,ART-PLANTA-CHICA,PLANTA,ART-PLANTA-CHICA,100,ARTIFICIAL,ESCALA_UNICA,MIN_PAYBACK,MEJOR_EN_ESCENARIO,FACTIBILIDAD_PENDIENTE,COSTEABLE,SÍ,NO_RESPALDADO (0 % de la capacidad con demanda DOCUMENTADA/ASEGURADA),TRUE,8000,8665.753425,8215.738204,4200,7159.93916,0.278307,3.510289,,0.364945,SCORE_ORDINAL_RIESGO (orden interno; NO ES PROBABILIDAD),0.894737,0.119137,DOMINADA_POR: ART-ASSET-LIGHT,2,,FACTIBILIDAD_FISICA_PENDIENTE: POTENCIA,,0,AMARILLO,CASO_PRUEBA_ARTIFICIAL_NO_ES_PROYECTO
ARTIFICIAL_TEST|ART-PLANTA-GRANDE|MIN_PAYBACK,ARTIFICIAL_TEST,ARTIFICIAL_TEST,ART-PLANTA-GRANDE,PLANTA,ART-PLANTA-GRANDE,200,ARTIFICIAL,ESCALA_UNICA,MIN_PAYBACK,MEJOR_EN_ESCENARIO,FACTIBLE,COSTEABLE,SÍ,NO_RESPALDADO (0 % de la capacidad con demanda DOCUMENTADA/ASEGURADA),TRUE,14000,15262.695018,14393.462709,6150,8990.762306,0.240987,3.842055,1.39818,0.412852,SCORE_ORDINAL_RIESGO (orden interno; NO ES PROBABILIDAD),0.789474,0,NO,3,,EVIDENCIA_INSUFICIENTE: ARTIFICIAL_TEST: ningún bloque tiene evidencia,,0,AMARILLO,CASO_PRUEBA_ARTIFICIAL_NO_ES_PROYECTO
ARTIFICIAL_TEST|ART-INTEGRADA|MIN_PAYBACK,ARTIFICIAL_TEST,ARTIFICIAL_TEST,ART-INTEGRADA,PLANTA,ART-INTEGRADA,150,ARTIFICIAL,ESCALA_UNICA,MIN_PAYBACK,MEJOR_EN_ESCENARIO,NO_FACTIBLE,COSTEABLE,NO (CAPITAL_DISPONIBLE),NO_RESPALDADO (0 % de la capacidad con demanda DOCUMENTADA/ASEGURADA),TRUE,22000,23531.845696,22334.635972,6750,2995.832977,0.147445,5.224926,-0.320982,0.655742,SCORE_ORDINAL_RIESGO (orden interno; NO ES PROBABILIDAD),0.421053,,"DOMINADA_POR: ART-ASSET-LIGHT, ART-PLANTA-CHICA, ART-PLANTA-GRANDE",,"FISICAMENTE_NO_FACTIBLE; INCUMPLE_HARD: CAPITAL_DISPONIBLE, AGUA",GATE_FISICO: AGUA,,0,ROJO,CASO_PRUEBA_ARTIFICIAL_NO_ES_PROYECTO
ARTIFICIAL_TEST|ART-INCOMPLETA|MIN_PAYBACK,ARTIFICIAL_TEST,ARTIFICIAL_TEST,ART-INCOMPLETA,PLANTA,ART-INCOMPLETA,100,ARTIFICIAL,ESCALA_UNICA,MIN_PAYBACK,MEJOR_EN_ESCENARIO,FACTIBLE,NO_COSTEABLE (OPEX),NO_EVALUABLE (flujo no publicable),NO_RESPALDADO (0 % de la capacidad con demanda DOCUMENTADA/ASEGURADA),FALSE,6000,,,,,,,,"PENDIENTE: componentes sin dato (separados): VAN_NEGATIVO_ESCENARIOS, SENSIBILIDAD_VAN, PICO_FONDOS_RELATIVO",SCORE_ORDINAL_RIESGO (orden interno; NO ES PROBABILIDAD),PENDIENTE,,NO_EVALUABLE (COMPARABILIDAD FALSE),,"NO_COMPARABLE: faltan bloques económicos (VAN no publicable): OPEX; HARD_NO_EVALUABLE: CAPITAL_DISPONIBLE, AGUA",DATOS_FALTANTES: OPEX,OPEX,0,GRIS,CASO_PRUEBA_ARTIFICIAL_NO_ES_PROYECTO
ARTIFICIAL_TEST|NO_INVERTIR_AUN|MIN_PAYBACK,ARTIFICIAL_TEST,ARTIFICIAL_TEST,NO_INVERTIR_AUN,NO_INVERTIR_AUN,NO_INVERTIR_AUN,—,—,—,MIN_PAYBACK,MEJOR_EN_ESCENARIO,NO_APLICA,NO_APLICA_STATUS_QUO,NO_APLICA_STATUS_QUO,NO_APLICA_STATUS_QUO,NO_APLICA,,,,,,,,,NO_APLICA (status quo; el riesgo de no actuar no se modela),SCORE_ORDINAL_RIESGO (orden interno; NO ES PROBABILIDAD),NO_APLICA_STATUS_QUO,,NO_APLICA_STATUS_QUO,,"STATUS_QUO: alternativa de decisión, no proyecto productivo (ver DECISION_ESCENARIO / REGLAS_STATUS_QUO)",—,,,GRIS,CASO_PRUEBA_ARTIFICIAL_NO_ES_PROYECTO
ARTIFICIAL_TEST|ART-ASSET-LIGHT|MIN_FONDOS_INICIALES,ARTIFICIAL_TEST,ARTIFICIAL_TEST,ART-ASSET-LIGHT,OPERAR_ASSET_LIGHT,ART-ASSET-LIGHT,100,ARTIFICIAL,ESCALA_UNICA,MIN_FONDOS_INICIALES,MEJOR_EN_ESCENARIO,FACTIBLE,COSTEABLE,SÍ,NO_RESPALDADO (0 % de la capacidad con demanda DOCUMENTADA/ASEGURADA),TRUE,500,1091.780822,764.608508,2400,7923.425702,1.746506,1.057314,,0.269345,SCORE_ORDINAL_RIESGO (orden interno; NO ES PROBABILIDAD),0.894737,1,NO,1,,EVIDENCIA_INSUFICIENTE: ARTIFICIAL_TEST: ningún bloque tiene evidencia,,0,AMARILLO,CASO_PRUEBA_ARTIFICIAL_NO_ES_PROYECTO
ARTIFICIAL_TEST|ART-PLANTA-CHICA|MIN_FONDOS_INICIALES,ARTIFICIAL_TEST,ARTIFICIAL_TEST,ART-PLANTA-CHICA,PLANTA,ART-PLANTA-CHICA,100,ARTIFICIAL,ESCALA_UNICA,MIN_FONDOS_INICIALES,MEJOR_EN_ESCENARIO,FACTIBILIDAD_PENDIENTE,COSTEABLE,SÍ,NO_RESPALDADO (0 % de la capacidad con demanda DOCUMENTADA/ASEGURADA),TRUE,8000,8665.753425,8215.738204,4200,7159.93916,0.278307,3.510289,,0.364945,SCORE_ORDINAL_RIESGO (orden interno; NO ES PROBABILIDAD),0.894737,0.465527,DOMINADA_POR: ART-ASSET-LIGHT,2,,FACTIBILIDAD_FISICA_PENDIENTE: POTENCIA,,0,AMARILLO,CASO_PRUEBA_ARTIFICIAL_NO_ES_PROYECTO
ARTIFICIAL_TEST|ART-PLANTA-GRANDE|MIN_FONDOS_INICIALES,ARTIFICIAL_TEST,ARTIFICIAL_TEST,ART-PLANTA-GRANDE,PLANTA,ART-PLANTA-GRANDE,200,ARTIFICIAL,ESCALA_UNICA,MIN_FONDOS_INICIALES,MEJOR_EN_ESCENARIO,FACTIBLE,COSTEABLE,SÍ,NO_RESPALDADO (0 % de la capacidad con demanda DOCUMENTADA/ASEGURADA),TRUE,14000,15262.695018,14393.462709,6150,8990.762306,0.240987,3.842055,1.39818,0.412852,SCORE_ORDINAL_RIESGO (orden interno; NO ES PROBABILIDAD),0.789474,0,NO,3,,EVIDENCIA_INSUFICIENTE: ARTIFICIAL_TEST: ningún bloque tiene evidencia,,0,AMARILLO,CASO_PRUEBA_ARTIFICIAL_NO_ES_PROYECTO
ARTIFICIAL_TEST|ART-INTEGRADA|MIN_FONDOS_INICIALES,ARTIFICIAL_TEST,ARTIFICIAL_TEST,ART-INTEGRADA,PLANTA,ART-INTEGRADA,150,ARTIFICIAL,ESCALA_UNICA,MIN_FONDOS_INICIALES,MEJOR_EN_ESCENARIO,NO_FACTIBLE,COSTEABLE,NO (CAPITAL_DISPONIBLE),NO_RESPALDADO (0 % de la capacidad con demanda DOCUMENTADA/ASEGURADA),TRUE,22000,23531.845696,22334.635972,6750,2995.832977,0.147445,5.224926,-0.320982,0.655742,SCORE_ORDINAL_RIESGO (orden interno; NO ES PROBABILIDAD),0.421053,,"DOMINADA_POR: ART-ASSET-LIGHT, ART-PLANTA-CHICA, ART-PLANTA-GRANDE",,"FISICAMENTE_NO_FACTIBLE; INCUMPLE_HARD: CAPITAL_DISPONIBLE, AGUA",GATE_FISICO: AGUA,,0,ROJO,CASO_PRUEBA_ARTIFICIAL_NO_ES_PROYECTO
ARTIFICIAL_TEST|ART-INCOMPLETA|MIN_FONDOS_INICIALES,ARTIFICIAL_TEST,ARTIFICIAL_TEST,ART-INCOMPLETA,PLANTA,ART-INCOMPLETA,100,ARTIFICIAL,ESCALA_UNICA,MIN_FONDOS_INICIALES,MEJOR_EN_ESCENARIO,FACTIBLE,NO_COSTEABLE (OPEX),NO_EVALUABLE (flujo no publicable),NO_RESPALDADO (0 % de la capacidad con demanda DOCUMENTADA/ASEGURADA),FALSE,6000,,,,,,,,"PENDIENTE: componentes sin dato (separados): VAN_NEGATIVO_ESCENARIOS, SENSIBILIDAD_VAN, PICO_FONDOS_RELATIVO",SCORE_ORDINAL_RIESGO (orden interno; NO ES PROBABILIDAD),PENDIENTE,,NO_EVALUABLE (COMPARABILIDAD FALSE),,"NO_COMPARABLE: faltan bloques económicos (VAN no publicable): OPEX; HARD_NO_EVALUABLE: CAPITAL_DISPONIBLE, AGUA",DATOS_FALTANTES: OPEX,OPEX,0,GRIS,CASO_PRUEBA_ARTIFICIAL_NO_ES_PROYECTO
ARTIFICIAL_TEST|NO_INVERTIR_AUN|MIN_FONDOS_INICIALES,ARTIFICIAL_TEST,ARTIFICIAL_TEST,NO_INVERTIR_AUN,NO_INVERTIR_AUN,NO_INVERTIR_AUN,—,—,—,MIN_FONDOS_INICIALES,MEJOR_EN_ESCENARIO,NO_APLICA,NO_APLICA_STATUS_QUO,NO_APLICA_STATUS_QUO,NO_APLICA_STATUS_QUO,NO_APLICA,,,,,,,,,NO_APLICA (status quo; el riesgo de no actuar no se modela),SCORE_ORDINAL_RIESGO (orden interno; NO ES PROBABILIDAD),NO_APLICA_STATUS_QUO,,NO_APLICA_STATUS_QUO,,"STATUS_QUO: alternativa de decisión, no proyecto productivo (ver DECISION_ESCENARIO / REGLAS_STATUS_QUO)",—,,,GRIS,CASO_PRUEBA_ARTIFICIAL_NO_ES_PROYECTO
ARTIFICIAL_TEST|ART-ASSET-LIGHT|MIN_CAPEX,ARTIFICIAL_TEST,ARTIFICIAL_TEST,ART-ASSET-LIGHT,OPERAR_ASSET_LIGHT,ART-ASSET-LIGHT,100,ARTIFICIAL,ESCALA_UNICA,MIN_CAPEX,MEJOR_EN_ESCENARIO,FACTIBLE,COSTEABLE,SÍ,NO_RESPALDADO (0 % de la capacidad con demanda DOCUMENTADA/ASEGURADA),TRUE,500,1091.780822,764.608508,2400,7923.425702,1.746506,1.057314,,0.269345,SCORE_ORDINAL_RIESGO (orden interno; NO ES PROBABILIDAD),0.894737,1,NO,1,,EVIDENCIA_INSUFICIENTE: ARTIFICIAL_TEST: ningún bloque tiene evidencia,,0,AMARILLO,CASO_PRUEBA_ARTIFICIAL_NO_ES_PROYECTO
ARTIFICIAL_TEST|ART-PLANTA-CHICA|MIN_CAPEX,ARTIFICIAL_TEST,ARTIFICIAL_TEST,ART-PLANTA-CHICA,PLANTA,ART-PLANTA-CHICA,100,ARTIFICIAL,ESCALA_UNICA,MIN_CAPEX,MEJOR_EN_ESCENARIO,FACTIBILIDAD_PENDIENTE,COSTEABLE,SÍ,NO_RESPALDADO (0 % de la capacidad con demanda DOCUMENTADA/ASEGURADA),TRUE,8000,8665.753425,8215.738204,4200,7159.93916,0.278307,3.510289,,0.364945,SCORE_ORDINAL_RIESGO (orden interno; NO ES PROBABILIDAD),0.894737,0.444444,DOMINADA_POR: ART-ASSET-LIGHT,2,,FACTIBILIDAD_FISICA_PENDIENTE: POTENCIA,,0,AMARILLO,CASO_PRUEBA_ARTIFICIAL_NO_ES_PROYECTO
ARTIFICIAL_TEST|ART-PLANTA-GRANDE|MIN_CAPEX,ARTIFICIAL_TEST,ARTIFICIAL_TEST,ART-PLANTA-GRANDE,PLANTA,ART-PLANTA-GRANDE,200,ARTIFICIAL,ESCALA_UNICA,MIN_CAPEX,MEJOR_EN_ESCENARIO,FACTIBLE,COSTEABLE,SÍ,NO_RESPALDADO (0 % de la capacidad con demanda DOCUMENTADA/ASEGURADA),TRUE,14000,15262.695018,14393.462709,6150,8990.762306,0.240987,3.842055,1.39818,0.412852,SCORE_ORDINAL_RIESGO (orden interno; NO ES PROBABILIDAD),0.789474,0,NO,3,,EVIDENCIA_INSUFICIENTE: ARTIFICIAL_TEST: ningún bloque tiene evidencia,,0,AMARILLO,CASO_PRUEBA_ARTIFICIAL_NO_ES_PROYECTO
ARTIFICIAL_TEST|ART-INTEGRADA|MIN_CAPEX,ARTIFICIAL_TEST,ARTIFICIAL_TEST,ART-INTEGRADA,PLANTA,ART-INTEGRADA,150,ARTIFICIAL,ESCALA_UNICA,MIN_CAPEX,MEJOR_EN_ESCENARIO,NO_FACTIBLE,COSTEABLE,NO (CAPITAL_DISPONIBLE),NO_RESPALDADO (0 % de la capacidad con demanda DOCUMENTADA/ASEGURADA),TRUE,22000,23531.845696,22334.635972,6750,2995.832977,0.147445,5.224926,-0.320982,0.655742,SCORE_ORDINAL_RIESGO (orden interno; NO ES PROBABILIDAD),0.421053,,"DOMINADA_POR: ART-ASSET-LIGHT, ART-PLANTA-CHICA, ART-PLANTA-GRANDE",,"FISICAMENTE_NO_FACTIBLE; INCUMPLE_HARD: CAPITAL_DISPONIBLE, AGUA",GATE_FISICO: AGUA,,0,ROJO,CASO_PRUEBA_ARTIFICIAL_NO_ES_PROYECTO
ARTIFICIAL_TEST|ART-INCOMPLETA|MIN_CAPEX,ARTIFICIAL_TEST,ARTIFICIAL_TEST,ART-INCOMPLETA,PLANTA,ART-INCOMPLETA,100,ARTIFICIAL,ESCALA_UNICA,MIN_CAPEX,MEJOR_EN_ESCENARIO,FACTIBLE,NO_COSTEABLE (OPEX),NO_EVALUABLE (flujo no publicable),NO_RESPALDADO (0 % de la capacidad con demanda DOCUMENTADA/ASEGURADA),FALSE,6000,,,,,,,,"PENDIENTE: componentes sin dato (separados): VAN_NEGATIVO_ESCENARIOS, SENSIBILIDAD_VAN, PICO_FONDOS_RELATIVO",SCORE_ORDINAL_RIESGO (orden interno; NO ES PROBABILIDAD),PENDIENTE,,NO_EVALUABLE (COMPARABILIDAD FALSE),,"NO_COMPARABLE: faltan bloques económicos (VAN no publicable): OPEX; HARD_NO_EVALUABLE: CAPITAL_DISPONIBLE, AGUA",DATOS_FALTANTES: OPEX,OPEX,0,GRIS,CASO_PRUEBA_ARTIFICIAL_NO_ES_PROYECTO
ARTIFICIAL_TEST|NO_INVERTIR_AUN|MIN_CAPEX,ARTIFICIAL_TEST,ARTIFICIAL_TEST,NO_INVERTIR_AUN,NO_INVERTIR_AUN,NO_INVERTIR_AUN,—,—,—,MIN_CAPEX,MEJOR_EN_ESCENARIO,NO_APLICA,NO_APLICA_STATUS_QUO,NO_APLICA_STATUS_QUO,NO_APLICA_STATUS_QUO,NO_APLICA,,,,,,,,,NO_APLICA (status quo; el riesgo de no actuar no se modela),SCORE_ORDINAL_RIESGO (orden interno; NO ES PROBABILIDAD),NO_APLICA_STATUS_QUO,,NO_APLICA_STATUS_QUO,,"STATUS_QUO: alternativa de decisión, no proyecto productivo (ver DECISION_ESCENARIO / REGLAS_STATUS_QUO)",—,,,GRIS,CASO_PRUEBA_ARTIFICIAL_NO_ES_PROYECTO
ARTIFICIAL_TEST|ART-ASSET-LIGHT|MIN_PICO_FONDOS,ARTIFICIAL_TEST,ARTIFICIAL_TEST,ART-ASSET-LIGHT,OPERAR_ASSET_LIGHT,ART-ASSET-LIGHT,100,ARTIFICIAL,ESCALA_UNICA,MIN_PICO_FONDOS,MEJOR_EN_ESCENARIO,FACTIBLE,COSTEABLE,SÍ,NO_RESPALDADO (0 % de la capacidad con demanda DOCUMENTADA/ASEGURADA),TRUE,500,1091.780822,764.608508,2400,7923.425702,1.746506,1.057314,,0.269345,SCORE_ORDINAL_RIESGO (orden interno; NO ES PROBABILIDAD),0.894737,1,NO,1,,EVIDENCIA_INSUFICIENTE: ARTIFICIAL_TEST: ningún bloque tiene evidencia,,0,AMARILLO,CASO_PRUEBA_ARTIFICIAL_NO_ES_PROYECTO
ARTIFICIAL_TEST|ART-PLANTA-CHICA|MIN_PICO_FONDOS,ARTIFICIAL_TEST,ARTIFICIAL_TEST,ART-PLANTA-CHICA,PLANTA,ART-PLANTA-CHICA,100,ARTIFICIAL,ESCALA_UNICA,MIN_PICO_FONDOS,MEJOR_EN_ESCENARIO,FACTIBILIDAD_PENDIENTE,COSTEABLE,SÍ,NO_RESPALDADO (0 % de la capacidad con demanda DOCUMENTADA/ASEGURADA),TRUE,8000,8665.753425,8215.738204,4200,7159.93916,0.278307,3.510289,,0.364945,SCORE_ORDINAL_RIESGO (orden interno; NO ES PROBABILIDAD),0.894737,0.453283,DOMINADA_POR: ART-ASSET-LIGHT,2,,FACTIBILIDAD_FISICA_PENDIENTE: POTENCIA,,0,AMARILLO,CASO_PRUEBA_ARTIFICIAL_NO_ES_PROYECTO
ARTIFICIAL_TEST|ART-PLANTA-GRANDE|MIN_PICO_FONDOS,ARTIFICIAL_TEST,ARTIFICIAL_TEST,ART-PLANTA-GRANDE,PLANTA,ART-PLANTA-GRANDE,200,ARTIFICIAL,ESCALA_UNICA,MIN_PICO_FONDOS,MEJOR_EN_ESCENARIO,FACTIBLE,COSTEABLE,SÍ,NO_RESPALDADO (0 % de la capacidad con demanda DOCUMENTADA/ASEGURADA),TRUE,14000,15262.695018,14393.462709,6150,8990.762306,0.240987,3.842055,1.39818,0.412852,SCORE_ORDINAL_RIESGO (orden interno; NO ES PROBABILIDAD),0.789474,0,NO,3,,EVIDENCIA_INSUFICIENTE: ARTIFICIAL_TEST: ningún bloque tiene evidencia,,0,AMARILLO,CASO_PRUEBA_ARTIFICIAL_NO_ES_PROYECTO
ARTIFICIAL_TEST|ART-INTEGRADA|MIN_PICO_FONDOS,ARTIFICIAL_TEST,ARTIFICIAL_TEST,ART-INTEGRADA,PLANTA,ART-INTEGRADA,150,ARTIFICIAL,ESCALA_UNICA,MIN_PICO_FONDOS,MEJOR_EN_ESCENARIO,NO_FACTIBLE,COSTEABLE,NO (CAPITAL_DISPONIBLE),NO_RESPALDADO (0 % de la capacidad con demanda DOCUMENTADA/ASEGURADA),TRUE,22000,23531.845696,22334.635972,6750,2995.832977,0.147445,5.224926,-0.320982,0.655742,SCORE_ORDINAL_RIESGO (orden interno; NO ES PROBABILIDAD),0.421053,,"DOMINADA_POR: ART-ASSET-LIGHT, ART-PLANTA-CHICA, ART-PLANTA-GRANDE",,"FISICAMENTE_NO_FACTIBLE; INCUMPLE_HARD: CAPITAL_DISPONIBLE, AGUA",GATE_FISICO: AGUA,,0,ROJO,CASO_PRUEBA_ARTIFICIAL_NO_ES_PROYECTO
ARTIFICIAL_TEST|ART-INCOMPLETA|MIN_PICO_FONDOS,ARTIFICIAL_TEST,ARTIFICIAL_TEST,ART-INCOMPLETA,PLANTA,ART-INCOMPLETA,100,ARTIFICIAL,ESCALA_UNICA,MIN_PICO_FONDOS,MEJOR_EN_ESCENARIO,FACTIBLE,NO_COSTEABLE (OPEX),NO_EVALUABLE (flujo no publicable),NO_RESPALDADO (0 % de la capacidad con demanda DOCUMENTADA/ASEGURADA),FALSE,6000,,,,,,,,"PENDIENTE: componentes sin dato (separados): VAN_NEGATIVO_ESCENARIOS, SENSIBILIDAD_VAN, PICO_FONDOS_RELATIVO",SCORE_ORDINAL_RIESGO (orden interno; NO ES PROBABILIDAD),PENDIENTE,,NO_EVALUABLE (COMPARABILIDAD FALSE),,"NO_COMPARABLE: faltan bloques económicos (VAN no publicable): OPEX; HARD_NO_EVALUABLE: CAPITAL_DISPONIBLE, AGUA",DATOS_FALTANTES: OPEX,OPEX,0,GRIS,CASO_PRUEBA_ARTIFICIAL_NO_ES_PROYECTO
ARTIFICIAL_TEST|NO_INVERTIR_AUN|MIN_PICO_FONDOS,ARTIFICIAL_TEST,ARTIFICIAL_TEST,NO_INVERTIR_AUN,NO_INVERTIR_AUN,NO_INVERTIR_AUN,—,—,—,MIN_PICO_FONDOS,MEJOR_EN_ESCENARIO,NO_APLICA,NO_APLICA_STATUS_QUO,NO_APLICA_STATUS_QUO,NO_APLICA_STATUS_QUO,NO_APLICA,,,,,,,,,NO_APLICA (status quo; el riesgo de no actuar no se modela),SCORE_ORDINAL_RIESGO (orden interno; NO ES PROBABILIDAD),NO_APLICA_STATUS_QUO,,NO_APLICA_STATUS_QUO,,"STATUS_QUO: alternativa de decisión, no proyecto productivo (ver DECISION_ESCENARIO / REGLAS_STATUS_QUO)",—,,,GRIS,CASO_PRUEBA_ARTIFICIAL_NO_ES_PROYECTO
ARTIFICIAL_TEST|ART-ASSET-LIGHT|MAX_EBITDA,ARTIFICIAL_TEST,ARTIFICIAL_TEST,ART-ASSET-LIGHT,OPERAR_ASSET_LIGHT,ART-ASSET-LIGHT,100,ARTIFICIAL,ESCALA_UNICA,MAX_EBITDA,MEJOR_EN_ESCENARIO,FACTIBLE,COSTEABLE,SÍ,NO_RESPALDADO (0 % de la capacidad con demanda DOCUMENTADA/ASEGURADA),TRUE,500,1091.780822,764.608508,2400,7923.425702,1.746506,1.057314,,0.269345,SCORE_ORDINAL_RIESGO (orden interno; NO ES PROBABILIDAD),0.894737,0,NO,3,,EVIDENCIA_INSUFICIENTE: ARTIFICIAL_TEST: ningún bloque tiene evidencia,,0,AMARILLO,CASO_PRUEBA_ARTIFICIAL_NO_ES_PROYECTO
ARTIFICIAL_TEST|ART-PLANTA-CHICA|MAX_EBITDA,ARTIFICIAL_TEST,ARTIFICIAL_TEST,ART-PLANTA-CHICA,PLANTA,ART-PLANTA-CHICA,100,ARTIFICIAL,ESCALA_UNICA,MAX_EBITDA,MEJOR_EN_ESCENARIO,FACTIBILIDAD_PENDIENTE,COSTEABLE,SÍ,NO_RESPALDADO (0 % de la capacidad con demanda DOCUMENTADA/ASEGURADA),TRUE,8000,8665.753425,8215.738204,4200,7159.93916,0.278307,3.510289,,0.364945,SCORE_ORDINAL_RIESGO (orden interno; NO ES PROBABILIDAD),0.894737,0.48,DOMINADA_POR: ART-ASSET-LIGHT,2,,FACTIBILIDAD_FISICA_PENDIENTE: POTENCIA,,0,AMARILLO,CASO_PRUEBA_ARTIFICIAL_NO_ES_PROYECTO
ARTIFICIAL_TEST|ART-PLANTA-GRANDE|MAX_EBITDA,ARTIFICIAL_TEST,ARTIFICIAL_TEST,ART-PLANTA-GRANDE,PLANTA,ART-PLANTA-GRANDE,200,ARTIFICIAL,ESCALA_UNICA,MAX_EBITDA,MEJOR_EN_ESCENARIO,FACTIBLE,COSTEABLE,SÍ,NO_RESPALDADO (0 % de la capacidad con demanda DOCUMENTADA/ASEGURADA),TRUE,14000,15262.695018,14393.462709,6150,8990.762306,0.240987,3.842055,1.39818,0.412852,SCORE_ORDINAL_RIESGO (orden interno; NO ES PROBABILIDAD),0.789474,1,NO,1,,EVIDENCIA_INSUFICIENTE: ARTIFICIAL_TEST: ningún bloque tiene evidencia,,0,AMARILLO,CASO_PRUEBA_ARTIFICIAL_NO_ES_PROYECTO
ARTIFICIAL_TEST|ART-INTEGRADA|MAX_EBITDA,ARTIFICIAL_TEST,ARTIFICIAL_TEST,ART-INTEGRADA,PLANTA,ART-INTEGRADA,150,ARTIFICIAL,ESCALA_UNICA,MAX_EBITDA,MEJOR_EN_ESCENARIO,NO_FACTIBLE,COSTEABLE,NO (CAPITAL_DISPONIBLE),NO_RESPALDADO (0 % de la capacidad con demanda DOCUMENTADA/ASEGURADA),TRUE,22000,23531.845696,22334.635972,6750,2995.832977,0.147445,5.224926,-0.320982,0.655742,SCORE_ORDINAL_RIESGO (orden interno; NO ES PROBABILIDAD),0.421053,,"DOMINADA_POR: ART-ASSET-LIGHT, ART-PLANTA-CHICA, ART-PLANTA-GRANDE",,"FISICAMENTE_NO_FACTIBLE; INCUMPLE_HARD: CAPITAL_DISPONIBLE, AGUA",GATE_FISICO: AGUA,,0,ROJO,CASO_PRUEBA_ARTIFICIAL_NO_ES_PROYECTO
ARTIFICIAL_TEST|ART-INCOMPLETA|MAX_EBITDA,ARTIFICIAL_TEST,ARTIFICIAL_TEST,ART-INCOMPLETA,PLANTA,ART-INCOMPLETA,100,ARTIFICIAL,ESCALA_UNICA,MAX_EBITDA,MEJOR_EN_ESCENARIO,FACTIBLE,NO_COSTEABLE (OPEX),NO_EVALUABLE (flujo no publicable),NO_RESPALDADO (0 % de la capacidad con demanda DOCUMENTADA/ASEGURADA),FALSE,6000,,,,,,,,"PENDIENTE: componentes sin dato (separados): VAN_NEGATIVO_ESCENARIOS, SENSIBILIDAD_VAN, PICO_FONDOS_RELATIVO",SCORE_ORDINAL_RIESGO (orden interno; NO ES PROBABILIDAD),PENDIENTE,,NO_EVALUABLE (COMPARABILIDAD FALSE),,"NO_COMPARABLE: faltan bloques económicos (VAN no publicable): OPEX; HARD_NO_EVALUABLE: CAPITAL_DISPONIBLE, AGUA",DATOS_FALTANTES: OPEX,OPEX,0,GRIS,CASO_PRUEBA_ARTIFICIAL_NO_ES_PROYECTO
ARTIFICIAL_TEST|NO_INVERTIR_AUN|MAX_EBITDA,ARTIFICIAL_TEST,ARTIFICIAL_TEST,NO_INVERTIR_AUN,NO_INVERTIR_AUN,NO_INVERTIR_AUN,—,—,—,MAX_EBITDA,MEJOR_EN_ESCENARIO,NO_APLICA,NO_APLICA_STATUS_QUO,NO_APLICA_STATUS_QUO,NO_APLICA_STATUS_QUO,NO_APLICA,,,,,,,,,NO_APLICA (status quo; el riesgo de no actuar no se modela),SCORE_ORDINAL_RIESGO (orden interno; NO ES PROBABILIDAD),NO_APLICA_STATUS_QUO,,NO_APLICA_STATUS_QUO,,"STATUS_QUO: alternativa de decisión, no proyecto productivo (ver DECISION_ESCENARIO / REGLAS_STATUS_QUO)",—,,,GRIS,CASO_PRUEBA_ARTIFICIAL_NO_ES_PROYECTO
ARTIFICIAL_TEST|ART-ASSET-LIGHT|MAX_DSCR,ARTIFICIAL_TEST,ARTIFICIAL_TEST,ART-ASSET-LIGHT,OPERAR_ASSET_LIGHT,ART-ASSET-LIGHT,100,ARTIFICIAL,ESCALA_UNICA,MAX_DSCR,MEJOR_EN_ESCENARIO,FACTIBLE,COSTEABLE,SÍ,NO_RESPALDADO (0 % de la capacidad con demanda DOCUMENTADA/ASEGURADA),TRUE,500,1091.780822,764.608508,2400,7923.425702,1.746506,1.057314,,0.269345,SCORE_ORDINAL_RIESGO (orden interno; NO ES PROBABILIDAD),0.894737,,NO,,DSCR no disponible,EVIDENCIA_INSUFICIENTE: ARTIFICIAL_TEST: ningún bloque tiene evidencia,,0,AMARILLO,CASO_PRUEBA_ARTIFICIAL_NO_ES_PROYECTO
ARTIFICIAL_TEST|ART-PLANTA-CHICA|MAX_DSCR,ARTIFICIAL_TEST,ARTIFICIAL_TEST,ART-PLANTA-CHICA,PLANTA,ART-PLANTA-CHICA,100,ARTIFICIAL,ESCALA_UNICA,MAX_DSCR,MEJOR_EN_ESCENARIO,FACTIBILIDAD_PENDIENTE,COSTEABLE,SÍ,NO_RESPALDADO (0 % de la capacidad con demanda DOCUMENTADA/ASEGURADA),TRUE,8000,8665.753425,8215.738204,4200,7159.93916,0.278307,3.510289,,0.364945,SCORE_ORDINAL_RIESGO (orden interno; NO ES PROBABILIDAD),0.894737,,DOMINADA_POR: ART-ASSET-LIGHT,,DSCR no disponible,FACTIBILIDAD_FISICA_PENDIENTE: POTENCIA,,0,AMARILLO,CASO_PRUEBA_ARTIFICIAL_NO_ES_PROYECTO
ARTIFICIAL_TEST|ART-PLANTA-GRANDE|MAX_DSCR,ARTIFICIAL_TEST,ARTIFICIAL_TEST,ART-PLANTA-GRANDE,PLANTA,ART-PLANTA-GRANDE,200,ARTIFICIAL,ESCALA_UNICA,MAX_DSCR,MEJOR_EN_ESCENARIO,FACTIBLE,COSTEABLE,SÍ,NO_RESPALDADO (0 % de la capacidad con demanda DOCUMENTADA/ASEGURADA),TRUE,14000,15262.695018,14393.462709,6150,8990.762306,0.240987,3.842055,1.39818,0.412852,SCORE_ORDINAL_RIESGO (orden interno; NO ES PROBABILIDAD),0.789474,1,NO,1,,EVIDENCIA_INSUFICIENTE: ARTIFICIAL_TEST: ningún bloque tiene evidencia,,0,AMARILLO,CASO_PRUEBA_ARTIFICIAL_NO_ES_PROYECTO
ARTIFICIAL_TEST|ART-INTEGRADA|MAX_DSCR,ARTIFICIAL_TEST,ARTIFICIAL_TEST,ART-INTEGRADA,PLANTA,ART-INTEGRADA,150,ARTIFICIAL,ESCALA_UNICA,MAX_DSCR,MEJOR_EN_ESCENARIO,NO_FACTIBLE,COSTEABLE,NO (CAPITAL_DISPONIBLE),NO_RESPALDADO (0 % de la capacidad con demanda DOCUMENTADA/ASEGURADA),TRUE,22000,23531.845696,22334.635972,6750,2995.832977,0.147445,5.224926,-0.320982,0.655742,SCORE_ORDINAL_RIESGO (orden interno; NO ES PROBABILIDAD),0.421053,,"DOMINADA_POR: ART-ASSET-LIGHT, ART-PLANTA-CHICA, ART-PLANTA-GRANDE",,"FISICAMENTE_NO_FACTIBLE; INCUMPLE_HARD: CAPITAL_DISPONIBLE, AGUA",GATE_FISICO: AGUA,,0,ROJO,CASO_PRUEBA_ARTIFICIAL_NO_ES_PROYECTO
ARTIFICIAL_TEST|ART-INCOMPLETA|MAX_DSCR,ARTIFICIAL_TEST,ARTIFICIAL_TEST,ART-INCOMPLETA,PLANTA,ART-INCOMPLETA,100,ARTIFICIAL,ESCALA_UNICA,MAX_DSCR,MEJOR_EN_ESCENARIO,FACTIBLE,NO_COSTEABLE (OPEX),NO_EVALUABLE (flujo no publicable),NO_RESPALDADO (0 % de la capacidad con demanda DOCUMENTADA/ASEGURADA),FALSE,6000,,,,,,,,"PENDIENTE: componentes sin dato (separados): VAN_NEGATIVO_ESCENARIOS, SENSIBILIDAD_VAN, PICO_FONDOS_RELATIVO",SCORE_ORDINAL_RIESGO (orden interno; NO ES PROBABILIDAD),PENDIENTE,,NO_EVALUABLE (COMPARABILIDAD FALSE),,"NO_COMPARABLE: faltan bloques económicos (VAN no publicable): OPEX; HARD_NO_EVALUABLE: CAPITAL_DISPONIBLE, AGUA",DATOS_FALTANTES: OPEX,OPEX,0,GRIS,CASO_PRUEBA_ARTIFICIAL_NO_ES_PROYECTO
ARTIFICIAL_TEST|NO_INVERTIR_AUN|MAX_DSCR,ARTIFICIAL_TEST,ARTIFICIAL_TEST,NO_INVERTIR_AUN,NO_INVERTIR_AUN,NO_INVERTIR_AUN,—,—,—,MAX_DSCR,MEJOR_EN_ESCENARIO,NO_APLICA,NO_APLICA_STATUS_QUO,NO_APLICA_STATUS_QUO,NO_APLICA_STATUS_QUO,NO_APLICA,,,,,,,,,NO_APLICA (status quo; el riesgo de no actuar no se modela),SCORE_ORDINAL_RIESGO (orden interno; NO ES PROBABILIDAD),NO_APLICA_STATUS_QUO,,NO_APLICA_STATUS_QUO,,"STATUS_QUO: alternativa de decisión, no proyecto productivo (ver DECISION_ESCENARIO / REGLAS_STATUS_QUO)",—,,,GRIS,CASO_PRUEBA_ARTIFICIAL_NO_ES_PROYECTO
ARTIFICIAL_TEST|ART-ASSET-LIGHT|MIN_RIESGO,ARTIFICIAL_TEST,ARTIFICIAL_TEST,ART-ASSET-LIGHT,OPERAR_ASSET_LIGHT,ART-ASSET-LIGHT,100,ARTIFICIAL,ESCALA_UNICA,MIN_RIESGO,MEJOR_EN_ESCENARIO,FACTIBLE,COSTEABLE,SÍ,NO_RESPALDADO (0 % de la capacidad con demanda DOCUMENTADA/ASEGURADA),TRUE,500,1091.780822,764.608508,2400,7923.425702,1.746506,1.057314,,0.269345,SCORE_ORDINAL_RIESGO (orden interno; NO ES PROBABILIDAD),0.894737,1,NO,1,,EVIDENCIA_INSUFICIENTE: ARTIFICIAL_TEST: ningún bloque tiene evidencia,,0,AMARILLO,CASO_PRUEBA_ARTIFICIAL_NO_ES_PROYECTO
ARTIFICIAL_TEST|ART-PLANTA-CHICA|MIN_RIESGO,ARTIFICIAL_TEST,ARTIFICIAL_TEST,ART-PLANTA-CHICA,PLANTA,ART-PLANTA-CHICA,100,ARTIFICIAL,ESCALA_UNICA,MIN_RIESGO,MEJOR_EN_ESCENARIO,FACTIBILIDAD_PENDIENTE,COSTEABLE,SÍ,NO_RESPALDADO (0 % de la capacidad con demanda DOCUMENTADA/ASEGURADA),TRUE,8000,8665.753425,8215.738204,4200,7159.93916,0.278307,3.510289,,0.364945,SCORE_ORDINAL_RIESGO (orden interno; NO ES PROBABILIDAD),0.894737,0.333834,DOMINADA_POR: ART-ASSET-LIGHT,2,,FACTIBILIDAD_FISICA_PENDIENTE: POTENCIA,,0,AMARILLO,CASO_PRUEBA_ARTIFICIAL_NO_ES_PROYECTO
ARTIFICIAL_TEST|ART-PLANTA-GRANDE|MIN_RIESGO,ARTIFICIAL_TEST,ARTIFICIAL_TEST,ART-PLANTA-GRANDE,PLANTA,ART-PLANTA-GRANDE,200,ARTIFICIAL,ESCALA_UNICA,MIN_RIESGO,MEJOR_EN_ESCENARIO,FACTIBLE,COSTEABLE,SÍ,NO_RESPALDADO (0 % de la capacidad con demanda DOCUMENTADA/ASEGURADA),TRUE,14000,15262.695018,14393.462709,6150,8990.762306,0.240987,3.842055,1.39818,0.412852,SCORE_ORDINAL_RIESGO (orden interno; NO ES PROBABILIDAD),0.789474,0,NO,3,,EVIDENCIA_INSUFICIENTE: ARTIFICIAL_TEST: ningún bloque tiene evidencia,,0,AMARILLO,CASO_PRUEBA_ARTIFICIAL_NO_ES_PROYECTO
ARTIFICIAL_TEST|ART-INTEGRADA|MIN_RIESGO,ARTIFICIAL_TEST,ARTIFICIAL_TEST,ART-INTEGRADA,PLANTA,ART-INTEGRADA,150,ARTIFICIAL,ESCALA_UNICA,MIN_RIESGO,MEJOR_EN_ESCENARIO,NO_FACTIBLE,COSTEABLE,NO (CAPITAL_DISPONIBLE),NO_RESPALDADO (0 % de la capacidad con demanda DOCUMENTADA/ASEGURADA),TRUE,22000,23531.845696,22334.635972,6750,2995.832977,0.147445,5.224926,-0.320982,0.655742,SCORE_ORDINAL_RIESGO (orden interno; NO ES PROBABILIDAD),0.421053,,"DOMINADA_POR: ART-ASSET-LIGHT, ART-PLANTA-CHICA, ART-PLANTA-GRANDE",,"FISICAMENTE_NO_FACTIBLE; INCUMPLE_HARD: CAPITAL_DISPONIBLE, AGUA",GATE_FISICO: AGUA,,0,ROJO,CASO_PRUEBA_ARTIFICIAL_NO_ES_PROYECTO
ARTIFICIAL_TEST|ART-INCOMPLETA|MIN_RIESGO,ARTIFICIAL_TEST,ARTIFICIAL_TEST,ART-INCOMPLETA,PLANTA,ART-INCOMPLETA,100,ARTIFICIAL,ESCALA_UNICA,MIN_RIESGO,MEJOR_EN_ESCENARIO,FACTIBLE,NO_COSTEABLE (OPEX),NO_EVALUABLE (flujo no publicable),NO_RESPALDADO (0 % de la capacidad con demanda DOCUMENTADA/ASEGURADA),FALSE,6000,,,,,,,,"PENDIENTE: componentes sin dato (separados): VAN_NEGATIVO_ESCENARIOS, SENSIBILIDAD_VAN, PICO_FONDOS_RELATIVO",SCORE_ORDINAL_RIESGO (orden interno; NO ES PROBABILIDAD),PENDIENTE,,NO_EVALUABLE (COMPARABILIDAD FALSE),,"NO_COMPARABLE: faltan bloques económicos (VAN no publicable): OPEX; HARD_NO_EVALUABLE: CAPITAL_DISPONIBLE, AGUA",DATOS_FALTANTES: OPEX,OPEX,0,GRIS,CASO_PRUEBA_ARTIFICIAL_NO_ES_PROYECTO
ARTIFICIAL_TEST|NO_INVERTIR_AUN|MIN_RIESGO,ARTIFICIAL_TEST,ARTIFICIAL_TEST,NO_INVERTIR_AUN,NO_INVERTIR_AUN,NO_INVERTIR_AUN,—,—,—,MIN_RIESGO,MEJOR_EN_ESCENARIO,NO_APLICA,NO_APLICA_STATUS_QUO,NO_APLICA_STATUS_QUO,NO_APLICA_STATUS_QUO,NO_APLICA,,,,,,,,,NO_APLICA (status quo; el riesgo de no actuar no se modela),SCORE_ORDINAL_RIESGO (orden interno; NO ES PROBABILIDAD),NO_APLICA_STATUS_QUO,,NO_APLICA_STATUS_QUO,,"STATUS_QUO: alternativa de decisión, no proyecto productivo (ver DECISION_ESCENARIO / REGLAS_STATUS_QUO)",—,,,GRIS,CASO_PRUEBA_ARTIFICIAL_NO_ES_PROYECTO
ARTIFICIAL_TEST|ART-ASSET-LIGHT|MAX_ROBUSTEZ,ARTIFICIAL_TEST,ARTIFICIAL_TEST,ART-ASSET-LIGHT,OPERAR_ASSET_LIGHT,ART-ASSET-LIGHT,100,ARTIFICIAL,ESCALA_UNICA,MAX_ROBUSTEZ,MEJOR_EN_ESCENARIO,FACTIBLE,COSTEABLE,SÍ,NO_RESPALDADO (0 % de la capacidad con demanda DOCUMENTADA/ASEGURADA),TRUE,500,1091.780822,764.608508,2400,7923.425702,1.746506,1.057314,,0.269345,SCORE_ORDINAL_RIESGO (orden interno; NO ES PROBABILIDAD),0.894737,1,NO,1,,EVIDENCIA_INSUFICIENTE: ARTIFICIAL_TEST: ningún bloque tiene evidencia,,0,AMARILLO,CASO_PRUEBA_ARTIFICIAL_NO_ES_PROYECTO
ARTIFICIAL_TEST|ART-PLANTA-CHICA|MAX_ROBUSTEZ,ARTIFICIAL_TEST,ARTIFICIAL_TEST,ART-PLANTA-CHICA,PLANTA,ART-PLANTA-CHICA,100,ARTIFICIAL,ESCALA_UNICA,MAX_ROBUSTEZ,MEJOR_EN_ESCENARIO,FACTIBILIDAD_PENDIENTE,COSTEABLE,SÍ,NO_RESPALDADO (0 % de la capacidad con demanda DOCUMENTADA/ASEGURADA),TRUE,8000,8665.753425,8215.738204,4200,7159.93916,0.278307,3.510289,,0.364945,SCORE_ORDINAL_RIESGO (orden interno; NO ES PROBABILIDAD),0.894737,1,DOMINADA_POR: ART-ASSET-LIGHT,2,,FACTIBILIDAD_FISICA_PENDIENTE: POTENCIA,,0,AMARILLO,CASO_PRUEBA_ARTIFICIAL_NO_ES_PROYECTO
ARTIFICIAL_TEST|ART-PLANTA-GRANDE|MAX_ROBUSTEZ,ARTIFICIAL_TEST,ARTIFICIAL_TEST,ART-PLANTA-GRANDE,PLANTA,ART-PLANTA-GRANDE,200,ARTIFICIAL,ESCALA_UNICA,MAX_ROBUSTEZ,MEJOR_EN_ESCENARIO,FACTIBLE,COSTEABLE,SÍ,NO_RESPALDADO (0 % de la capacidad con demanda DOCUMENTADA/ASEGURADA),TRUE,14000,15262.695018,14393.462709,6150,8990.762306,0.240987,3.842055,1.39818,0.412852,SCORE_ORDINAL_RIESGO (orden interno; NO ES PROBABILIDAD),0.789474,0,NO,3,,EVIDENCIA_INSUFICIENTE: ARTIFICIAL_TEST: ningún bloque tiene evidencia,,0,AMARILLO,CASO_PRUEBA_ARTIFICIAL_NO_ES_PROYECTO
ARTIFICIAL_TEST|ART-INTEGRADA|MAX_ROBUSTEZ,ARTIFICIAL_TEST,ARTIFICIAL_TEST,ART-INTEGRADA,PLANTA,ART-INTEGRADA,150,ARTIFICIAL,ESCALA_UNICA,MAX_ROBUSTEZ,MEJOR_EN_ESCENARIO,NO_FACTIBLE,COSTEABLE,NO (CAPITAL_DISPONIBLE),NO_RESPALDADO (0 % de la capacidad con demanda DOCUMENTADA/ASEGURADA),TRUE,22000,23531.845696,22334.635972,6750,2995.832977,0.147445,5.224926,-0.320982,0.655742,SCORE_ORDINAL_RIESGO (orden interno; NO ES PROBABILIDAD),0.421053,,"DOMINADA_POR: ART-ASSET-LIGHT, ART-PLANTA-CHICA, ART-PLANTA-GRANDE",,"FISICAMENTE_NO_FACTIBLE; INCUMPLE_HARD: CAPITAL_DISPONIBLE, AGUA",GATE_FISICO: AGUA,,0,ROJO,CASO_PRUEBA_ARTIFICIAL_NO_ES_PROYECTO
ARTIFICIAL_TEST|ART-INCOMPLETA|MAX_ROBUSTEZ,ARTIFICIAL_TEST,ARTIFICIAL_TEST,ART-INCOMPLETA,PLANTA,ART-INCOMPLETA,100,ARTIFICIAL,ESCALA_UNICA,MAX_ROBUSTEZ,MEJOR_EN_ESCENARIO,FACTIBLE,NO_COSTEABLE (OPEX),NO_EVALUABLE (flujo no publicable),NO_RESPALDADO (0 % de la capacidad con demanda DOCUMENTADA/ASEGURADA),FALSE,6000,,,,,,,,"PENDIENTE: componentes sin dato (separados): VAN_NEGATIVO_ESCENARIOS, SENSIBILIDAD_VAN, PICO_FONDOS_RELATIVO",SCORE_ORDINAL_RIESGO (orden interno; NO ES PROBABILIDAD),PENDIENTE,,NO_EVALUABLE (COMPARABILIDAD FALSE),,"NO_COMPARABLE: faltan bloques económicos (VAN no publicable): OPEX; HARD_NO_EVALUABLE: CAPITAL_DISPONIBLE, AGUA",DATOS_FALTANTES: OPEX,OPEX,0,GRIS,CASO_PRUEBA_ARTIFICIAL_NO_ES_PROYECTO
ARTIFICIAL_TEST|NO_INVERTIR_AUN|MAX_ROBUSTEZ,ARTIFICIAL_TEST,ARTIFICIAL_TEST,NO_INVERTIR_AUN,NO_INVERTIR_AUN,NO_INVERTIR_AUN,—,—,—,MAX_ROBUSTEZ,MEJOR_EN_ESCENARIO,NO_APLICA,NO_APLICA_STATUS_QUO,NO_APLICA_STATUS_QUO,NO_APLICA_STATUS_QUO,NO_APLICA,,,,,,,,,NO_APLICA (status quo; el riesgo de no actuar no se modela),SCORE_ORDINAL_RIESGO (orden interno; NO ES PROBABILIDAD),NO_APLICA_STATUS_QUO,,NO_APLICA_STATUS_QUO,,"STATUS_QUO: alternativa de decisión, no proyecto productivo (ver DECISION_ESCENARIO / REGLAS_STATUS_QUO)",—,,,GRIS,CASO_PRUEBA_ARTIFICIAL_NO_ES_PROYECTO
ARTIFICIAL_TEST|ART-ASSET-LIGHT|MAX_CRECIMIENTO,ARTIFICIAL_TEST,ARTIFICIAL_TEST,ART-ASSET-LIGHT,OPERAR_ASSET_LIGHT,ART-ASSET-LIGHT,100,ARTIFICIAL,ESCALA_UNICA,MAX_CRECIMIENTO,MEJOR_EN_ESCENARIO,FACTIBLE,COSTEABLE,SÍ,NO_RESPALDADO (0 % de la capacidad con demanda DOCUMENTADA/ASEGURADA),TRUE,500,1091.780822,764.608508,2400,7923.425702,1.746506,1.057314,,0.269345,SCORE_ORDINAL_RIESGO (orden interno; NO ES PROBABILIDAD),0.894737,0,NO,2,,EVIDENCIA_INSUFICIENTE: ARTIFICIAL_TEST: ningún bloque tiene evidencia,,0,AMARILLO,CASO_PRUEBA_ARTIFICIAL_NO_ES_PROYECTO
ARTIFICIAL_TEST|ART-PLANTA-CHICA|MAX_CRECIMIENTO,ARTIFICIAL_TEST,ARTIFICIAL_TEST,ART-PLANTA-CHICA,PLANTA,ART-PLANTA-CHICA,100,ARTIFICIAL,ESCALA_UNICA,MAX_CRECIMIENTO,MEJOR_EN_ESCENARIO,FACTIBILIDAD_PENDIENTE,COSTEABLE,SÍ,NO_RESPALDADO (0 % de la capacidad con demanda DOCUMENTADA/ASEGURADA),TRUE,8000,8665.753425,8215.738204,4200,7159.93916,0.278307,3.510289,,0.364945,SCORE_ORDINAL_RIESGO (orden interno; NO ES PROBABILIDAD),0.894737,0,DOMINADA_POR: ART-ASSET-LIGHT,3,,FACTIBILIDAD_FISICA_PENDIENTE: POTENCIA,,0,AMARILLO,CASO_PRUEBA_ARTIFICIAL_NO_ES_PROYECTO
ARTIFICIAL_TEST|ART-PLANTA-GRANDE|MAX_CRECIMIENTO,ARTIFICIAL_TEST,ARTIFICIAL_TEST,ART-PLANTA-GRANDE,PLANTA,ART-PLANTA-GRANDE,200,ARTIFICIAL,ESCALA_UNICA,MAX_CRECIMIENTO,MEJOR_EN_ESCENARIO,FACTIBLE,COSTEABLE,SÍ,NO_RESPALDADO (0 % de la capacidad con demanda DOCUMENTADA/ASEGURADA),TRUE,14000,15262.695018,14393.462709,6150,8990.762306,0.240987,3.842055,1.39818,0.412852,SCORE_ORDINAL_RIESGO (orden interno; NO ES PROBABILIDAD),0.789474,1,NO,1,,EVIDENCIA_INSUFICIENTE: ARTIFICIAL_TEST: ningún bloque tiene evidencia,,0,AMARILLO,CASO_PRUEBA_ARTIFICIAL_NO_ES_PROYECTO
ARTIFICIAL_TEST|ART-INTEGRADA|MAX_CRECIMIENTO,ARTIFICIAL_TEST,ARTIFICIAL_TEST,ART-INTEGRADA,PLANTA,ART-INTEGRADA,150,ARTIFICIAL,ESCALA_UNICA,MAX_CRECIMIENTO,MEJOR_EN_ESCENARIO,NO_FACTIBLE,COSTEABLE,NO (CAPITAL_DISPONIBLE),NO_RESPALDADO (0 % de la capacidad con demanda DOCUMENTADA/ASEGURADA),TRUE,22000,23531.845696,22334.635972,6750,2995.832977,0.147445,5.224926,-0.320982,0.655742,SCORE_ORDINAL_RIESGO (orden interno; NO ES PROBABILIDAD),0.421053,,"DOMINADA_POR: ART-ASSET-LIGHT, ART-PLANTA-CHICA, ART-PLANTA-GRANDE",,"FISICAMENTE_NO_FACTIBLE; INCUMPLE_HARD: CAPITAL_DISPONIBLE, AGUA",GATE_FISICO: AGUA,,0,ROJO,CASO_PRUEBA_ARTIFICIAL_NO_ES_PROYECTO
ARTIFICIAL_TEST|ART-INCOMPLETA|MAX_CRECIMIENTO,ARTIFICIAL_TEST,ARTIFICIAL_TEST,ART-INCOMPLETA,PLANTA,ART-INCOMPLETA,100,ARTIFICIAL,ESCALA_UNICA,MAX_CRECIMIENTO,MEJOR_EN_ESCENARIO,FACTIBLE,NO_COSTEABLE (OPEX),NO_EVALUABLE (flujo no publicable),NO_RESPALDADO (0 % de la capacidad con demanda DOCUMENTADA/ASEGURADA),FALSE,6000,,,,,,,,"PENDIENTE: componentes sin dato (separados): VAN_NEGATIVO_ESCENARIOS, SENSIBILIDAD_VAN, PICO_FONDOS_RELATIVO",SCORE_ORDINAL_RIESGO (orden interno; NO ES PROBABILIDAD),PENDIENTE,,NO_EVALUABLE (COMPARABILIDAD FALSE),,"NO_COMPARABLE: faltan bloques económicos (VAN no publicable): OPEX; HARD_NO_EVALUABLE: CAPITAL_DISPONIBLE, AGUA",DATOS_FALTANTES: OPEX,OPEX,0,GRIS,CASO_PRUEBA_ARTIFICIAL_NO_ES_PROYECTO
ARTIFICIAL_TEST|NO_INVERTIR_AUN|MAX_CRECIMIENTO,ARTIFICIAL_TEST,ARTIFICIAL_TEST,NO_INVERTIR_AUN,NO_INVERTIR_AUN,NO_INVERTIR_AUN,—,—,—,MAX_CRECIMIENTO,MEJOR_EN_ESCENARIO,NO_APLICA,NO_APLICA_STATUS_QUO,NO_APLICA_STATUS_QUO,NO_APLICA_STATUS_QUO,NO_APLICA,,,,,,,,,NO_APLICA (status quo; el riesgo de no actuar no se modela),SCORE_ORDINAL_RIESGO (orden interno; NO ES PROBABILIDAD),NO_APLICA_STATUS_QUO,,NO_APLICA_STATUS_QUO,,"STATUS_QUO: alternativa de decisión, no proyecto productivo (ver DECISION_ESCENARIO / REGLAS_STATUS_QUO)",—,,,GRIS,CASO_PRUEBA_ARTIFICIAL_NO_ES_PROYECTO
ARTIFICIAL_TEST|ART-ASSET-LIGHT|BALANCEADO,ARTIFICIAL_TEST,ARTIFICIAL_TEST,ART-ASSET-LIGHT,OPERAR_ASSET_LIGHT,ART-ASSET-LIGHT,100,ARTIFICIAL,ESCALA_UNICA,BALANCEADO,MEJOR_EN_ESCENARIO,FACTIBLE,COSTEABLE,SÍ,NO_RESPALDADO (0 % de la capacidad con demanda DOCUMENTADA/ASEGURADA),TRUE,500,1091.780822,764.608508,2400,7923.425702,1.746506,1.057314,,0.269345,SCORE_ORDINAL_RIESGO (orden interno; NO ES PROBABILIDAD),0.894737,1,NO,1,,EVIDENCIA_INSUFICIENTE: ARTIFICIAL_TEST: ningún bloque tiene evidencia,,0,AMARILLO,CASO_PRUEBA_ARTIFICIAL_NO_ES_PROYECTO
ARTIFICIAL_TEST|ART-PLANTA-CHICA|BALANCEADO,ARTIFICIAL_TEST,ARTIFICIAL_TEST,ART-PLANTA-CHICA,PLANTA,ART-PLANTA-CHICA,100,ARTIFICIAL,ESCALA_UNICA,BALANCEADO,MEJOR_EN_ESCENARIO,FACTIBILIDAD_PENDIENTE,COSTEABLE,SÍ,NO_RESPALDADO (0 % de la capacidad con demanda DOCUMENTADA/ASEGURADA),TRUE,8000,8665.753425,8215.738204,4200,7159.93916,0.278307,3.510289,,0.364945,SCORE_ORDINAL_RIESGO (orden interno; NO ES PROBABILIDAD),0.894737,0,DOMINADA_POR: ART-ASSET-LIGHT,3,,FACTIBILIDAD_FISICA_PENDIENTE: POTENCIA,,0,AMARILLO,CASO_PRUEBA_ARTIFICIAL_NO_ES_PROYECTO
ARTIFICIAL_TEST|ART-PLANTA-GRANDE|BALANCEADO,ARTIFICIAL_TEST,ARTIFICIAL_TEST,ART-PLANTA-GRANDE,PLANTA,ART-PLANTA-GRANDE,200,ARTIFICIAL,ESCALA_UNICA,BALANCEADO,MEJOR_EN_ESCENARIO,FACTIBLE,COSTEABLE,SÍ,NO_RESPALDADO (0 % de la capacidad con demanda DOCUMENTADA/ASEGURADA),TRUE,14000,15262.695018,14393.462709,6150,8990.762306,0.240987,3.842055,1.39818,0.412852,SCORE_ORDINAL_RIESGO (orden interno; NO ES PROBABILIDAD),0.789474,0.112843,NO,2,,EVIDENCIA_INSUFICIENTE: ARTIFICIAL_TEST: ningún bloque tiene evidencia,,0,AMARILLO,CASO_PRUEBA_ARTIFICIAL_NO_ES_PROYECTO
ARTIFICIAL_TEST|ART-INTEGRADA|BALANCEADO,ARTIFICIAL_TEST,ARTIFICIAL_TEST,ART-INTEGRADA,PLANTA,ART-INTEGRADA,150,ARTIFICIAL,ESCALA_UNICA,BALANCEADO,MEJOR_EN_ESCENARIO,NO_FACTIBLE,COSTEABLE,NO (CAPITAL_DISPONIBLE),NO_RESPALDADO (0 % de la capacidad con demanda DOCUMENTADA/ASEGURADA),TRUE,22000,23531.845696,22334.635972,6750,2995.832977,0.147445,5.224926,-0.320982,0.655742,SCORE_ORDINAL_RIESGO (orden interno; NO ES PROBABILIDAD),0.421053,,"DOMINADA_POR: ART-ASSET-LIGHT, ART-PLANTA-CHICA, ART-PLANTA-GRANDE",,"FISICAMENTE_NO_FACTIBLE; INCUMPLE_HARD: CAPITAL_DISPONIBLE, AGUA",GATE_FISICO: AGUA,,0,ROJO,CASO_PRUEBA_ARTIFICIAL_NO_ES_PROYECTO
ARTIFICIAL_TEST|ART-INCOMPLETA|BALANCEADO,ARTIFICIAL_TEST,ARTIFICIAL_TEST,ART-INCOMPLETA,PLANTA,ART-INCOMPLETA,100,ARTIFICIAL,ESCALA_UNICA,BALANCEADO,MEJOR_EN_ESCENARIO,FACTIBLE,NO_COSTEABLE (OPEX),NO_EVALUABLE (flujo no publicable),NO_RESPALDADO (0 % de la capacidad con demanda DOCUMENTADA/ASEGURADA),FALSE,6000,,,,,,,,"PENDIENTE: componentes sin dato (separados): VAN_NEGATIVO_ESCENARIOS, SENSIBILIDAD_VAN, PICO_FONDOS_RELATIVO",SCORE_ORDINAL_RIESGO (orden interno; NO ES PROBABILIDAD),PENDIENTE,,NO_EVALUABLE (COMPARABILIDAD FALSE),,"NO_COMPARABLE: faltan bloques económicos (VAN no publicable): OPEX; HARD_NO_EVALUABLE: CAPITAL_DISPONIBLE, AGUA",DATOS_FALTANTES: OPEX,OPEX,0,GRIS,CASO_PRUEBA_ARTIFICIAL_NO_ES_PROYECTO
ARTIFICIAL_TEST|NO_INVERTIR_AUN|BALANCEADO,ARTIFICIAL_TEST,ARTIFICIAL_TEST,NO_INVERTIR_AUN,NO_INVERTIR_AUN,NO_INVERTIR_AUN,—,—,—,BALANCEADO,MEJOR_EN_ESCENARIO,NO_APLICA,NO_APLICA_STATUS_QUO,NO_APLICA_STATUS_QUO,NO_APLICA_STATUS_QUO,NO_APLICA,,,,,,,,,NO_APLICA (status quo; el riesgo de no actuar no se modela),SCORE_ORDINAL_RIESGO (orden interno; NO ES PROBABILIDAD),NO_APLICA_STATUS_QUO,,NO_APLICA_STATUS_QUO,,"STATUS_QUO: alternativa de decisión, no proyecto productivo (ver DECISION_ESCENARIO / REGLAS_STATUS_QUO)",—,,,GRIS,CASO_PRUEBA_ARTIFICIAL_NO_ES_PROYECTO
