ALTERNATIVA,AMBITO,CAJA_MINIMA,DELTA_CAJA_MINIMA,DELTA_DSCR,DELTA_EBITDA,DELTA_FONDOS_INICIALES,DELTA_PAYBACK,DELTA_PICO_FONDOS,DELTA_TIR,DELTA_VAN,DSCR,EBITDA,ESTADO,ETIQUETA,FONDOS_INICIALES,ID_STRESS,MOTIVO,NOMBRE,ORIGEN_VALORES,PAYBACK,PICO_FONDOS,SHOCKS,TIR,UNIVERSO,VAN
ART-ASSET-LIGHT,ARTIFICIAL_TEST,-229.817352,34.791156,,-900,-184.931507,0.143483,-34.791156,,-3101.338282,,1500,OK,CASO_PRUEBA_ARTIFICIAL_NO_ES_PROYECTO,906.849315,ST-DEM,,Stress demanda,ARTIFICIAL,1.200796,729.817352,"{""demanda"": -0.3}",,ARTIFICIAL_TEST,4822.087419
ART-ASSET-LIGHT,ARTIFICIAL_TEST,-390.217736,-125.609229,,-720,-29.589041,0.323596,125.609229,,-2716.030462,,1680,OK,CASO_PRUEBA_ARTIFICIAL_NO_ES_PROYECTO,1062.191781,ST-ALI,,Stress alimento,ARTIFICIAL,1.380909,890.217736,"{""alimento"": 0.2}",,ARTIFICIAL_TEST,5207.39524
ART-ASSET-LIGHT,ARTIFICIAL_TEST,-412.693439,-148.084932,,-1200,-98.630137,0.665185,148.084932,,-4460.999722,,1200,OK,CASO_PRUEBA_ARTIFICIAL_NO_ES_PROYECTO,993.150685,ST-PRE,,Stress precio,ARTIFICIAL,1.722499,912.693439,"{""precio_venta"": -0.1}",,ARTIFICIAL_TEST,3462.42598
ART-ASSET-LIGHT,ARTIFICIAL_TEST,-389.608508,-125,,0,125,0.071433,125,,-104.090682,,2400,OK,CASO_PRUEBA_ARTIFICIAL_NO_ES_PROYECTO,1216.780822,ST-CAP,,Stress CAPEX,ARTIFICIAL,1.128747,889.608508,"{""capex"": 0.25}",,ARTIFICIAL_TEST,7819.33502
ART-ASSET-LIGHT,ARTIFICIAL_TEST,-229.817352,34.791156,,0,0,0.243456,-34.791156,,-479.173231,,2400,OK,CASO_PRUEBA_ARTIFICIAL_NO_ES_PROYECTO,1091.780822,ST-RAMP,,Stress ramp-up,ARTIFICIAL,1.300769,729.817352,"{""rampup"": 1.0}",,ARTIFICIAL_TEST,7444.25247
ART-ASSET-LIGHT,ARTIFICIAL_TEST,-1045.759193,-781.150685,,0,986.30137,0.581889,781.150685,,-2736.837551,,2400,OK,CASO_PRUEBA_ARTIFICIAL_NO_ES_PROYECTO,2078.082192,ST-FIN,,Stress financiero,ARTIFICIAL,1.639202,1545.759193,"{""tasa_descuento"": 0.5, ""dias_cobro"": 30.0}",,ARTIFICIAL_TEST,5186.58815
ART-ASSET-LIGHT,ARTIFICIAL_TEST,-703.833598,-439.22509,,-2136,-100.863014,5.156007,439.22509,,-7974.731759,,264,OK,CASO_PRUEBA_ARTIFICIAL_NO_ES_PROYECTO,990.917808,ST-COMB,,Stress combinado,ARTIFICIAL,6.21332,1203.833598,"{""precio_venta"": -0.1, ""alimento"": 0.2, ""demanda"": -0.2, ""capex"": 0.25}",,ARTIFICIAL_TEST,-51.306057
ART-PLANTA-CHICA,ARTIFICIAL_TEST,-215.738204,0,,-1890,-225.616438,1.718428,0,,-6193.025388,,2310,OK,CASO_PRUEBA_ARTIFICIAL_NO_ES_PROYECTO,8440.136986,ST-DEM,,Stress demanda,ARTIFICIAL,5.228717,8215.738204,"{""demanda"": -0.3}",,ARTIFICIAL_TEST,966.913772
ART-PLANTA-CHICA,ARTIFICIAL_TEST,-252.864936,-37.126732,,-720,-29.589041,0.527542,37.126732,,-2528.977396,,3480,OK,CASO_PRUEBA_ARTIFICIAL_NO_ES_PROYECTO,8636.164384,ST-ALI,,Stress alimento,ARTIFICIAL,4.037831,8252.864936,"{""alimento"": 0.2}",,ARTIFICIAL_TEST,4630.961764
ART-PLANTA-CHICA,ARTIFICIAL_TEST,-275.340639,-59.602435,,-1200,-98.630137,0.974031,59.602435,,-4150.46226,,3000,OK,CASO_PRUEBA_ARTIFICIAL_NO_ES_PROYECTO,8567.123288,ST-PRE,,Stress precio,ARTIFICIAL,4.48432,8275.340639,"{""precio_venta"": -0.1}",,ARTIFICIAL_TEST,3009.4769
ART-PLANTA-CHICA,ARTIFICIAL_TEST,-2215.738204,-2000,,0,2000,0.561538,2000,,-1687.772333,,4200,OK,CASO_PRUEBA_ARTIFICIAL_NO_ES_PROYECTO,10665.753425,ST-CAP,,Stress CAPEX,ARTIFICIAL,4.071827,10215.738204,"{""capex"": 0.25}",,ARTIFICIAL_TEST,5472.166827
ART-PLANTA-CHICA,ARTIFICIAL_TEST,-215.738204,0,,0,0,0.28521,0,,-736.959422,,4200,OK,CASO_PRUEBA_ARTIFICIAL_NO_ES_PROYECTO,8665.753425,ST-RAMP,,Stress ramp-up,ARTIFICIAL,3.795499,8215.738204,"{""rampup"": 1.0}",,ARTIFICIAL_TEST,6422.979738
ART-PLANTA-CHICA,ARTIFICIAL_TEST,-908.406393,-692.668189,,0,986.30137,0.310158,692.668189,,-4336.604992,,4200,OK,CASO_PRUEBA_ARTIFICIAL_NO_ES_PROYECTO,9652.054795,ST-FIN,,Stress financiero,ARTIFICIAL,3.820447,8908.406393,"{""tasa_descuento"": 0.5, ""dias_cobro"": 30.0}",,ARTIFICIAL_TEST,2823.334168
ART-PLANTA-CHICA,ARTIFICIAL_TEST,-2400.949868,-2185.211664,,-2796,1747.013699,5.398238,2185.211664,,-11194.488793,,1404,OK,CASO_PRUEBA_ARTIFICIAL_NO_ES_PROYECTO,10412.767123,ST-COMB,,Stress combinado,ARTIFICIAL,8.908527,10400.949868,"{""precio_venta"": -0.1, ""alimento"": 0.2, ""demanda"": -0.2, ""capex"": 0.25}",,ARTIFICIAL_TEST,-4034.549633
ART-PLANTA-GRANDE,ARTIFICIAL_TEST,6291.269815,0,-0.251585,-2835,-338.424658,2.105222,0,,-9557.079317,1.146595,3315,OK,CASO_PRUEBA_ARTIFICIAL_NO_ES_PROYECTO,14924.270361,ST-DEM,,Stress demanda,ARTIFICIAL,5.947276,14393.462709,"{""demanda"": -0.3}",,ARTIFICIAL_TEST,-566.317011
ART-PLANTA-GRANDE,ARTIFICIAL_TEST,6257.479861,-33.789954,-0.543549,-1080,-44.383562,0.616066,33.789954,,-3861.097655,0.854632,5070,OK,CASO_PRUEBA_ARTIFICIAL_NO_ES_PROYECTO,15218.311456,ST-ALI,,Stress alimento,ARTIFICIAL,4.458121,14427.252664,"{""alimento"": 0.2}",,ARTIFICIAL_TEST,5129.664651
ART-PLANTA-GRANDE,ARTIFICIAL_TEST,6282.417394,-8.852421,-0.717928,-1800,-147.945205,1.14108,1.342466,,-6327.187082,0.680252,4350,OK,CASO_PRUEBA_ARTIFICIAL_NO_ES_PROYECTO,15114.749813,ST-PRE,,Stress precio,ARTIFICIAL,4.983135,14394.805175,"{""precio_venta"": -0.1}",,ARTIFICIAL_TEST,2663.575223
ART-PLANTA-GRANDE,ARTIFICIAL_TEST,2791.269815,-3500,0.09714,0,3500,0.651984,3500,,-2953.601582,1.49532,6150,OK,CASO_PRUEBA_ARTIFICIAL_NO_ES_PROYECTO,18762.695018,ST-CAP,,Stress CAPEX,ARTIFICIAL,4.494039,17893.462709,"{""capex"": 0.25}",,ARTIFICIAL_TEST,6037.160724
ART-PLANTA-GRANDE,ARTIFICIAL_TEST,6291.269815,0,-0.486643,0,0,0.169046,0,,-656.829665,0.911538,6150,OK,CASO_PRUEBA_ARTIFICIAL_NO_ES_PROYECTO,15262.695018,ST-RAMP,,Stress ramp-up,ARTIFICIAL,4.011101,14393.462709,"{""rampup"": 1.0}",,ARTIFICIAL_TEST,8333.932641
ART-PLANTA-GRANDE,ARTIFICIAL_TEST,5099.020134,-1192.249681,-2.737402,0,1479.452055,0.313112,1057.135049,,-6527.195534,-1.339221,6150,OK,CASO_PRUEBA_ARTIFICIAL_NO_ES_PROYECTO,16742.147073,ST-FIN,,Stress financiero,ARTIFICIAL,4.155166,15450.597758,"{""tasa_descuento"": 0.5, ""dias_cobro"": 30.0}",,ARTIFICIAL_TEST,2463.566772
ART-PLANTA-GRANDE,ARTIFICIAL_TEST,2416.59125,-3874.678565,-1.746286,-4194,3120.520548,,3539.44293,,-17558.959738,-0.348106,1956,OK,CASO_PRUEBA_ARTIFICIAL_NO_ES_PROYECTO,18383.215566,ST-COMB,,Stress combinado,ARTIFICIAL,,17932.905639,"{""precio_venta"": -0.1, ""alimento"": 0.2, ""demanda"": -0.2, ""capex"": 0.25}",,ARTIFICIAL_TEST,-8568.197433
ART-INTEGRADA,ARTIFICIAL_TEST,9006.916148,26.824763,0.034743,-3315,-358.150685,3.011867,0,,-10579.252609,-0.286239,3435,OK,CASO_PRUEBA_ARTIFICIAL_NO_ES_PROYECTO,23173.695012,ST-DEM,,Stress demanda,ARTIFICIAL,8.236793,22334.635972,"{""demanda"": -0.3}",,ARTIFICIAL_TEST,-7583.419632
ART-INTEGRADA,ARTIFICIAL_TEST,8805.634123,-174.457262,-0.225956,-1000,-41.09589,0.649792,87.646292,,-3416.06409,-0.546939,5750,OK,CASO_PRUEBA_ARTIFICIAL_NO_ES_PROYECTO,23490.749806,ST-ALI,,Stress alimento,ARTIFICIAL,5.874719,22422.282264,"{""alimento"": 0.2}",,ARTIFICIAL_TEST,-420.231113
ART-INTEGRADA,ARTIFICIAL_TEST,8656.439802,-323.651583,-0.287699,-1800,-147.945205,1.301647,135.316428,,-6052.109525,-0.608681,4950,OK,CASO_PRUEBA_ARTIFICIAL_NO_ES_PROYECTO,23383.900491,ST-PRE,,Stress precio,ARTIFICIAL,6.526573,22469.952399,"{""precio_venta"": -0.1}",,ARTIFICIAL_TEST,-3056.276549
ART-INTEGRADA,ARTIFICIAL_TEST,3480.091385,-5500,0,0,5500,0.855475,5500,,-4671.188966,-0.320982,6750,OK,CASO_PRUEBA_ARTIFICIAL_NO_ES_PROYECTO,29031.845696,ST-CAP,,Stress CAPEX,ARTIFICIAL,6.080401,27834.635972,"{""capex"": 0.25}",,ARTIFICIAL_TEST,-1675.355989
ART-INTEGRADA,ARTIFICIAL_TEST,8416.350777,-563.740608,0.10091,0,0,0.283956,0,,-1211.539876,-0.220072,6750,OK,CASO_PRUEBA_ARTIFICIAL_NO_ES_PROYECTO,23531.845696,ST-RAMP,,Stress ramp-up,ARTIFICIAL,5.508883,22334.635972,"{""rampup"": 1.0}",,ARTIFICIAL_TEST,1784.293101
ART-INTEGRADA,ARTIFICIAL_TEST,7755.942542,-1224.148843,-1.517615,0,1479.452055,0.274736,1084.915058,,-7144.28737,-1.838598,6750,OK,CASO_PRUEBA_ARTIFICIAL_NO_ES_PROYECTO,25011.297751,ST-FIN,,Stress financiero,ARTIFICIAL,5.499662,23419.551029,"{""tasa_descuento"": 0.5, ""dias_cobro"": 30.0}",,ARTIFICIAL_TEST,-4148.454393
ART-INTEGRADA,ARTIFICIAL_TEST,526.303608,-8453.787776,-0.513655,-4450,5110,,5809.77369,,-20210.409821,-0.834637,2300,OK,CASO_PRUEBA_ARTIFICIAL_NO_ES_PROYECTO,28641.845696,ST-COMB,,Stress combinado,ARTIFICIAL,,28144.409661,"{""precio_venta"": -0.1, ""alimento"": 0.2, ""demanda"": -0.2, ""capex"": 0.25}",,ARTIFICIAL_TEST,-17214.576845
