id,categoria,indicador,producto,origen,destino,anio,periodo,valor,unidad,base_definicion,fuente,clasificacion,verificacion_documental,solidez,notas
E001,mundo,produccion_carne_pollo,carne de pollo,mundo,-,2026,pronostico abr-2026,110.7,Mt,equivalente listo para cocinar (USDA),FTE-019,PENDIENTE DE VERIFICACIÓN DOCUMENTAL PRIMARIA,no verificado (solo extracto de buscador),media,+~3% vs 2025
E002,mundo,exportaciones_carne_pollo,carne de pollo,mundo,-,2026,pronostico,14.8,Mt,USDA; excluye garras en algunas series,FTE-019,PENDIENTE DE VERIFICACIÓN DOCUMENTAL PRIMARIA,no verificado (solo extracto de buscador),media,récord; +498.000 t (+3%)
E003,mundo,exportaciones_carne_pollo,carne de pollo,mundo,-,2025,pronostico de 2025,13.8,Mt,USDA,FTE-019,PENDIENTE DE VERIFICACIÓN DOCUMENTAL PRIMARIA,no verificado (solo extracto de buscador),media,extracto de edición 2025
E004,mundo,participacion_comercio_en_produccion,carne de pollo,mundo,-,2026,pronostico,13,%,E002/E001,FTE-019,ESTIMACIÓN,derivado (cálculo propio sobre datos no verificados),derivada,~87% se consume en el país productor
E005,mundo,crecimiento_consumo_aviar,carne aviar,mundo,-,2025-2034,proyeccion,21,%,OECD-FAO,FTE-124,PENDIENTE DE VERIFICACIÓN DOCUMENTAL PRIMARIA,no verificado (solo extracto de buscador),media,Asia 55% del crecimiento de producción de carne; África +33% consumo de carne
E006,produccion,produccion_carne_pollo,carne de pollo,China,-,2026,pronostico,17.3,Mt,USDA,FTE-019,PENDIENTE DE VERIFICACIÓN DOCUMENTAL PRIMARIA,no verificado (solo extracto de buscador),media,+5%
E007,produccion,produccion_carne_pollo,carne de pollo,Brasil,-,2026,pronostico,15.8,Mt,USDA,FTE-019,PENDIENTE DE VERIFICACIÓN DOCUMENTAL PRIMARIA,no verificado (solo extracto de buscador),media,+2%
E008,exportadores,exportacion_volumen,carne de frango (incluye procesados),Brasil,mundo,2025,anual,5.324,Mt,ABPA,FTE-087,PENDIENTE DE VERIFICACIÓN DOCUMENTAL PRIMARIA,no verificado (solo extracto de buscador),media,"+0,6%; récord"
E009,exportadores,exportacion_valor,carne de frango,Brasil,mundo,2025,anual,9790,M USD,ABPA,FTE-087,PENDIENTE DE VERIFICACIÓN DOCUMENTAL PRIMARIA,no verificado (solo extracto de buscador),media,"-1,4%"
E010,exportadores,participacion_comercio_mundial,carne de pollo,Brasil,mundo,2025,anual,36,%,USDA,FTE-019,PENDIENTE DE VERIFICACIÓN DOCUMENTAL PRIMARIA,no verificado (solo extracto de buscador),media,>36%
E011,exportadores,exportacion_volumen,broiler meat,EE.UU.,mundo,2025-2026,anual,3.04,Mt,"6,7 mil millones de lb x 0,4536",FTE-139,ESTIMACIÓN,derivado (cálculo propio sobre datos no verificados),derivada,"conversión propia; exporta 13,9% de su producción (FTE-120)"
E012,exportadores,exportacion_volumen,carne de pollo (70% procesada),Tailandia,mundo,2025,anual,1.3,Mt,prensa sectorial,FTE-121,PENDIENTE DE VERIFICACIÓN DOCUMENTAL PRIMARIA,no verificado (solo extracto de buscador),baja,Japón ~500 kt; UK ~200 kt; UE 170-180 kt
E013,exportadores,exportacion_valor,carne de pollo,Tailandia,mundo,2025,anual,4250,M USD,prensa sectorial,FTE-121,PENDIENTE DE VERIFICACIÓN DOCUMENTAL PRIMARIA,no verificado (solo extracto de buscador),baja,~156.000 M THB
E014,exportadores,exportacion_volumen,carne de pollo,China,mundo,2025,pronostico,1.4,Mt,USDA,FTE-019,PENDIENTE DE VERIFICACIÓN DOCUMENTAL PRIMARIA,no verificado (solo extracto de buscador),media,+29%
E015,exportadores,exportacion_volumen,carne de pollo,China,mundo,2026,ene-may,546000,t,USDA GAIN,FTE-090,PENDIENTE DE VERIFICACIÓN DOCUMENTAL PRIMARIA,no verificado (solo extracto de buscador),media,+51% interanual; pechuga >50% en 1T-2026
E016,exportadores,exportacion_volumen,carne de pollo,Turquía,mundo,2025,estimacion,420000,t,USDA GAIN,FTE-122,PENDIENTE DE VERIFICACIÓN DOCUMENTAL PRIMARIA,no verificado (solo extracto de buscador),media,+5%
E017,exportadores,exportacion_volumen,carne de pollo,Turquía,Irak,2024,anual,180000,t,USDA GAIN,FTE-122,PENDIENTE DE VERIFICACIÓN DOCUMENTAL PRIMARIA,no verificado (solo extracto de buscador),media,-24%; ene-jun 2025 -57%
E018,exportadores,exportacion_volumen,carne aviar,Ucrania,mundo,2025,anual,436000,t,prensa,FTE-123,PENDIENTE DE VERIFICACIÓN DOCUMENTAL PRIMARIA,no verificado (solo extracto de buscador),baja,"-2%; UE 30,6%, Medio Oriente 27,2%"
E019,exportadores,exportacion_volumen,carne aviar,Rusia,China,2025,ene-oct,134000,t,prensa (TASS),FTE-090,PENDIENTE DE VERIFICACIÓN DOCUMENTAL PRIMARIA,no verificado (solo extracto de buscador),baja,USD 381 M
E020,destinos_brasil,exportacion_volumen,carne de frango,Brasil,EAU,2025,anual,479900,t,ABPA,FTE-087,PENDIENTE DE VERIFICACIÓN DOCUMENTAL PRIMARIA,no verificado (solo extracto de buscador),media,"+5,5%; 1° destino"
E021,destinos_brasil,exportacion_volumen,carne de frango,Brasil,Japón,2025,anual,402900,t,ABPA,FTE-087,PENDIENTE DE VERIFICACIÓN DOCUMENTAL PRIMARIA,no verificado (solo extracto de buscador),media,"-9,1%"
E022,destinos_brasil,exportacion_volumen,carne de frango,Brasil,Arabia Saudita,2025,anual,397200,t,ABPA,FTE-087,PENDIENTE DE VERIFICACIÓN DOCUMENTAL PRIMARIA,no verificado (solo extracto de buscador),media,"+7,1%"
E023,destinos_brasil,exportacion_volumen,carne de frango,Brasil,Sudáfrica,2025,anual,336000,t,ABPA,FTE-087,PENDIENTE DE VERIFICACIÓN DOCUMENTAL PRIMARIA,no verificado (solo extracto de buscador),media,"+3,3%"
E024,destinos_brasil,exportacion_volumen,carne de frango,Brasil,Filipinas,2025,anual,264200,t,ABPA,FTE-087,PENDIENTE DE VERIFICACIÓN DOCUMENTAL PRIMARIA,no verificado (solo extracto de buscador),media,"+12,5%; >60% CMS (FTE-131)"
E025,destinos_brasil,exportacion_volumen,carne de frango,Brasil,África (total),2025,anual,>1,Mt,prensa,FTE-129,PENDIENTE DE VERIFICACIÓN DOCUMENTAL PRIMARIA,no verificado (solo extracto de buscador),baja,Angola 106.346 t
E026,importadores,importacion_volumen,carne de pollo,mundo,México,2026,pronostico,1.1,Mt,USDA GAIN,FTE-125,PENDIENTE DE VERIFICACIÓN DOCUMENTAL PRIMARIA,no verificado (solo extracto de buscador),media,+8%; Brasil sin arancel
E027,importadores,importacion_volumen,productos avícolas,mundo,UE,2024,anual,388000,t,S&P Global,FTE-112,PENDIENTE DE VERIFICACIÓN DOCUMENTAL PRIMARIA,no verificado (solo extracto de buscador),media,-4%
E028,importadores,participacion_proveedor,productos avícolas,Brasil,UE,2024,4T,49,%,S&P Global,FTE-112,PENDIENTE DE VERIFICACIÓN DOCUMENTAL PRIMARIA,no verificado (solo extracto de buscador),media,
E029,importadores,importacion_volumen,carne de pollo,mundo,Japón,2024-2025,a confirmar,647000,t,S&P Global,FTE-127,PENDIENTE DE VERIFICACIÓN DOCUMENTAL PRIMARIA,no verificado (solo extracto de buscador),baja,"no cierra con Brasil 402,9 kt + Tailandia ~500 kt (cocidos vs crudo)"
E030,importadores,importacion_volumen,carne de pollo,mundo,EAU,2024,anual,573000,t,consultora IndexBox,FTE-117,PENDIENTE DE VERIFICACIÓN DOCUMENTAL PRIMARIA,no verificado (solo extracto de buscador),baja,
E031,importadores,importacion_volumen,carne de pollo,mundo,Arabia Saudita,2024,anual,509000,t,consultora IndexBox,FTE-117,PENDIENTE DE VERIFICACIÓN DOCUMENTAL PRIMARIA,no verificado (solo extracto de buscador),baja,Brasil ~70% en 2025 (FTE-113)
E032,importadores,importacion_volumen,carne de pollo,mundo,Qatar,2024,anual,147000,t,consultora IndexBox,FTE-117,PENDIENTE DE VERIFICACIÓN DOCUMENTAL PRIMARIA,no verificado (solo extracto de buscador),baja,
E033,importadores,autoabastecimiento,carne de pollo,Arabia Saudita,-,2022,anual,68,%,USDA GAIN,FTE-114,PENDIENTE DE VERIFICACIÓN DOCUMENTAL PRIMARIA,no verificado (solo extracto de buscador),media,45% en 2016; meta 80% en 2025; otro extracto dice ~90% (contradicción)
E034,importadores,importacion_volumen,carne aviar,Brasil,Chile,2025,ene-jul,33382,t,ODEPA,FTE-126,PENDIENTE DE VERIFICACIÓN DOCUMENTAL PRIMARIA,no verificado (solo extracto de buscador),media,"57,3% del total importado por Chile"
E035,importadores,participacion_proveedor,carne aviar,Argentina,Chile,2025,ene-jul,8.1,%,ODEPA,FTE-126,PENDIENTE DE VERIFICACIÓN DOCUMENTAL PRIMARIA,no verificado (solo extracto de buscador),media,"EE.UU. 34,1%"
E036,importadores,importacion_total,carne aviar,mundo,Chile,2025,anualizado,100000,t,"33.382/0,573 x 12/7",FTE-126,ESTIMACIÓN,derivado (cálculo propio sobre datos no verificados),derivada,orden de magnitud
E037,importadores,importacion_volumen,carne de pollo,EE.UU.,Vietnam,2025,1S,115000-120000,t,prensa y USDA,FTE-130,PENDIENTE DE VERIFICACIÓN DOCUMENTAL PRIMARIA,no verificado (solo extracto de buscador),baja,UE 28-30 kt; Brasil 24-26 kt; importado = ~11% del consumo
E038,china,participacion_proveedor,garras,Brasil;Rusia,China,2025,anual,47.9;25.9,%,USDA ATO Guangzhou,FTE-089,PENDIENTE DE VERIFICACIÓN DOCUMENTAL PRIMARIA,no verificado (solo extracto de buscador),media,Chile y Argentina >10.000 t cada uno (productos avícolas)
E039,china,tiempo_abierto_para_argentina,carne aviar,Argentina,China,2023-2026,mar-2023 a sept-2026 (fechas no verificadas),10-12,%,~4-5 meses abiertos sobre ~42,FTE-092;FTE-014,ESTIMACIÓN,derivado (cálculo propio sobre datos no verificados),"baja: fuente débil, parcial o contradictoria",Condicionada a verificar fechas y alcance de la suspensión china (DPV-035); no usar como dato. cerrada mar-2023/abr-2025 y desde ago-2025
E040,precios,precio_promedio_exportacion,carne de frango (mix),Brasil,mundo,2025,anual,1839,USD/t,FOB; E009/E008,FTE-087,ESTIMACIÓN,derivado (cálculo propio sobre datos no verificados),derivada,PRELIMINAR: no usar para calcular rentabilidad.
E041,precios,precio_exportacion,pollo entero congelado,Brasil,mundo,2025,mar,1763,USD/t,FOB promedio,FTE-119,PENDIENTE DE VERIFICACIÓN DOCUMENTAL PRIMARIA,no verificado (solo extracto de buscador),baja,PRELIMINAR: no usar para calcular rentabilidad. consultora IndexBox
E042,precios,precio_exportacion,pollo entero congelado,Brasil,Arabia Saudita,2025,mar,2316,USD/t,FOB,FTE-119,PENDIENTE DE VERIFICACIÓN DOCUMENTAL PRIMARIA,no verificado (solo extracto de buscador),baja,PRELIMINAR: no usar para calcular rentabilidad.
E043,precios,precio_exportacion,pollo entero congelado,Brasil,Qatar,2025,mar,1862,USD/t,FOB,FTE-119,PENDIENTE DE VERIFICACIÓN DOCUMENTAL PRIMARIA,no verificado (solo extracto de buscador),baja,PRELIMINAR: no usar para calcular rentabilidad.
E044,precios,precio_exportacion,pollo entero congelado,Brasil,Egipto,2025,mar,1569,USD/t,FOB,FTE-119,PENDIENTE DE VERIFICACIÓN DOCUMENTAL PRIMARIA,no verificado (solo extracto de buscador),baja,PRELIMINAR: no usar para calcular rentabilidad.
E045,precios,precio_exportacion,pollo entero congelado,Brasil,Yemen,2025,mar,1587,USD/t,FOB,FTE-119,PENDIENTE DE VERIFICACIÓN DOCUMENTAL PRIMARIA,no verificado (solo extracto de buscador),baja,PRELIMINAR: no usar para calcular rentabilidad.
E046,precios,precio_exportacion,pollo entero congelado,Brasil,mundo,2025,jul,1776,USD/t,FOB promedio,FTE-119,PENDIENTE DE VERIFICACIÓN DOCUMENTAL PRIMARIA,no verificado (solo extracto de buscador),baja,PRELIMINAR: no usar para calcular rentabilidad.
E047,precios,precio_exportacion,cortes congelados,Brasil,China,2025,jul,2847,USD/t,FOB,FTE-119,PENDIENTE DE VERIFICACIÓN DOCUMENTAL PRIMARIA,no verificado (solo extracto de buscador),baja,PRELIMINAR: no usar para calcular rentabilidad.
E048,precios,precio_referencia,pechuga congelada,varios,Medio Oriente,2025,2025-05-30,2700,USD/t,CIF (Platts),FTE-118,PENDIENTE DE VERIFICACIÓN DOCUMENTAL PRIMARIA,no verificado (solo extracto de buscador),media,PRELIMINAR: no usar para calcular rentabilidad. mínimo histórico
E049,precios,precio_mayorista_interno,pechuga,UE,UE,2026,semana de jul,626,EUR/100 kg,mayorista interno UE,FTE-111,PENDIENTE DE VERIFICACIÓN DOCUMENTAL PRIMARIA,no verificado (solo extracto de buscador),media,"PRELIMINAR: no usar para calcular rentabilidad. -2,6% interanual; no es precio de importación"
E050,precios,precio_exportacion,cuartos traseros,EE.UU.,mundo,2024,jun,1192,USD/t,precio de exportación,FTE-120,PENDIENTE DE VERIFICACIÓN DOCUMENTAL PRIMARIA,no verificado (solo extracto de buscador),media,PRELIMINAR: no usar para calcular rentabilidad. 54 c/lb
E051,precios,precio_promedio,cuartos traseros a granel,EE.UU.,-,2024,anual,1100,USD/t,"~0,50 USD/lb / 0,4536",FTE-120,ESTIMACIÓN,derivado (cálculo propio sobre datos no verificados),derivada,PRELIMINAR: no usar para calcular rentabilidad.
E052,precios,precio_importacion,garras congeladas,todas,China,2025,anual,3519,USD/t,importación (CIF probable),FTE-089,PENDIENTE DE VERIFICACIÓN DOCUMENTAL PRIMARIA,no verificado (solo extracto de buscador),media,"PRELIMINAR: no usar para calcular rentabilidad. -3,8%"
E053,precios,precio_importacion,garras congeladas,todas,China,2025,dic,3104,USD/t,importación,FTE-089,PENDIENTE DE VERIFICACIÓN DOCUMENTAL PRIMARIA,no verificado (solo extracto de buscador),media,"PRELIMINAR: no usar para calcular rentabilidad. -16,3% interanual"
E054,precios,cotizacion,garras 1ª calidad,Argentina,China,s/f,incierto,2800,USD/t,cotización (base incierta),FTE-136,PENDIENTE DE VERIFICACIÓN DOCUMENTAL PRIMARIA,no verificado (solo extracto de buscador),baja,PRELIMINAR: no usar para calcular rentabilidad. no usar para modelar
E055,precios,cotizacion,garras 2ª calidad,Argentina,Medio Oriente,s/f,incierto,1500,USD/t,cotización,FTE-136,PENDIENTE DE VERIFICACIÓN DOCUMENTAL PRIMARIA,no verificado (solo extracto de buscador),baja,PRELIMINAR: no usar para calcular rentabilidad. otras cotizaciones: 1.400 y 1.050 USD/t
E056,precios,precio_mayorista,muslo deshuesado >=200 g,varios,Japón,2025,feb,370,JPY/kg,mayorista en Japón,FTE-127,PENDIENTE DE VERIFICACIÓN DOCUMENTAL PRIMARIA,no verificado (solo extracto de buscador),baja,PRELIMINAR: no usar para calcular rentabilidad.
E057,precios,precio_mayorista,muslo (origen Brasil),Brasil,Japón,2025,ene a dic,350-500,JPY/kg,mayorista en Japón,FTE-127,PENDIENTE DE VERIFICACIÓN DOCUMENTAL PRIMARIA,no verificado (solo extracto de buscador),baja,PRELIMINAR: no usar para calcular rentabilidad. +43%
E058,precios,precio_mayorista,muslo (origen Brasil),Brasil,Japón,2026,ene,600-650,JPY/kg,mayorista en Japón,FTE-127,PENDIENTE DE VERIFICACIÓN DOCUMENTAL PRIMARIA,no verificado (solo extracto de buscador),baja,PRELIMINAR: no usar para calcular rentabilidad.
E059,precios,precio_promedio_exportacion,carne de pollo (70% cocida),Tailandia,mundo,2025,anual,3270,USD/t,E013/E012,FTE-121,ESTIMACIÓN,derivado (cálculo propio sobre datos no verificados),derivada,PRELIMINAR: no usar para calcular rentabilidad. insumos débiles
E060,precios,precio_exportacion,carne de pollo (mix),Tailandia,Japón,2023,jul,2806,USD/t,promedio,FTE-121,PENDIENTE DE VERIFICACIÓN DOCUMENTAL PRIMARIA,no verificado (solo extracto de buscador),baja,PRELIMINAR: no usar para calcular rentabilidad.
E061,precios,oferta_comercial,CMS / MDM,Brasil,mundo,2025,s/f,400-600,USD/t,FOB oferta,FTE-137,PENDIENTE DE VERIFICACIÓN DOCUMENTAL PRIMARIA,no verificado (solo extracto de buscador),baja,PRELIMINAR: no usar para calcular rentabilidad. sitio comercial
E062,precios,oferta_comercial,hígado / molleja,Sudáfrica;Brasil,África,2025,s/f,300-450 / 400-800,USD/t,FOB oferta,FTE-137,PENDIENTE DE VERIFICACIÓN DOCUMENTAL PRIMARIA,no verificado (solo extracto de buscador),baja,PRELIMINAR: no usar para calcular rentabilidad. sitio comercial
E063,precios,oferta_comercial,harina de plumas,Sudamérica,mundo,2025-2026,s/f,350-650,USD/t,oferta granel,FTE-137,PENDIENTE DE VERIFICACIÓN DOCUMENTAL PRIMARIA,no verificado (solo extracto de buscador),baja,PRELIMINAR: no usar para calcular rentabilidad. sigue a harina de pescado con 40-60% de descuento
E064,precios,precio_promedio_exportacion,productos avícolas (definición amplia),Argentina,mundo,2025,anual,1196,USD/t,FOB; ver 01_mercado,FTE-020,ESTIMACIÓN,derivado (cálculo propio sobre datos no verificados),derivada,PRELIMINAR: no usar para calcular rentabilidad. dato base en 01_mercado/exportaciones.md
E065,precios,precio_promedio_exportacion,carne aviar,Argentina,mundo,2026,ene;feb,1056;1050,USD/t,FOB,FTE-032,PENDIENTE DE VERIFICACIÓN DOCUMENTAL PRIMARIA,no verificado (solo extracto de buscador),baja,PRELIMINAR: no usar para calcular rentabilidad.
E066,precios,precio_promedio_exportacion,carne aviar y preparados,Argentina,Arabia Saudita,2022,anual,1800,USD/t,>60 M USD / 33.384 t,FTE-069,ESTIMACIÓN,derivado (cálculo propio sobre datos no verificados),derivada,PRELIMINAR: no usar para calcular rentabilidad.
E067,precios,precio_promedio_importacion,"carne aviar (pechuga, CMS, prefritos)",Brasil,Argentina,2025,ago,2660,USD/t,"11,6 M / 4.360 t",FTE-075,ESTIMACIÓN,derivado (cálculo propio sobre datos no verificados),derivada,PRELIMINAR: no usar para calcular rentabilidad. dato base en 01_mercado/exportaciones.md
E068,argentina,exportacion_valor_complejo,complejo avícola,Argentina,mundo,2026,1S,93,M USD,INDEC complejos exportadores,FTE-101,PENDIENTE DE VERIFICACIÓN DOCUMENTAL PRIMARIA,no verificado (solo extracto de buscador),media,"-27,2% interanual; 0,2% del total exportado"
E069,argentina,variacion_exportacion,complejo avícola,Argentina,mundo,2026,1S,-38,%,Consejo Agroindustrial Argentino,FTE-102,PENDIENTE DE VERIFICACIÓN DOCUMENTAL PRIMARIA,no verificado (solo extracto de buscador),baja,contradice E068 (base y definición distintas)
E070,argentina,exportacion_pronostico,carne de pollo,Argentina,mundo,2026,pronostico,150000,t,USDA GAIN,FTE-093,PENDIENTE DE VERIFICACIÓN DOCUMENTAL PRIMARIA,no verificado (solo extracto de buscador),baja,sector: 170.000-180.000 t si China sigue cerrada
E071,argentina,exportacion_pronostico,carne de pollo,Argentina,mundo,2027,pronostico,125000,t,USDA GAIN,FTE-093,PENDIENTE DE VERIFICACIÓN DOCUMENTAL PRIMARIA,no verificado (solo extracto de buscador),baja,extracto de identificación incierta; incoherente con reaperturas
E072,argentina,exportacion_valor,carne aviar,Argentina,UE,2025,anual,>14,M USD,prensa sobre la reapertura,FTE-095,PENDIENTE DE VERIFICACIÓN DOCUMENTAL PRIMARIA,no verificado (solo extracto de buscador),media,
E073,argentina,exportacion_volumen,carne aviar,Argentina,China,2022-2023,hasta feb-2023,80000,t/año,CEPA vía prensa,FTE-092,PENDIENTE DE VERIFICACIÓN DOCUMENTAL PRIMARIA,no verificado (solo extracto de buscador),media,~35% del volumen exportado
E074,argentina,exportacion_volumen,productos avícolas,Argentina,China,2025,anual (abr-ago),>10000,t,USDA ATO Guangzhou,FTE-089,PENDIENTE DE VERIFICACIÓN DOCUMENTAL PRIMARIA,no verificado (solo extracto de buscador),media,
E075,argentina,participacion_destino,carne aviar,Argentina,Vietnam,2024;2026,anual;2026 parcial,17;20-21,%,SAGyP/BCR; prensa,FTE-024;FTE-091,PENDIENTE DE VERIFICACIÓN DOCUMENTAL PRIMARIA,no verificado (solo extracto de buscador),baja,1° destino
E076,acceso,cuota_ue_mercosur,carne aviar,Mercosur,UE,2026-2030,escalonada 5 años,180000,t peso canal,arancel 0 intra-cuota; 50% con hueso / 50% deshuesado,FTE-103,PENDIENTE DE VERIFICACIÓN DOCUMENTAL PRIMARIA,no verificado (solo extracto de buscador),media,aplicación provisional desde 2026-05-01; reparto intra-Mercosur pendiente
E077,acceso,arancel_nmf,cortes deshuesados congelados (NC 0207 14 10),terceros,UE,vigente,-,102.4,EUR/100 kg,NMF; ~40-60% ad valorem,FTE-106,PENDIENTE DE VERIFICACIÓN DOCUMENTAL PRIMARIA,no verificado (solo extracto de buscador),media,
E078,acceso,arancel,cortes con hueso congelados,no UE (incluye Argentina),Sudáfrica,2020-,vigente,62,%,ad valorem,FTE-128,PENDIENTE DE VERIFICACIÓN DOCUMENTAL PRIMARIA,no verificado (solo extracto de buscador),media,antes 37%
E079,acceso,antidumping,cortes con hueso,Brasil,Sudáfrica,2025,vigencia a verificar,hasta 265,%,adicional al 62%,FTE-128,PENDIENTE DE VERIFICACIÓN DOCUMENTAL PRIMARIA,no verificado (solo extracto de buscador),baja,con suspensiones
E080,acceso,aperturas_reaperturas,todas las cadenas,Argentina,varios,2026,1S,24;268,aperturas;reaperturas,SAGyP,FTE-096,PENDIENTE DE VERIFICACIÓN DOCUMENTAL PRIMARIA,no verificado (solo extracto de buscador),media,no desagregado por producto
E081,acceso,tiempo_suspension,carne de pollo,Brasil,China,2025,2025-05-16 a 2025-10-31,5.5,meses,fechas de brote y levantamiento,FTE-088,ESTIMACIÓN,derivado (cálculo propio sobre datos no verificados),derivada,UE: ~4 meses con zonificación
E082,logistica,carga_contenedor,pollo congelado,-,-,2025-2026,-,24-27,t por reefer 40',sitios de exportadores,FTE-135,PENDIENTE DE VERIFICACIÓN DOCUMENTAL PRIMARIA,no verificado (solo extracto de buscador),baja,cajas de 10 kg; -18 °C
E083,logistica,tiempo_transito,pollo congelado,Santos (Brasil),Jebel Ali (EAU),2025-2026,-,26-30,días,referencia brasileña,FTE-135,PENDIENTE DE VERIFICACIÓN DOCUMENTAL PRIMARIA,no verificado (solo extracto de buscador),baja,
E084,logistica,conexiones_reefer,-,Dock Sud (Exolgan),-,2025,-,1800,conexiones,prensa,FTE-134,PENDIENTE DE VERIFICACIÓN DOCUMENTAL PRIMARIA,no verificado (solo extracto de buscador),baja,
E085,logistica,movimiento_contenedores,-,Puerto de Buenos Aires,-,2025,1S,523545,TEU,ArgenPorts,FTE-134,PENDIENTE DE VERIFICACIÓN DOCUMENTAL PRIMARIA,no verificado (solo extracto de buscador),media,Exolgan 405.412; Zárate 38.831 (hasta mayo); TecPlata 2.023 (hasta abril)
