ID_PRECIO,PRODUCTO,CANAL,MERCADO,PRESENTACION,UNIDAD,PRECIO,MONEDA,FECHA,IVA,CONDICION_COMERCIAL,NIVEL_EVIDENCIA,FUENTE,ESTADO,TC_USADO,TIPO_TC,FECHA_TC,DPV,OBSERVACIONES
PV-001,pollo_entero,supermercados,INTERNO,PENDIENTE (refrigerado / congelado; DEC-005),USD/kg,,,,,,PENDIENTE,,PENDIENTE,,,,"DPV-013, DPV-039",Precio faltante = vacío (nunca 0)
PV-002,pollo_entero,mayoristas,INTERNO,PENDIENTE (refrigerado / congelado; DEC-005),USD/kg,,,,,,PENDIENTE,,PENDIENTE,,,,"DPV-013, DPV-039",Precio faltante = vacío (nunca 0)
PV-003,pollo_entero,carnicerias_pollerias,INTERNO,PENDIENTE (refrigerado / congelado; DEC-005),USD/kg,,,,,,PENDIENTE,,PENDIENTE,,,,"DPV-013, DPV-039",Precio faltante = vacío (nunca 0)
PV-004,pollo_entero,exportacion,EXPORTACION,PENDIENTE (refrigerado / congelado; DEC-005),USD/kg,,,,,,PENDIENTE,,PENDIENTE,,,,"DPV-013, DPV-039, DPV-026, DPV-024",Precio faltante = vacío (nunca 0); precio FOB por destino y categoría de acceso A–D (regla 17)
PV-005,pechuga,supermercados,INTERNO,PENDIENTE (refrigerado / congelado; DEC-005),USD/kg,,,,,,PENDIENTE,,PENDIENTE,,,,DPV-013,Precio faltante = vacío (nunca 0)
PV-006,pechuga,mayoristas,INTERNO,PENDIENTE (refrigerado / congelado; DEC-005),USD/kg,,,,,,PENDIENTE,,PENDIENTE,,,,DPV-013,Precio faltante = vacío (nunca 0)
PV-007,pechuga,carnicerias_pollerias,INTERNO,PENDIENTE (refrigerado / congelado; DEC-005),USD/kg,,,,,,PENDIENTE,,PENDIENTE,,,,DPV-013,Precio faltante = vacío (nunca 0)
PV-008,pechuga,gastronomia,INTERNO,PENDIENTE (refrigerado / congelado; DEC-005),USD/kg,,,,,,PENDIENTE,,PENDIENTE,,,,DPV-013,Precio faltante = vacío (nunca 0)
PV-009,pechuga_deshuesada,supermercados,INTERNO,PENDIENTE (refrigerado / congelado; DEC-005),USD/kg,,,,,,PENDIENTE,,PENDIENTE,,,,DPV-013,Precio faltante = vacío (nunca 0)
PV-010,pechuga_deshuesada,gastronomia,INTERNO,PENDIENTE (refrigerado / congelado; DEC-005),USD/kg,,,,,,PENDIENTE,,PENDIENTE,,,,DPV-013,Precio faltante = vacío (nunca 0)
PV-011,pechuga_deshuesada,industria,INTERNO,PENDIENTE (refrigerado / congelado; DEC-005),USD/kg,,,,,,PENDIENTE,,PENDIENTE,,,,DPV-013,Precio faltante = vacío (nunca 0)
PV-012,pechuga_deshuesada,exportacion,EXPORTACION,PENDIENTE (refrigerado / congelado; DEC-005),USD/kg,,,,,,PENDIENTE,,PENDIENTE,,,,"DPV-013, DPV-026, DPV-024",Precio faltante = vacío (nunca 0); precio FOB por destino y categoría de acceso A–D (regla 17)
PV-013,pata_muslo,supermercados,INTERNO,PENDIENTE (refrigerado / congelado; DEC-005),USD/kg,,,,,,PENDIENTE,,PENDIENTE,,,,DPV-013,Precio faltante = vacío (nunca 0)
PV-014,pata_muslo,mayoristas,INTERNO,PENDIENTE (refrigerado / congelado; DEC-005),USD/kg,,,,,,PENDIENTE,,PENDIENTE,,,,DPV-013,Precio faltante = vacío (nunca 0)
PV-015,pata_muslo,carnicerias_pollerias,INTERNO,PENDIENTE (refrigerado / congelado; DEC-005),USD/kg,,,,,,PENDIENTE,,PENDIENTE,,,,DPV-013,Precio faltante = vacío (nunca 0)
PV-016,pata_muslo,exportacion,EXPORTACION,PENDIENTE (refrigerado / congelado; DEC-005),USD/kg,,,,,,PENDIENTE,,PENDIENTE,,,,"DPV-013, DPV-026, DPV-024",Precio faltante = vacío (nunca 0); precio FOB por destino y categoría de acceso A–D (regla 17)
PV-017,pata_muslo_procesada,supermercados,INTERNO,PENDIENTE (refrigerado / congelado; DEC-005),USD/kg,,,,,,PENDIENTE,,PENDIENTE,,,,DPV-013,Precio faltante = vacío (nunca 0)
PV-018,pata_muslo_procesada,gastronomia,INTERNO,PENDIENTE (refrigerado / congelado; DEC-005),USD/kg,,,,,,PENDIENTE,,PENDIENTE,,,,DPV-013,Precio faltante = vacío (nunca 0)
PV-019,pata_muslo_procesada,industria,INTERNO,PENDIENTE (refrigerado / congelado; DEC-005),USD/kg,,,,,,PENDIENTE,,PENDIENTE,,,,DPV-013,Precio faltante = vacío (nunca 0)
PV-020,alas,supermercados,INTERNO,PENDIENTE (refrigerado / congelado; DEC-005),USD/kg,,,,,,PENDIENTE,,PENDIENTE,,,,DPV-070,Precio faltante = vacío (nunca 0)
PV-021,alas,mayoristas,INTERNO,PENDIENTE (refrigerado / congelado; DEC-005),USD/kg,,,,,,PENDIENTE,,PENDIENTE,,,,DPV-070,Precio faltante = vacío (nunca 0)
PV-022,alas,exportacion,EXPORTACION,PENDIENTE (refrigerado / congelado; DEC-005),USD/kg,,,,,,PENDIENTE,,PENDIENTE,,,,"DPV-070, DPV-026, DPV-024",Precio faltante = vacío (nunca 0); precio FOB por destino y categoría de acceso A–D (regla 17)
PV-023,carcasa_esqueleto,mayoristas,INTERNO,PENDIENTE (refrigerado / congelado; DEC-005),USD/kg,,,,,,PENDIENTE,,PENDIENTE,,,,DPV-070,Precio faltante = vacío (nunca 0)
PV-024,carcasa_esqueleto,industria,INTERNO,PENDIENTE (refrigerado / congelado; DEC-005),USD/kg,,,,,,PENDIENTE,,PENDIENTE,,,,DPV-070,Precio faltante = vacío (nunca 0)
PV-025,cms,industria,INTERNO,PENDIENTE (refrigerado / congelado; DEC-005),USD/kg,,,,,,PENDIENTE,,PENDIENTE,,,,DPV-071,Precio faltante = vacío (nunca 0)
PV-026,recortes_piel,industria,INTERNO,PENDIENTE (refrigerado / congelado; DEC-005),USD/kg,,,,,,PENDIENTE,,PENDIENTE,,,,DPV-071,Precio faltante = vacío (nunca 0)
PV-027,menudencias,supermercados,INTERNO,PENDIENTE (refrigerado / congelado; DEC-005),USD/kg,,,,,,PENDIENTE,,PENDIENTE,,,,DPV-070,Precio faltante = vacío (nunca 0)
PV-028,menudencias,mayoristas,INTERNO,PENDIENTE (refrigerado / congelado; DEC-005),USD/kg,,,,,,PENDIENTE,,PENDIENTE,,,,DPV-070,Precio faltante = vacío (nunca 0)
PV-029,menudencias,carnicerias_pollerias,INTERNO,PENDIENTE (refrigerado / congelado; DEC-005),USD/kg,,,,,,PENDIENTE,,PENDIENTE,,,,DPV-070,Precio faltante = vacío (nunca 0)
PV-030,menudencias,exportacion,EXPORTACION,PENDIENTE (refrigerado / congelado; DEC-005),USD/kg,,,,,,PENDIENTE,,PENDIENTE,,,,"DPV-070, DPV-026, DPV-024",Precio faltante = vacío (nunca 0); precio FOB por destino y categoría de acceso A–D (regla 17)
PV-031,cuello,mayoristas,INTERNO,PENDIENTE (refrigerado / congelado; DEC-005),USD/kg,,,,,,PENDIENTE,,PENDIENTE,,,,DPV-070,Precio faltante = vacío (nunca 0)
PV-032,cuello,carnicerias_pollerias,INTERNO,PENDIENTE (refrigerado / congelado; DEC-005),USD/kg,,,,,,PENDIENTE,,PENDIENTE,,,,DPV-070,Precio faltante = vacío (nunca 0)
PV-033,garras,mayoristas,INTERNO,PENDIENTE (refrigerado / congelado; DEC-005),USD/kg,,,,,,PENDIENTE,,PENDIENTE,,,,"DPV-064, DPV-077",Precio faltante = vacío (nunca 0)
PV-034,garras,exportacion,EXPORTACION,PENDIENTE (refrigerado / congelado; DEC-005),USD/kg,,,,,,PENDIENTE,,PENDIENTE,,,,"DPV-064, DPV-077, DPV-026, DPV-024",Precio faltante = vacío (nunca 0); precio FOB por destino y categoría de acceso A–D (regla 17)
PV-035,sangre,industria,INTERNO,PENDIENTE (refrigerado / congelado; DEC-005),USD/kg,,,,,,PENDIENTE,,PENDIENTE,,,,"DPV-072, DPV-076",Precio faltante = vacío (nunca 0)
PV-036,plumas,industria,INTERNO,PENDIENTE (refrigerado / congelado; DEC-005),USD/kg,,,,,,PENDIENTE,,PENDIENTE,,,,"DPV-072, DPV-076",Precio faltante = vacío (nunca 0)
PV-037,visceras,industria,INTERNO,PENDIENTE (refrigerado / congelado; DEC-005),USD/kg,,,,,,PENDIENTE,,PENDIENTE,,,,"DPV-072, DPV-076",Precio faltante = vacío (nunca 0)
PV-038,cabeza,industria,INTERNO,PENDIENTE (refrigerado / congelado; DEC-005),USD/kg,,,,,,PENDIENTE,,PENDIENTE,,,,"DPV-072, DPV-076",Precio faltante = vacío (nunca 0)
PV-039,huesos,industria,INTERNO,PENDIENTE (refrigerado / congelado; DEC-005),USD/kg,,,,,,PENDIENTE,,PENDIENTE,,,,"DPV-072, DPV-076",Precio faltante = vacío (nunca 0)
PV-040,otros_c,industria,INTERNO,PENDIENTE (refrigerado / congelado; DEC-005),USD/kg,,,,,,PENDIENTE,,PENDIENTE,,,,"DPV-072, DPV-076",Precio faltante = vacío (nunca 0)
PV-041,harinas_rendering,industria,INTERNO,PENDIENTE (refrigerado / congelado; DEC-005),USD/kg,,,,,,PENDIENTE,,PENDIENTE,,,,"DPV-065, DPV-076",Precio faltante = vacío (nunca 0)
PV-042,harinas_rendering,exportacion,EXPORTACION,PENDIENTE (refrigerado / congelado; DEC-005),USD/kg,,,,,,PENDIENTE,,PENDIENTE,,,,"DPV-065, DPV-076, DPV-026, DPV-024",Precio faltante = vacío (nunca 0); precio FOB por destino y categoría de acceso A–D (regla 17)
PV-REF-01,pollo_entero,mayoristas,INTERNO,"eviscerado, cajón 20 kg",ARS/kg,2847.5,ARS,2026-01,sin IVA,precio mayorista de mercado (no precio del proyecto),E4,FTE-004,REFERENCIA_E4_NO_USABLE,,,,"DPV-013, DPV-009",[PVDP] extracto (01_mercado §7.1); sin TC de la fecha; inconsistencia vivo vs mayorista sin resolver (DPV-013). NO se usa como precio
PV-REF-02,pollo_entero,exportacion,EXPORTACION,"carne aviar, promedio de todas las posiciones",USD/t,1050,USD,2026-02,no aplica,FOB promedio país (mix de productos y destinos),E4,FTE-032,REFERENCIA_E4_NO_USABLE,,,,"DPV-026, DPV-009",[PVDP · débil] promedio agregado (01_mercado §7.1): no es precio de un producto ni de un destino. NO se usa como precio
