CURVA,MES,UTILIZACION,MERMA,EFICIENCIA,COSTOS_EXTRA_USD_MES,ORIGEN,OBSERVACIONES
CONSERVADOR,1,0.25,,,,SUPUESTO_MODELO,"Utilización TÉCNICA de la capacidad operativa desde el mes indicado (escalón). Plantilla ilustrativa SIN fuente (SUP-19-09); no es curva definitiva (DEC-090). 1,0 = capacidad operativa de 23 (no implica ventas: la utilización efectiva = mín(técnica, comercial)). Merma, eficiencia y costos extra PENDIENTES"
CONSERVADOR,3,0.4,,,,SUPUESTO_MODELO,"Utilización TÉCNICA de la capacidad operativa desde el mes indicado (escalón). Plantilla ilustrativa SIN fuente (SUP-19-09); no es curva definitiva (DEC-090). 1,0 = capacidad operativa de 23 (no implica ventas: la utilización efectiva = mín(técnica, comercial)). Merma, eficiencia y costos extra PENDIENTES"
CONSERVADOR,6,0.55,,,,SUPUESTO_MODELO,"Utilización TÉCNICA de la capacidad operativa desde el mes indicado (escalón). Plantilla ilustrativa SIN fuente (SUP-19-09); no es curva definitiva (DEC-090). 1,0 = capacidad operativa de 23 (no implica ventas: la utilización efectiva = mín(técnica, comercial)). Merma, eficiencia y costos extra PENDIENTES"
CONSERVADOR,9,0.65,,,,SUPUESTO_MODELO,"Utilización TÉCNICA de la capacidad operativa desde el mes indicado (escalón). Plantilla ilustrativa SIN fuente (SUP-19-09); no es curva definitiva (DEC-090). 1,0 = capacidad operativa de 23 (no implica ventas: la utilización efectiva = mín(técnica, comercial)). Merma, eficiencia y costos extra PENDIENTES"
CONSERVADOR,12,0.75,,,,SUPUESTO_MODELO,"Utilización TÉCNICA de la capacidad operativa desde el mes indicado (escalón). Plantilla ilustrativa SIN fuente (SUP-19-09); no es curva definitiva (DEC-090). 1,0 = capacidad operativa de 23 (no implica ventas: la utilización efectiva = mín(técnica, comercial)). Merma, eficiencia y costos extra PENDIENTES"
CONSERVADOR,18,0.85,,,,SUPUESTO_MODELO,"Utilización TÉCNICA de la capacidad operativa desde el mes indicado (escalón). Plantilla ilustrativa SIN fuente (SUP-19-09); no es curva definitiva (DEC-090). 1,0 = capacidad operativa de 23 (no implica ventas: la utilización efectiva = mín(técnica, comercial)). Merma, eficiencia y costos extra PENDIENTES"
CONSERVADOR,24,1.0,,,,SUPUESTO_MODELO,"Utilización TÉCNICA de la capacidad operativa desde el mes indicado (escalón). Plantilla ilustrativa SIN fuente (SUP-19-09); no es curva definitiva (DEC-090). 1,0 = capacidad operativa de 23 (no implica ventas: la utilización efectiva = mín(técnica, comercial)). Merma, eficiencia y costos extra PENDIENTES"
BASE,1,0.35,,,,SUPUESTO_MODELO,"Utilización TÉCNICA de la capacidad operativa desde el mes indicado (escalón). Plantilla ilustrativa SIN fuente (SUP-19-09); no es curva definitiva (DEC-090). 1,0 = capacidad operativa de 23 (no implica ventas: la utilización efectiva = mín(técnica, comercial)). Merma, eficiencia y costos extra PENDIENTES"
BASE,3,0.55,,,,SUPUESTO_MODELO,"Utilización TÉCNICA de la capacidad operativa desde el mes indicado (escalón). Plantilla ilustrativa SIN fuente (SUP-19-09); no es curva definitiva (DEC-090). 1,0 = capacidad operativa de 23 (no implica ventas: la utilización efectiva = mín(técnica, comercial)). Merma, eficiencia y costos extra PENDIENTES"
BASE,6,0.7,,,,SUPUESTO_MODELO,"Utilización TÉCNICA de la capacidad operativa desde el mes indicado (escalón). Plantilla ilustrativa SIN fuente (SUP-19-09); no es curva definitiva (DEC-090). 1,0 = capacidad operativa de 23 (no implica ventas: la utilización efectiva = mín(técnica, comercial)). Merma, eficiencia y costos extra PENDIENTES"
BASE,9,0.8,,,,SUPUESTO_MODELO,"Utilización TÉCNICA de la capacidad operativa desde el mes indicado (escalón). Plantilla ilustrativa SIN fuente (SUP-19-09); no es curva definitiva (DEC-090). 1,0 = capacidad operativa de 23 (no implica ventas: la utilización efectiva = mín(técnica, comercial)). Merma, eficiencia y costos extra PENDIENTES"
BASE,12,0.9,,,,SUPUESTO_MODELO,"Utilización TÉCNICA de la capacidad operativa desde el mes indicado (escalón). Plantilla ilustrativa SIN fuente (SUP-19-09); no es curva definitiva (DEC-090). 1,0 = capacidad operativa de 23 (no implica ventas: la utilización efectiva = mín(técnica, comercial)). Merma, eficiencia y costos extra PENDIENTES"
BASE,18,1.0,,,,SUPUESTO_MODELO,"Utilización TÉCNICA de la capacidad operativa desde el mes indicado (escalón). Plantilla ilustrativa SIN fuente (SUP-19-09); no es curva definitiva (DEC-090). 1,0 = capacidad operativa de 23 (no implica ventas: la utilización efectiva = mín(técnica, comercial)). Merma, eficiencia y costos extra PENDIENTES"
RAPIDO,1,0.5,,,,SUPUESTO_MODELO,"Utilización TÉCNICA de la capacidad operativa desde el mes indicado (escalón). Plantilla ilustrativa SIN fuente (SUP-19-09); no es curva definitiva (DEC-090). 1,0 = capacidad operativa de 23 (no implica ventas: la utilización efectiva = mín(técnica, comercial)). Merma, eficiencia y costos extra PENDIENTES"
RAPIDO,2,0.7,,,,SUPUESTO_MODELO,"Utilización TÉCNICA de la capacidad operativa desde el mes indicado (escalón). Plantilla ilustrativa SIN fuente (SUP-19-09); no es curva definitiva (DEC-090). 1,0 = capacidad operativa de 23 (no implica ventas: la utilización efectiva = mín(técnica, comercial)). Merma, eficiencia y costos extra PENDIENTES"
RAPIDO,4,0.85,,,,SUPUESTO_MODELO,"Utilización TÉCNICA de la capacidad operativa desde el mes indicado (escalón). Plantilla ilustrativa SIN fuente (SUP-19-09); no es curva definitiva (DEC-090). 1,0 = capacidad operativa de 23 (no implica ventas: la utilización efectiva = mín(técnica, comercial)). Merma, eficiencia y costos extra PENDIENTES"
RAPIDO,6,0.95,,,,SUPUESTO_MODELO,"Utilización TÉCNICA de la capacidad operativa desde el mes indicado (escalón). Plantilla ilustrativa SIN fuente (SUP-19-09); no es curva definitiva (DEC-090). 1,0 = capacidad operativa de 23 (no implica ventas: la utilización efectiva = mín(técnica, comercial)). Merma, eficiencia y costos extra PENDIENTES"
RAPIDO,9,1.0,,,,SUPUESTO_MODELO,"Utilización TÉCNICA de la capacidad operativa desde el mes indicado (escalón). Plantilla ilustrativa SIN fuente (SUP-19-09); no es curva definitiva (DEC-090). 1,0 = capacidad operativa de 23 (no implica ventas: la utilización efectiva = mín(técnica, comercial)). Merma, eficiencia y costos extra PENDIENTES"
