PERFIL,NOMBRE_PERFIL,CRITERIO,PESO,OBSERVACIONES
A,MERCADO,DEMANDA,30,Perfil ilustrativo (SUP-12A-03): prioriza cercanía al consumo y a la distribución. No es el perfil recomendado
A,MERCADO,ECOSISTEMA_AVICOLA,4,v1.1 (auditoría): el peso de PRODUCCION_PRIMARIA (8) se separó en ECOSISTEMA_AVICOLA 4 + EXPOSICION_SANITARIA 3 + CLIMA 1
A,MERCADO,EXPOSICION_SANITARIA,3,
A,MERCADO,CLIMA,1,
A,MERCADO,ALIMENTO,5,
A,MERCADO,FAENA_INDUSTRIA,8,
A,MERCADO,AGUA,6,
A,MERCADO,EFLUENTES,6,
A,MERCADO,ENERGIA,6,
A,MERCADO,LOGISTICA,12,
A,MERCADO,EXPORTACION,4,
A,MERCADO,TERRENO,5,
A,MERCADO,NORMATIVA,5,
A,MERCADO,RRHH,5,
B,PRODUCCION,DEMANDA,8,Perfil ilustrativo (SUP-12A-03): prioriza producción primaria y alimento. No es el perfil recomendado
B,PRODUCCION,ECOSISTEMA_AVICOLA,13,v1.1 (auditoría): el peso de PRODUCCION_PRIMARIA (25) se separó en ECOSISTEMA_AVICOLA 13 + EXPOSICION_SANITARIA 9 + CLIMA 3
B,PRODUCCION,EXPOSICION_SANITARIA,9,
B,PRODUCCION,CLIMA,3,
B,PRODUCCION,ALIMENTO,15,
B,PRODUCCION,FAENA_INDUSTRIA,10,
B,PRODUCCION,AGUA,7,
B,PRODUCCION,EFLUENTES,7,
B,PRODUCCION,ENERGIA,7,
B,PRODUCCION,LOGISTICA,5,
B,PRODUCCION,EXPORTACION,3,
B,PRODUCCION,TERRENO,5,
B,PRODUCCION,NORMATIVA,4,
B,PRODUCCION,RRHH,4,
C,EQUILIBRADO,DEMANDA,12,Perfil ilustrativo (SUP-12A-03): reparto sin énfasis dominante. No es el perfil recomendado
C,EQUILIBRADO,ECOSISTEMA_AVICOLA,6,v1.1 (auditoría): el peso de PRODUCCION_PRIMARIA (12) se separó en ECOSISTEMA_AVICOLA 6 + EXPOSICION_SANITARIA 4 + CLIMA 2
C,EQUILIBRADO,EXPOSICION_SANITARIA,4,
C,EQUILIBRADO,CLIMA,2,
C,EQUILIBRADO,ALIMENTO,8,
C,EQUILIBRADO,FAENA_INDUSTRIA,9,
C,EQUILIBRADO,AGUA,8,
C,EQUILIBRADO,EFLUENTES,8,
C,EQUILIBRADO,ENERGIA,8,
C,EQUILIBRADO,LOGISTICA,9,
C,EQUILIBRADO,EXPORTACION,6,
C,EQUILIBRADO,TERRENO,8,
C,EQUILIBRADO,NORMATIVA,6,
C,EQUILIBRADO,RRHH,6,
D,EXPORTADOR,DEMANDA,8,Perfil adicional de sensibilidad (SUP-12A-03): prioriza condiciones para exportar. No es el perfil recomendado
D,EXPORTADOR,ECOSISTEMA_AVICOLA,6,v1.1 (auditoría): el peso de PRODUCCION_PRIMARIA (14) se separó en ECOSISTEMA_AVICOLA 6 + EXPOSICION_SANITARIA 6 + CLIMA 2
D,EXPORTADOR,EXPOSICION_SANITARIA,6,
D,EXPORTADOR,CLIMA,2,
D,EXPORTADOR,ALIMENTO,8,
D,EXPORTADOR,FAENA_INDUSTRIA,10,
D,EXPORTADOR,AGUA,7,
D,EXPORTADOR,EFLUENTES,7,
D,EXPORTADOR,ENERGIA,7,
D,EXPORTADOR,LOGISTICA,8,
D,EXPORTADOR,EXPORTACION,18,
D,EXPORTADOR,TERRENO,5,
D,EXPORTADOR,NORMATIVA,4,
D,EXPORTADOR,RRHH,4,
