MODO,PERFIL,NOMBRE_PERFIL,REGION,PROVINCIA,COBERTURA_DE_INFORMACION,PUNTAJE_MIN_FALTANTES_0,PUNTAJE_MAX_FALTANTES_1,PUNTAJE_SOBRE_INFORMACION_DISPONIBLE,FRACCION_SUBCRITERIOS_SIN_DATO,DATOS_PROVINCIALES_USADOS,ALERTA,ELEGIBLE_COB_60,ELEGIBLE_COB_75,ELEGIBLE_COB_90,POSICION,ESTADO_RANKING
estricto,A,MERCADO,BA-AMBA,Buenos Aires,0,0,1.0,,1.0,0,DEMASIADOS_DATOS_FALTANTES,NO,NO,NO,,NO_EMITIDO
estricto,A,MERCADO,BA-NORTE,Buenos Aires,0,0,1.0,,1.0,0,DEMASIADOS_DATOS_FALTANTES,NO,NO,NO,,NO_EMITIDO
estricto,A,MERCADO,BA-OESTE,Buenos Aires,0,0,1.0,,1.0,0,DEMASIADOS_DATOS_FALTANTES,NO,NO,NO,,NO_EMITIDO
estricto,A,MERCADO,BA-INTERIOR,Buenos Aires,0,0,1.0,,1.0,0,DEMASIADOS_DATOS_FALTANTES,NO,NO,NO,,NO_EMITIDO
estricto,A,MERCADO,ER-SUR,Entre Ríos,0,0,1.0,,1.0,0,DEMASIADOS_DATOS_FALTANTES,NO,NO,NO,,NO_EMITIDO
estricto,A,MERCADO,ER-URUGUAY,Entre Ríos,0,0,1.0,,1.0,0,DEMASIADOS_DATOS_FALTANTES,NO,NO,NO,,NO_EMITIDO
estricto,A,MERCADO,ER-CENTRO,Entre Ríos,0,0,1.0,,1.0,0,DEMASIADOS_DATOS_FALTANTES,NO,NO,NO,,NO_EMITIDO
estricto,A,MERCADO,SF-SUR,Santa Fe,0,0,1.0,,1.0,0,DEMASIADOS_DATOS_FALTANTES,NO,NO,NO,,NO_EMITIDO
estricto,A,MERCADO,SF-CENTRO,Santa Fe,0,0,1.0,,1.0,0,DEMASIADOS_DATOS_FALTANTES,NO,NO,NO,,NO_EMITIDO
estricto,A,MERCADO,CBA-SUR,Córdoba,0,0,1.0,,1.0,0,DEMASIADOS_DATOS_FALTANTES,NO,NO,NO,,NO_EMITIDO
estricto,A,MERCADO,CBA-ESTE,Córdoba,0,0,1.0,,1.0,0,DEMASIADOS_DATOS_FALTANTES,NO,NO,NO,,NO_EMITIDO
estricto,A,MERCADO,CH-ESTE,Chaco,0,0,1.0,,1.0,0,DEMASIADOS_DATOS_FALTANTES,NO,NO,NO,,NO_EMITIDO
estricto,A,MERCADO,CH-CENTRO,Chaco,0,0,1.0,,1.0,0,DEMASIADOS_DATOS_FALTANTES,NO,NO,NO,,NO_EMITIDO
estricto,B,PRODUCCION,BA-AMBA,Buenos Aires,0,0,1.0,,1.0,0,DEMASIADOS_DATOS_FALTANTES,NO,NO,NO,,NO_EMITIDO
estricto,B,PRODUCCION,BA-NORTE,Buenos Aires,0,0,1.0,,1.0,0,DEMASIADOS_DATOS_FALTANTES,NO,NO,NO,,NO_EMITIDO
estricto,B,PRODUCCION,BA-OESTE,Buenos Aires,0,0,1.0,,1.0,0,DEMASIADOS_DATOS_FALTANTES,NO,NO,NO,,NO_EMITIDO
estricto,B,PRODUCCION,BA-INTERIOR,Buenos Aires,0,0,1.0,,1.0,0,DEMASIADOS_DATOS_FALTANTES,NO,NO,NO,,NO_EMITIDO
estricto,B,PRODUCCION,ER-SUR,Entre Ríos,0,0,1.0,,1.0,0,DEMASIADOS_DATOS_FALTANTES,NO,NO,NO,,NO_EMITIDO
estricto,B,PRODUCCION,ER-URUGUAY,Entre Ríos,0,0,1.0,,1.0,0,DEMASIADOS_DATOS_FALTANTES,NO,NO,NO,,NO_EMITIDO
estricto,B,PRODUCCION,ER-CENTRO,Entre Ríos,0,0,1.0,,1.0,0,DEMASIADOS_DATOS_FALTANTES,NO,NO,NO,,NO_EMITIDO
estricto,B,PRODUCCION,SF-SUR,Santa Fe,0,0,1.0,,1.0,0,DEMASIADOS_DATOS_FALTANTES,NO,NO,NO,,NO_EMITIDO
estricto,B,PRODUCCION,SF-CENTRO,Santa Fe,0,0,1.0,,1.0,0,DEMASIADOS_DATOS_FALTANTES,NO,NO,NO,,NO_EMITIDO
estricto,B,PRODUCCION,CBA-SUR,Córdoba,0,0,1.0,,1.0,0,DEMASIADOS_DATOS_FALTANTES,NO,NO,NO,,NO_EMITIDO
estricto,B,PRODUCCION,CBA-ESTE,Córdoba,0,0,1.0,,1.0,0,DEMASIADOS_DATOS_FALTANTES,NO,NO,NO,,NO_EMITIDO
estricto,B,PRODUCCION,CH-ESTE,Chaco,0,0,1.0,,1.0,0,DEMASIADOS_DATOS_FALTANTES,NO,NO,NO,,NO_EMITIDO
estricto,B,PRODUCCION,CH-CENTRO,Chaco,0,0,1.0,,1.0,0,DEMASIADOS_DATOS_FALTANTES,NO,NO,NO,,NO_EMITIDO
estricto,C,EQUILIBRADO,BA-AMBA,Buenos Aires,0,0,1.0,,1.0,0,DEMASIADOS_DATOS_FALTANTES,NO,NO,NO,,NO_EMITIDO
estricto,C,EQUILIBRADO,BA-NORTE,Buenos Aires,0,0,1.0,,1.0,0,DEMASIADOS_DATOS_FALTANTES,NO,NO,NO,,NO_EMITIDO
estricto,C,EQUILIBRADO,BA-OESTE,Buenos Aires,0,0,1.0,,1.0,0,DEMASIADOS_DATOS_FALTANTES,NO,NO,NO,,NO_EMITIDO
estricto,C,EQUILIBRADO,BA-INTERIOR,Buenos Aires,0,0,1.0,,1.0,0,DEMASIADOS_DATOS_FALTANTES,NO,NO,NO,,NO_EMITIDO
estricto,C,EQUILIBRADO,ER-SUR,Entre Ríos,0,0,1.0,,1.0,0,DEMASIADOS_DATOS_FALTANTES,NO,NO,NO,,NO_EMITIDO
estricto,C,EQUILIBRADO,ER-URUGUAY,Entre Ríos,0,0,1.0,,1.0,0,DEMASIADOS_DATOS_FALTANTES,NO,NO,NO,,NO_EMITIDO
estricto,C,EQUILIBRADO,ER-CENTRO,Entre Ríos,0,0,1.0,,1.0,0,DEMASIADOS_DATOS_FALTANTES,NO,NO,NO,,NO_EMITIDO
estricto,C,EQUILIBRADO,SF-SUR,Santa Fe,0,0,1.0,,1.0,0,DEMASIADOS_DATOS_FALTANTES,NO,NO,NO,,NO_EMITIDO
estricto,C,EQUILIBRADO,SF-CENTRO,Santa Fe,0,0,1.0,,1.0,0,DEMASIADOS_DATOS_FALTANTES,NO,NO,NO,,NO_EMITIDO
estricto,C,EQUILIBRADO,CBA-SUR,Córdoba,0,0,1.0,,1.0,0,DEMASIADOS_DATOS_FALTANTES,NO,NO,NO,,NO_EMITIDO
estricto,C,EQUILIBRADO,CBA-ESTE,Córdoba,0,0,1.0,,1.0,0,DEMASIADOS_DATOS_FALTANTES,NO,NO,NO,,NO_EMITIDO
estricto,C,EQUILIBRADO,CH-ESTE,Chaco,0,0,1.0,,1.0,0,DEMASIADOS_DATOS_FALTANTES,NO,NO,NO,,NO_EMITIDO
estricto,C,EQUILIBRADO,CH-CENTRO,Chaco,0,0,1.0,,1.0,0,DEMASIADOS_DATOS_FALTANTES,NO,NO,NO,,NO_EMITIDO
estricto,D,EXPORTADOR,BA-AMBA,Buenos Aires,0,0,1.0,,1.0,0,DEMASIADOS_DATOS_FALTANTES,NO,NO,NO,,NO_EMITIDO
estricto,D,EXPORTADOR,BA-NORTE,Buenos Aires,0,0,1.0,,1.0,0,DEMASIADOS_DATOS_FALTANTES,NO,NO,NO,,NO_EMITIDO
estricto,D,EXPORTADOR,BA-OESTE,Buenos Aires,0,0,1.0,,1.0,0,DEMASIADOS_DATOS_FALTANTES,NO,NO,NO,,NO_EMITIDO
estricto,D,EXPORTADOR,BA-INTERIOR,Buenos Aires,0,0,1.0,,1.0,0,DEMASIADOS_DATOS_FALTANTES,NO,NO,NO,,NO_EMITIDO
estricto,D,EXPORTADOR,ER-SUR,Entre Ríos,0,0,1.0,,1.0,0,DEMASIADOS_DATOS_FALTANTES,NO,NO,NO,,NO_EMITIDO
estricto,D,EXPORTADOR,ER-URUGUAY,Entre Ríos,0,0,1.0,,1.0,0,DEMASIADOS_DATOS_FALTANTES,NO,NO,NO,,NO_EMITIDO
estricto,D,EXPORTADOR,ER-CENTRO,Entre Ríos,0,0,1.0,,1.0,0,DEMASIADOS_DATOS_FALTANTES,NO,NO,NO,,NO_EMITIDO
estricto,D,EXPORTADOR,SF-SUR,Santa Fe,0,0,1.0,,1.0,0,DEMASIADOS_DATOS_FALTANTES,NO,NO,NO,,NO_EMITIDO
estricto,D,EXPORTADOR,SF-CENTRO,Santa Fe,0,0,1.0,,1.0,0,DEMASIADOS_DATOS_FALTANTES,NO,NO,NO,,NO_EMITIDO
estricto,D,EXPORTADOR,CBA-SUR,Córdoba,0,0,1.0,,1.0,0,DEMASIADOS_DATOS_FALTANTES,NO,NO,NO,,NO_EMITIDO
estricto,D,EXPORTADOR,CBA-ESTE,Córdoba,0,0,1.0,,1.0,0,DEMASIADOS_DATOS_FALTANTES,NO,NO,NO,,NO_EMITIDO
estricto,D,EXPORTADOR,CH-ESTE,Chaco,0,0,1.0,,1.0,0,DEMASIADOS_DATOS_FALTANTES,NO,NO,NO,,NO_EMITIDO
estricto,D,EXPORTADOR,CH-CENTRO,Chaco,0,0,1.0,,1.0,0,DEMASIADOS_DATOS_FALTANTES,NO,NO,NO,,NO_EMITIDO
exploratorio,A,MERCADO,BA-AMBA,Buenos Aires,0.06,0.06,1.0,,0.9545,0,DEMASIADOS_DATOS_FALTANTES,NO,NO,NO,,NO_EMITIDO
exploratorio,A,MERCADO,BA-NORTE,Buenos Aires,0.06,0.0541,0.9941,,0.9545,0,DEMASIADOS_DATOS_FALTANTES,NO,NO,NO,,NO_EMITIDO
exploratorio,A,MERCADO,BA-OESTE,Buenos Aires,0.06,0.0543,0.9943,,0.9545,0,DEMASIADOS_DATOS_FALTANTES,NO,NO,NO,,NO_EMITIDO
exploratorio,A,MERCADO,BA-INTERIOR,Buenos Aires,0.06,0.0468,0.9868,,0.9545,0,DEMASIADOS_DATOS_FALTANTES,NO,NO,NO,,NO_EMITIDO
exploratorio,A,MERCADO,ER-SUR,Entre Ríos,0.06,0.0506,0.9906,,0.9773,0,DEMASIADOS_DATOS_FALTANTES,NO,NO,NO,,NO_EMITIDO
exploratorio,A,MERCADO,ER-URUGUAY,Entre Ríos,0.06,0.0457,0.9857,,0.9773,0,DEMASIADOS_DATOS_FALTANTES,NO,NO,NO,,NO_EMITIDO
exploratorio,A,MERCADO,ER-CENTRO,Entre Ríos,0.06,0.0377,0.9777,,0.9773,0,DEMASIADOS_DATOS_FALTANTES,NO,NO,NO,,NO_EMITIDO
exploratorio,A,MERCADO,SF-SUR,Santa Fe,0.06,0.0468,0.9868,,0.9773,0,DEMASIADOS_DATOS_FALTANTES,NO,NO,NO,,NO_EMITIDO
exploratorio,A,MERCADO,SF-CENTRO,Santa Fe,0.06,0.0366,0.9766,,0.9773,0,DEMASIADOS_DATOS_FALTANTES,NO,NO,NO,,NO_EMITIDO
exploratorio,A,MERCADO,CBA-SUR,Córdoba,0.06,0.0307,0.9707,,0.9773,0,DEMASIADOS_DATOS_FALTANTES,NO,NO,NO,,NO_EMITIDO
exploratorio,A,MERCADO,CBA-ESTE,Córdoba,0.06,0.0328,0.9728,,0.9773,0,DEMASIADOS_DATOS_FALTANTES,NO,NO,NO,,NO_EMITIDO
exploratorio,A,MERCADO,CH-ESTE,Chaco,0.06,0.0081,0.9481,,0.9773,0,DEMASIADOS_DATOS_FALTANTES,NO,NO,NO,,NO_EMITIDO
exploratorio,A,MERCADO,CH-CENTRO,Chaco,0.06,0.0,0.94,,0.9773,0,DEMASIADOS_DATOS_FALTANTES,NO,NO,NO,,NO_EMITIDO
exploratorio,B,PRODUCCION,BA-AMBA,Buenos Aires,0.016,0.016,1.0,,0.9545,0,DEMASIADOS_DATOS_FALTANTES,NO,NO,NO,,NO_EMITIDO
exploratorio,B,PRODUCCION,BA-NORTE,Buenos Aires,0.016,0.0144,0.9984,,0.9545,0,DEMASIADOS_DATOS_FALTANTES,NO,NO,NO,,NO_EMITIDO
exploratorio,B,PRODUCCION,BA-OESTE,Buenos Aires,0.016,0.0145,0.9985,,0.9545,0,DEMASIADOS_DATOS_FALTANTES,NO,NO,NO,,NO_EMITIDO
exploratorio,B,PRODUCCION,BA-INTERIOR,Buenos Aires,0.016,0.0125,0.9965,,0.9545,0,DEMASIADOS_DATOS_FALTANTES,NO,NO,NO,,NO_EMITIDO
exploratorio,B,PRODUCCION,ER-SUR,Entre Ríos,0.016,0.0135,0.9975,,0.9773,0,DEMASIADOS_DATOS_FALTANTES,NO,NO,NO,,NO_EMITIDO
exploratorio,B,PRODUCCION,ER-URUGUAY,Entre Ríos,0.016,0.0122,0.9962,,0.9773,0,DEMASIADOS_DATOS_FALTANTES,NO,NO,NO,,NO_EMITIDO
exploratorio,B,PRODUCCION,ER-CENTRO,Entre Ríos,0.016,0.01,0.994,,0.9773,0,DEMASIADOS_DATOS_FALTANTES,NO,NO,NO,,NO_EMITIDO
exploratorio,B,PRODUCCION,SF-SUR,Santa Fe,0.016,0.0125,0.9965,,0.9773,0,DEMASIADOS_DATOS_FALTANTES,NO,NO,NO,,NO_EMITIDO
exploratorio,B,PRODUCCION,SF-CENTRO,Santa Fe,0.016,0.0098,0.9938,,0.9773,0,DEMASIADOS_DATOS_FALTANTES,NO,NO,NO,,NO_EMITIDO
exploratorio,B,PRODUCCION,CBA-SUR,Córdoba,0.016,0.0082,0.9922,,0.9773,0,DEMASIADOS_DATOS_FALTANTES,NO,NO,NO,,NO_EMITIDO
exploratorio,B,PRODUCCION,CBA-ESTE,Córdoba,0.016,0.0088,0.9928,,0.9773,0,DEMASIADOS_DATOS_FALTANTES,NO,NO,NO,,NO_EMITIDO
exploratorio,B,PRODUCCION,CH-ESTE,Chaco,0.016,0.0022,0.9862,,0.9773,0,DEMASIADOS_DATOS_FALTANTES,NO,NO,NO,,NO_EMITIDO
exploratorio,B,PRODUCCION,CH-CENTRO,Chaco,0.016,0.0,0.984,,0.9773,0,DEMASIADOS_DATOS_FALTANTES,NO,NO,NO,,NO_EMITIDO
exploratorio,C,EQUILIBRADO,BA-AMBA,Buenos Aires,0.024,0.024,1.0,,0.9545,0,DEMASIADOS_DATOS_FALTANTES,NO,NO,NO,,NO_EMITIDO
exploratorio,C,EQUILIBRADO,BA-NORTE,Buenos Aires,0.024,0.0216,0.9976,,0.9545,0,DEMASIADOS_DATOS_FALTANTES,NO,NO,NO,,NO_EMITIDO
exploratorio,C,EQUILIBRADO,BA-OESTE,Buenos Aires,0.024,0.0217,0.9977,,0.9545,0,DEMASIADOS_DATOS_FALTANTES,NO,NO,NO,,NO_EMITIDO
exploratorio,C,EQUILIBRADO,BA-INTERIOR,Buenos Aires,0.024,0.0187,0.9947,,0.9545,0,DEMASIADOS_DATOS_FALTANTES,NO,NO,NO,,NO_EMITIDO
exploratorio,C,EQUILIBRADO,ER-SUR,Entre Ríos,0.024,0.0202,0.9962,,0.9773,0,DEMASIADOS_DATOS_FALTANTES,NO,NO,NO,,NO_EMITIDO
exploratorio,C,EQUILIBRADO,ER-URUGUAY,Entre Ríos,0.024,0.0183,0.9943,,0.9773,0,DEMASIADOS_DATOS_FALTANTES,NO,NO,NO,,NO_EMITIDO
exploratorio,C,EQUILIBRADO,ER-CENTRO,Entre Ríos,0.024,0.0151,0.9911,,0.9773,0,DEMASIADOS_DATOS_FALTANTES,NO,NO,NO,,NO_EMITIDO
exploratorio,C,EQUILIBRADO,SF-SUR,Santa Fe,0.024,0.0187,0.9947,,0.9773,0,DEMASIADOS_DATOS_FALTANTES,NO,NO,NO,,NO_EMITIDO
exploratorio,C,EQUILIBRADO,SF-CENTRO,Santa Fe,0.024,0.0146,0.9906,,0.9773,0,DEMASIADOS_DATOS_FALTANTES,NO,NO,NO,,NO_EMITIDO
exploratorio,C,EQUILIBRADO,CBA-SUR,Córdoba,0.024,0.0123,0.9883,,0.9773,0,DEMASIADOS_DATOS_FALTANTES,NO,NO,NO,,NO_EMITIDO
exploratorio,C,EQUILIBRADO,CBA-ESTE,Córdoba,0.024,0.0131,0.9891,,0.9773,0,DEMASIADOS_DATOS_FALTANTES,NO,NO,NO,,NO_EMITIDO
exploratorio,C,EQUILIBRADO,CH-ESTE,Chaco,0.024,0.0032,0.9792,,0.9773,0,DEMASIADOS_DATOS_FALTANTES,NO,NO,NO,,NO_EMITIDO
exploratorio,C,EQUILIBRADO,CH-CENTRO,Chaco,0.024,0.0,0.976,,0.9773,0,DEMASIADOS_DATOS_FALTANTES,NO,NO,NO,,NO_EMITIDO
exploratorio,D,EXPORTADOR,BA-AMBA,Buenos Aires,0.016,0.016,1.0,,0.9545,0,DEMASIADOS_DATOS_FALTANTES,NO,NO,NO,,NO_EMITIDO
exploratorio,D,EXPORTADOR,BA-NORTE,Buenos Aires,0.016,0.0144,0.9984,,0.9545,0,DEMASIADOS_DATOS_FALTANTES,NO,NO,NO,,NO_EMITIDO
exploratorio,D,EXPORTADOR,BA-OESTE,Buenos Aires,0.016,0.0145,0.9985,,0.9545,0,DEMASIADOS_DATOS_FALTANTES,NO,NO,NO,,NO_EMITIDO
exploratorio,D,EXPORTADOR,BA-INTERIOR,Buenos Aires,0.016,0.0125,0.9965,,0.9545,0,DEMASIADOS_DATOS_FALTANTES,NO,NO,NO,,NO_EMITIDO
exploratorio,D,EXPORTADOR,ER-SUR,Entre Ríos,0.016,0.0135,0.9975,,0.9773,0,DEMASIADOS_DATOS_FALTANTES,NO,NO,NO,,NO_EMITIDO
exploratorio,D,EXPORTADOR,ER-URUGUAY,Entre Ríos,0.016,0.0122,0.9962,,0.9773,0,DEMASIADOS_DATOS_FALTANTES,NO,NO,NO,,NO_EMITIDO
exploratorio,D,EXPORTADOR,ER-CENTRO,Entre Ríos,0.016,0.01,0.994,,0.9773,0,DEMASIADOS_DATOS_FALTANTES,NO,NO,NO,,NO_EMITIDO
exploratorio,D,EXPORTADOR,SF-SUR,Santa Fe,0.016,0.0125,0.9965,,0.9773,0,DEMASIADOS_DATOS_FALTANTES,NO,NO,NO,,NO_EMITIDO
exploratorio,D,EXPORTADOR,SF-CENTRO,Santa Fe,0.016,0.0098,0.9938,,0.9773,0,DEMASIADOS_DATOS_FALTANTES,NO,NO,NO,,NO_EMITIDO
exploratorio,D,EXPORTADOR,CBA-SUR,Córdoba,0.016,0.0082,0.9922,,0.9773,0,DEMASIADOS_DATOS_FALTANTES,NO,NO,NO,,NO_EMITIDO
exploratorio,D,EXPORTADOR,CBA-ESTE,Córdoba,0.016,0.0088,0.9928,,0.9773,0,DEMASIADOS_DATOS_FALTANTES,NO,NO,NO,,NO_EMITIDO
exploratorio,D,EXPORTADOR,CH-ESTE,Chaco,0.016,0.0022,0.9862,,0.9773,0,DEMASIADOS_DATOS_FALTANTES,NO,NO,NO,,NO_EMITIDO
exploratorio,D,EXPORTADOR,CH-CENTRO,Chaco,0.016,0.0,0.984,,0.9773,0,DEMASIADOS_DATOS_FALTANTES,NO,NO,NO,,NO_EMITIDO
